
         /\      Grafana   /?얄?  
    /\  /  \     |\  __   /  /   
   /  \/    \    | |/ /  /   ?얄? 
  /          \   |   (  |  (??  |
 / __________ \  |_|\_\  \_____/ 

     execution: local
        script: /scripts/waiting.js
        output: json (/results/raw.json)

     scenarios: (100.00%) 1 scenario, 20000 max VUs, 8m0s max duration (incl. graceful stop):
              * browsers: 100.00 iterations/s for 1m0s (maxVUs: 200-20000, exec: joinPoll, gracefulStop: 7m0s)

time="2026-09-13T02:31:22Z" level=info msg="TARGET_MEASUREMENT_START=1789266682380" source=console

running (0m00.9s), 00092/00200 VUs, 0 complete and 0 interrupted iterations
browsers   [   2% ] 00092/00200 VUs  0m00.9s/1m0s  100.00 iters/s

running (0m01.9s), 00178/00200 VUs, 14 complete and 0 interrupted iterations
browsers   [   3% ] 00178/00200 VUs  0m01.9s/1m0s  100.00 iters/s

running (0m02.9s), 00232/00232 VUs, 28 complete and 0 interrupted iterations
browsers   [   5% ] 00232/00232 VUs  0m02.9s/1m0s  100.00 iters/s

running (0m03.9s), 00276/00276 VUs, 40 complete and 0 interrupted iterations
browsers   [   7% ] 00276/00276 VUs  0m03.9s/1m0s  100.00 iters/s

running (0m04.9s), 00321/00321 VUs, 50 complete and 0 interrupted iterations
browsers   [   8% ] 00321/00321 VUs  0m04.9s/1m0s  100.00 iters/s

running (0m05.9s), 00371/00371 VUs, 50 complete and 0 interrupted iterations
browsers   [  10% ] 00371/00371 VUs  0m05.9s/1m0s  100.00 iters/s

running (0m06.9s), 00421/00421 VUs, 50 complete and 0 interrupted iterations
browsers   [  12% ] 00421/00421 VUs  0m06.9s/1m0s  100.00 iters/s

running (0m07.9s), 00471/00471 VUs, 50 complete and 0 interrupted iterations
browsers   [  13% ] 00471/00471 VUs  0m07.9s/1m0s  100.00 iters/s

running (0m08.9s), 00521/00521 VUs, 50 complete and 0 interrupted iterations
browsers   [  15% ] 00521/00521 VUs  0m08.9s/1m0s  100.00 iters/s

running (0m09.9s), 00570/00570 VUs, 50 complete and 0 interrupted iterations
browsers   [  17% ] 00570/00570 VUs  0m09.9s/1m0s  100.00 iters/s

running (0m10.9s), 00620/00620 VUs, 50 complete and 0 interrupted iterations
browsers   [  18% ] 00620/00620 VUs  0m10.9s/1m0s  100.00 iters/s

running (0m11.9s), 00665/00666 VUs, 59 complete and 0 interrupted iterations
browsers   [  20% ] 00665/00666 VUs  0m11.9s/1m0s  100.00 iters/s

running (0m12.9s), 00709/00710 VUs, 71 complete and 0 interrupted iterations
browsers   [  22% ] 00709/00710 VUs  0m12.9s/1m0s  100.00 iters/s

running (0m13.9s), 00754/00755 VUs, 81 complete and 0 interrupted iterations
browsers   [  23% ] 00754/00755 VUs  0m13.9s/1m0s  100.00 iters/s

running (0m14.9s), 00799/00800 VUs, 91 complete and 0 interrupted iterations
browsers   [  25% ] 00799/00800 VUs  0m14.9s/1m0s  100.00 iters/s

running (0m15.9s), 00841/00841 VUs, 100 complete and 0 interrupted iterations
browsers   [  27% ] 00841/00841 VUs  0m15.9s/1m0s  100.00 iters/s

running (0m16.9s), 00891/00891 VUs, 100 complete and 0 interrupted iterations
browsers   [  28% ] 00891/00891 VUs  0m16.9s/1m0s  100.00 iters/s

running (0m17.9s), 00939/00940 VUs, 103 complete and 0 interrupted iterations
browsers   [  30% ] 00939/00940 VUs  0m17.9s/1m0s  100.00 iters/s

running (0m18.9s), 00989/00990 VUs, 103 complete and 0 interrupted iterations
browsers   [  32% ] 00989/00990 VUs  0m18.9s/1m0s  100.00 iters/s

running (0m19.9s), 00460/01003 VUs, 719 complete and 0 interrupted iterations
browsers   [  33% ] 00460/01003 VUs  0m19.9s/1m0s  100.00 iters/s

running (0m21.0s), 00167/01003 VUs, 1113 complete and 0 interrupted iterations
browsers   [  35% ] 00167/01003 VUs  0m21.0s/1m0s  100.00 iters/s

running (0m21.9s), 00000/01003 VUs, 1379 complete and 0 interrupted iterations
browsers   [  37% ] 00000/01003 VUs  0m21.9s/1m0s  100.00 iters/s

running (0m22.9s), 00000/01003 VUs, 1479 complete and 0 interrupted iterations
browsers   [  38% ] 00000/01003 VUs  0m22.9s/1m0s  100.00 iters/s

running (0m23.9s), 00000/01003 VUs, 1579 complete and 0 interrupted iterations
browsers   [  40% ] 00000/01003 VUs  0m23.9s/1m0s  100.00 iters/s

running (0m24.9s), 00000/01003 VUs, 1679 complete and 0 interrupted iterations
browsers   [  42% ] 00000/01003 VUs  0m24.9s/1m0s  100.00 iters/s

running (0m25.9s), 00000/01003 VUs, 1779 complete and 0 interrupted iterations
browsers   [  43% ] 00000/01003 VUs  0m25.9s/1m0s  100.00 iters/s

running (0m26.9s), 00000/01003 VUs, 1879 complete and 0 interrupted iterations
browsers   [  45% ] 00000/01003 VUs  0m26.9s/1m0s  100.00 iters/s

running (0m27.9s), 00000/01003 VUs, 1979 complete and 0 interrupted iterations
browsers   [  47% ] 00000/01003 VUs  0m27.9s/1m0s  100.00 iters/s

running (0m28.9s), 00030/01003 VUs, 2049 complete and 0 interrupted iterations
browsers   [  48% ] 00030/01003 VUs  0m28.9s/1m0s  100.00 iters/s

running (0m29.9s), 00130/01003 VUs, 2049 complete and 0 interrupted iterations
browsers   [  50% ] 00130/01003 VUs  0m29.9s/1m0s  100.00 iters/s

running (0m30.9s), 00230/01003 VUs, 2049 complete and 0 interrupted iterations
browsers   [  52% ] 00230/01003 VUs  0m30.9s/1m0s  100.00 iters/s

running (0m31.9s), 00330/01003 VUs, 2049 complete and 0 interrupted iterations
browsers   [  53% ] 00330/01003 VUs  0m31.9s/1m0s  100.00 iters/s

running (0m32.9s), 00430/01003 VUs, 2049 complete and 0 interrupted iterations
browsers   [  55% ] 00430/01003 VUs  0m32.9s/1m0s  100.00 iters/s

running (0m33.9s), 00530/01003 VUs, 2049 complete and 0 interrupted iterations
browsers   [  57% ] 00530/01003 VUs  0m33.9s/1m0s  100.00 iters/s

running (0m34.9s), 00630/01003 VUs, 2049 complete and 0 interrupted iterations
browsers   [  58% ] 00630/01003 VUs  0m34.9s/1m0s  100.00 iters/s

running (0m35.9s), 00730/01003 VUs, 2049 complete and 0 interrupted iterations
browsers   [  60% ] 00730/01003 VUs  0m35.9s/1m0s  100.00 iters/s

running (0m36.9s), 00830/01003 VUs, 2049 complete and 0 interrupted iterations
browsers   [  62% ] 00830/01003 VUs  0m36.9s/1m0s  100.00 iters/s

running (0m37.9s), 00930/01003 VUs, 2049 complete and 0 interrupted iterations
browsers   [  63% ] 00930/01003 VUs  0m37.9s/1m0s  100.00 iters/s

running (0m38.9s), 01016/01017 VUs, 2049 complete and 0 interrupted iterations
browsers   [  65% ] 01016/01017 VUs  0m38.9s/1m0s  100.00 iters/s

running (0m39.9s), 01061/01061 VUs, 2049 complete and 0 interrupted iterations
browsers   [  67% ] 01061/01061 VUs  0m39.9s/1m0s  100.00 iters/s

running (0m40.9s), 01111/01111 VUs, 2049 complete and 0 interrupted iterations
browsers   [  68% ] 01111/01111 VUs  0m40.9s/1m0s  100.00 iters/s

running (0m41.9s), 01161/01161 VUs, 2049 complete and 0 interrupted iterations
browsers   [  70% ] 01161/01161 VUs  0m41.9s/1m0s  100.00 iters/s

running (0m42.9s), 01211/01211 VUs, 2049 complete and 0 interrupted iterations
browsers   [  72% ] 01211/01211 VUs  0m42.9s/1m0s  100.00 iters/s

running (0m43.9s), 01261/01261 VUs, 2049 complete and 0 interrupted iterations
browsers   [  73% ] 01261/01261 VUs  0m43.9s/1m0s  100.00 iters/s

running (0m44.9s), 01311/01311 VUs, 2049 complete and 0 interrupted iterations
browsers   [  75% ] 01311/01311 VUs  0m44.9s/1m0s  100.00 iters/s

running (0m45.9s), 01361/01361 VUs, 2049 complete and 0 interrupted iterations
browsers   [  77% ] 01361/01361 VUs  0m45.9s/1m0s  100.00 iters/s

running (0m46.9s), 01411/01411 VUs, 2049 complete and 0 interrupted iterations
browsers   [  78% ] 01411/01411 VUs  0m46.9s/1m0s  100.00 iters/s

running (0m47.9s), 01461/01461 VUs, 2049 complete and 0 interrupted iterations
browsers   [  80% ] 01461/01461 VUs  0m47.9s/1m0s  100.00 iters/s

running (0m48.9s), 01504/01504 VUs, 2049 complete and 0 interrupted iterations
browsers   [  82% ] 01504/01504 VUs  0m48.9s/1m0s  100.00 iters/s

running (0m49.9s), 01554/01554 VUs, 2049 complete and 0 interrupted iterations
browsers   [  83% ] 01554/01554 VUs  0m49.9s/1m0s  100.00 iters/s

running (0m50.9s), 01600/01600 VUs, 2057 complete and 0 interrupted iterations
browsers   [  85% ] 01600/01600 VUs  0m50.9s/1m0s  100.00 iters/s

running (0m51.9s), 01645/01645 VUs, 2067 complete and 0 interrupted iterations
browsers   [  87% ] 01645/01645 VUs  0m51.9s/1m0s  100.00 iters/s

running (0m52.9s), 01690/01690 VUs, 2077 complete and 0 interrupted iterations
browsers   [  88% ] 01690/01690 VUs  0m52.9s/1m0s  100.00 iters/s

running (0m53.9s), 01739/01740 VUs, 2078 complete and 0 interrupted iterations
browsers   [  90% ] 01739/01740 VUs  0m53.9s/1m0s  100.00 iters/s

running (0m54.9s), 01784/01785 VUs, 2088 complete and 0 interrupted iterations
browsers   [  92% ] 01784/01785 VUs  0m54.9s/1m0s  100.00 iters/s

running (0m55.9s), 01829/01829 VUs, 2099 complete and 0 interrupted iterations
browsers   [  93% ] 01829/01829 VUs  0m55.9s/1m0s  100.00 iters/s

running (0m56.9s), 01879/01879 VUs, 2099 complete and 0 interrupted iterations
browsers   [  95% ] 01879/01879 VUs  0m56.9s/1m0s  100.00 iters/s

running (0m57.9s), 01914/01914 VUs, 2099 complete and 0 interrupted iterations
browsers   [  97% ] 01914/01914 VUs  0m57.9s/1m0s  100.00 iters/s

running (0m58.9s), 01964/01964 VUs, 2099 complete and 0 interrupted iterations
browsers   [  98% ] 01964/01964 VUs  0m58.9s/1m0s  100.00 iters/s

running (0m59.9s), 02014/02014 VUs, 2099 complete and 0 interrupted iterations
browsers   [ 100% ] 02014/02014 VUs  0m59.9s/1m0s  100.00 iters/s

running (1m00.9s), 02011/02018 VUs, 2106 complete and 0 interrupted iterations
browsers ??[ 100% ] 02018/02018 VUs  1m0s  100.00 iters/s

running (1m01.9s), 02002/02018 VUs, 2115 complete and 0 interrupted iterations
browsers ??[ 100% ] 02018/02018 VUs  1m0s  100.00 iters/s

running (1m02.9s), 01991/02018 VUs, 2126 complete and 0 interrupted iterations
browsers ??[ 100% ] 02018/02018 VUs  1m0s  100.00 iters/s

running (1m03.9s), 01989/02018 VUs, 2128 complete and 0 interrupted iterations
browsers ??[ 100% ] 02018/02018 VUs  1m0s  100.00 iters/s

running (1m04.9s), 01982/02018 VUs, 2135 complete and 0 interrupted iterations
browsers ??[ 100% ] 02018/02018 VUs  1m0s  100.00 iters/s

running (1m05.9s), 01972/02018 VUs, 2145 complete and 0 interrupted iterations
browsers ??[ 100% ] 02018/02018 VUs  1m0s  100.00 iters/s

running (1m06.9s), 01968/02018 VUs, 2149 complete and 0 interrupted iterations
browsers ??[ 100% ] 02018/02018 VUs  1m0s  100.00 iters/s

running (1m08.0s), 01968/02018 VUs, 2149 complete and 0 interrupted iterations
browsers ??[ 100% ] 02018/02018 VUs  1m0s  100.00 iters/s

running (1m08.9s), 01968/02018 VUs, 2149 complete and 0 interrupted iterations
browsers ??[ 100% ] 02018/02018 VUs  1m0s  100.00 iters/s
time="2026-09-13T02:32:31Z" level=warning msg="Request Failed" error="Get \"http://nginx/api/admissions/ba1b7ce9d414eb2ae1db81fe6a0bb8f00c4581b98fdeb09c034415d178bd7824\": request timeout"
time="2026-09-13T02:32:31Z" level=warning msg="Request Failed" error="Get \"http://nginx/api/admissions/36cc406685b4a50e15ffe28b4cf8b9e8fe3b375a006693d10940668bb7337a79\": request timeout"
time="2026-09-13T02:32:31Z" level=warning msg="Request Failed" error="Get \"http://nginx/api/admissions/6fd30b6a35bb2d2439d846b0567dc39375cefd83c6eb4215092f26b166e1c686\": request timeout"
time="2026-09-13T02:32:31Z" level=warning msg="Request Failed" error="Get \"http://nginx/api/admissions/c249ea9638a6660b5bb16f24b5131af611a001fc85c80f0f65dca760957b966d\": request timeout"
time="2026-09-13T02:32:31Z" level=warning msg="Request Failed" error="Get \"http://nginx/api/admissions/ef78140e09f574bec921fdab33afac3241132e0fa4ef95f221326b8ffd617e99\": request timeout"
time="2026-09-13T02:32:31Z" level=warning msg="Request Failed" error="Get \"http://nginx/api/admissions/7e8e4ea4c4e22a264952cbdacee99ac17d81af25fa1001962ea179037d2e7524\": request timeout"
time="2026-09-13T02:32:31Z" level=warning msg="Request Failed" error="Get \"http://nginx/api/admissions/e751d5933b6f4ab0519ea3f42eba329b0c1c51816cd4ec23cfbe95fa13870331\": request timeout"
time="2026-09-13T02:32:31Z" level=warning msg="Request Failed" error="Get \"http://nginx/api/admissions/81bec139e563b2025ea0e11ace85d48513415fcbdac76a28f03571ed7d3bd5d0\": request timeout"
time="2026-09-13T02:32:31Z" level=warning msg="Request Failed" error="Get \"http://nginx/api/admissions/76526663cbd156c43d979c93a137a9301a3efd077e0ced67dce92bc54a0a8716\": request timeout"
time="2026-09-13T02:32:31Z" level=warning msg="Request Failed" error="Get \"http://nginx/api/admissions/e4422486a2c9fee02fe64a240ae3043b9f443151f7cbb8b72559b27e30c7b629\": request timeout"
time="2026-09-13T02:32:31Z" level=warning msg="Request Failed" error="Get \"http://nginx/api/admissions/75cfe45a521b57d9d2d811c17313b47cb476adbb473197faf74a9aede437cf63\": request timeout"
time="2026-09-13T02:32:31Z" level=warning msg="Request Failed" error="Get \"http://nginx/api/admissions/caca5ca9457c3f792023ff26f1af0b4e1a4f04cb8b1e2defea0e8517d9fb1502\": request timeout"
time="2026-09-13T02:32:31Z" level=warning msg="Request Failed" error="Get \"http://nginx/api/admissions/18582494e21c750834a2d1cf186635fd02fe7d4a9ca5930011b04e28a37b909f\": request timeout"
time="2026-09-13T02:32:31Z" level=warning msg="Request Failed" error="Get \"http://nginx/api/admissions/83aa33ea998e34475569d6b510a549662d31172322f1a33faf938c3e721db849\": request timeout"
time="2026-09-13T02:32:31Z" level=warning msg="Request Failed" error="Get \"http://nginx/api/admissions/3bdf56469dd76762a1f4f838081e54e2643103623eb5f29432153d2e48d8389d\": request timeout"
time="2026-09-13T02:32:31Z" level=warning msg="Request Failed" error="Get \"http://nginx/api/admissions/8f4f1e4cf1c4e505063f7e3df5155cd3c48f55340e8dcd9014e212e246285bec\": request timeout"
time="2026-09-13T02:32:31Z" level=warning msg="Request Failed" error="Get \"http://nginx/api/admissions/5351330b33d553144caa4bad7bc34cd7cb41dab8a672e1897238de2fae1cfc30\": request timeout"
time="2026-09-13T02:32:31Z" level=warning msg="Request Failed" error="Get \"http://nginx/api/admissions/233e81d24bd0134fa22241aaaaa45529bf3a0f7c87040fcab39bb71076b49323\": request timeout"
time="2026-09-13T02:32:31Z" level=warning msg="Request Failed" error="Get \"http://nginx/api/admissions/871c6cfaa31a5d95d9ec6f9201bdf80f1880928a66a133451172a2fa49cf46cc\": request timeout"
time="2026-09-13T02:32:31Z" level=warning msg="Request Failed" error="Get \"http://nginx/api/admissions/83545068f2228b8a5fc3556fed461f86991d9a52a57a7a3d6582aa0dc74b2be0\": request timeout"
time="2026-09-13T02:32:31Z" level=warning msg="Request Failed" error="Get \"http://nginx/api/admissions/4f01519a9cc1344cf364ff8a4d98eeaafce45e6de9e62329abc2f02664d9a057\": request timeout"
time="2026-09-13T02:32:31Z" level=warning msg="Request Failed" error="Get \"http://nginx/api/admissions/c9dc06fb9888ea5d46207269116170fdcd5f68e191b6007be5dc4cf3db270111\": request timeout"
time="2026-09-13T02:32:31Z" level=warning msg="Request Failed" error="Get \"http://nginx/api/admissions/600509cfc112d6ec9fc29fdf1b549457154baba9e50b1b4e381262fe24e5cafe\": request timeout"
time="2026-09-13T02:32:31Z" level=warning msg="Request Failed" error="Get \"http://nginx/api/admissions/c9dc1a89300858a78f357e06893aec5bdf60c3980e9888b9fb508b2bcc6fcbda\": request timeout"
time="2026-09-13T02:32:31Z" level=warning msg="Request Failed" error="Get \"http://nginx/api/admissions/2bcc6bc8541222654c33f4fa7b405d5e42f21df6e37dfce0444d3949a0bedfed\": request timeout"
time="2026-09-13T02:32:31Z" level=warning msg="Request Failed" error="Get \"http://nginx/api/admissions/61a855d959868b6384b1a89014a0cea77ba95abc86cdbd516b70fce3f7b2d013\": request timeout"
time="2026-09-13T02:32:31Z" level=warning msg="Request Failed" error="Get \"http://nginx/api/admissions/e17a2abcc5af9e1bf3fb3cd6ebc4728abdead74b213dd81c92ed6c75c32b7774\": request timeout"
time="2026-09-13T02:32:31Z" level=warning msg="Request Failed" error="Get \"http://nginx/api/admissions/a26c1e5fbad50af58019386d8b5c48fe4bf8968bf12d427aa0b6b56d2f75f33c\": request timeout"
time="2026-09-13T02:32:31Z" level=warning msg="Request Failed" error="Get \"http://nginx/api/admissions/36eb7982e09bed25c101fee614294913f7573284f0ad851ca631c081ae2e83ff\": request timeout"
time="2026-09-13T02:32:31Z" level=warning msg="Request Failed" error="Get \"http://nginx/api/admissions/c0051981550f69f0bd4734e9465efaad600803c43cc41f9dad0d568bf60ec0b8\": request timeout"
time="2026-09-13T02:32:31Z" level=warning msg="Request Failed" error="Get \"http://nginx/api/admissions/76f120c71bc4ae401a9fcf0f94e07b303e59d12f947ff49334495bce4e1a79d6\": request timeout"
time="2026-09-13T02:32:31Z" level=warning msg="Request Failed" error="Get \"http://nginx/api/admissions/7563322ecfeb82da7d2fa06ffc763d8d23fb4fc084de708c9f56d08e7fc39edd\": request timeout"
time="2026-09-13T02:32:31Z" level=warning msg="Request Failed" error="Get \"http://nginx/api/admissions/81171eac0267fdb1251d8d8fed9102db870f97b18b525e1b6dcb08b27e8ae7ff\": request timeout"
time="2026-09-13T02:32:31Z" level=warning msg="Request Failed" error="Get \"http://nginx/api/admissions/cacb6f2189deb0bb9600d3d7aa36fd60cdfa6dce3d877db155079b5322881a07\": request timeout"
time="2026-09-13T02:32:31Z" level=warning msg="Request Failed" error="Get \"http://nginx/api/admissions/b0f2334a94a52cc781e4dece187aaa84a5ef9d97b39add7c5976cd179d72a8af\": request timeout"
time="2026-09-13T02:32:31Z" level=warning msg="Request Failed" error="Get \"http://nginx/api/admissions/1e26fd3de6ab9a61805cfa47834490735ff32a34506217ecabf8ca19f6cd439a\": request timeout"
time="2026-09-13T02:32:31Z" level=warning msg="Request Failed" error="Get \"http://nginx/api/admissions/34adf6f94e0f2eadb7731e70500fdd11e379fd6d32c6ac1e09922b941997cc01\": request timeout"
time="2026-09-13T02:32:32Z" level=warning msg="Request Failed" error="Get \"http://nginx/api/admissions/00b6019e76ee5a6bd7bd5c3303062735788a784ad1b70a41fb3b9a48e39132c7\": request timeout"
time="2026-09-13T02:32:32Z" level=warning msg="Request Failed" error="Get \"http://nginx/api/admissions/a99241b6fb09c98cc426921da8e6654834b9c2ff024ed017d49de7e69e9370b7\": request timeout"
time="2026-09-13T02:32:32Z" level=warning msg="Request Failed" error="Get \"http://nginx/api/admissions/214089dfc3e29aa753264a96512659ac997757860fa6b53076aea55dfba564e8\": request timeout"
time="2026-09-13T02:32:32Z" level=warning msg="Request Failed" error="Get \"http://nginx/api/admissions/86d0e143eb8970386cfef48086018ab4a110d7dda213e4b1ba2b86d0cba3c594\": request timeout"
time="2026-09-13T02:32:32Z" level=warning msg="Request Failed" error="Get \"http://nginx/api/admissions/99de155b07dada92f67f019b712323942256e5999ad3513c703ba81afe4dfe66\": request timeout"
time="2026-09-13T02:32:32Z" level=warning msg="Request Failed" error="Get \"http://nginx/api/admissions/7a12867613025a85cbb31b906f10a47dca17b9fe48e5dbcfa147d0cc2d45cbd0\": request timeout"
time="2026-09-13T02:32:32Z" level=warning msg="Request Failed" error="Get \"http://nginx/api/admissions/c97dbd1b62d8aba0e7b831d007b89f0b073533fde8aed5090bcdea2e81449557\": request timeout"
time="2026-09-13T02:32:32Z" level=warning msg="Request Failed" error="Get \"http://nginx/api/admissions/6199b4bead1c21860f0514f7adb34362ed42c74eaa107b80d2fbd62f341ae2b6\": request timeout"
time="2026-09-13T02:32:32Z" level=warning msg="Request Failed" error="Get \"http://nginx/api/admissions/e7e690ffad0d616db6d7ee48a0c77ebc91c8ef883edea13db56662131e3813e2\": request timeout"
time="2026-09-13T02:32:32Z" level=warning msg="Request Failed" error="Get \"http://nginx/api/admissions/528dd059dd4776e5ae74dc1cf88565de6856929c774f360f947d8aa633ac91c9\": request timeout"
time="2026-09-13T02:32:32Z" level=warning msg="Request Failed" error="Get \"http://nginx/api/admissions/ef8a9967952f4da8d47d3f928b362816fd07e957156443851f2ccc966d71ef39\": request timeout"
time="2026-09-13T02:32:32Z" level=warning msg="Request Failed" error="Get \"http://nginx/api/admissions/4498fe67d8edf9a85c80b045c66dd75dcfd5cb87efc8f1e626febcc2c2f48e08\": request timeout"
time="2026-09-13T02:32:32Z" level=warning msg="Request Failed" error="Get \"http://nginx/api/admissions/637ee363c5629ced1185c8daf082701a61c6823880e36ad9ad3d399837fe88e9\": request timeout"
time="2026-09-13T02:32:32Z" level=warning msg="Request Failed" error="Get \"http://nginx/api/admissions/574d97d2a5b83df6f6d949a3788b2a5f13cb1d4dea90d3aa26c0acde18b0402c\": request timeout"
time="2026-09-13T02:32:32Z" level=warning msg="Request Failed" error="Get \"http://nginx/api/admissions/d80b16f69bb9f8b6b5c9ce41afe9701787c301376b6d3634ea97fad58a9be7fd\": request timeout"
time="2026-09-13T02:32:32Z" level=warning msg="Request Failed" error="Get \"http://nginx/api/admissions/e2d9e01b933c1614ed64c69a17139a5b37517d414b8eaea5c8a360ec82ba6e20\": request timeout"
time="2026-09-13T02:32:32Z" level=warning msg="Request Failed" error="Get \"http://nginx/api/admissions/413506738a0ef22b5ca49d435b525b2143cfc5100060ec60fcb08baeb162fe60\": request timeout"
time="2026-09-13T02:32:32Z" level=warning msg="Request Failed" error="Get \"http://nginx/api/admissions/9f9c48cbf951e4fc027b69d5e7a1d6fe0ffdd90347ea2236c015adbaa2e2aeef\": request timeout"
time="2026-09-13T02:32:32Z" level=warning msg="Request Failed" error="Get \"http://nginx/api/admissions/162cb6dc4ff9a60048830b5634c6d865c0584663e5b696f37f9ae753d6af4b5b\": request timeout"
time="2026-09-13T02:32:32Z" level=warning msg="Request Failed" error="Get \"http://nginx/api/admissions/e251392dcc837b656d0b635b6db51f4335784331cea7ad321cc7e8cf7692026e\": request timeout"
time="2026-09-13T02:32:32Z" level=warning msg="Request Failed" error="Get \"http://nginx/api/admissions/154a2c976418bf73d1f96fbecfd614d2ca6a0ce2e46f9b0c67695cf79be381b9\": request timeout"
time="2026-09-13T02:32:32Z" level=warning msg="Request Failed" error="Get \"http://nginx/api/admissions/f4eea0f207ff89655e2ed5dfbc775f3ba6173ee84328771461673da019ffdda5\": request timeout"
time="2026-09-13T02:32:32Z" level=warning msg="Request Failed" error="Get \"http://nginx/api/admissions/5a662321579672d02ad73f958094b255bf4ca2fd02297e378ed93388f102ce60\": request timeout"
time="2026-09-13T02:32:32Z" level=warning msg="Request Failed" error="Get \"http://nginx/api/admissions/70f154d58808855da5aa44d0f5f33c43df58bcaa39f272dc13a112fb2153cab9\": request timeout"
time="2026-09-13T02:32:32Z" level=warning msg="Request Failed" error="Get \"http://nginx/api/admissions/218453443a393cd8e9446f04654301a0c2eafbcafaac58739a943de44334ca06\": request timeout"
time="2026-09-13T02:32:32Z" level=warning msg="Request Failed" error="Get \"http://nginx/api/admissions/7bffe1fac09a8ef9d686f7e18a04df09a94ded489ea7142955cf108eed7ad2ae\": request timeout"
time="2026-09-13T02:32:32Z" level=warning msg="Request Failed" error="Get \"http://nginx/api/admissions/b34d36a5913118f76a3aa40cc83305fdbf716a25176d94228e5ed056d6b9f5fe\": request timeout"
time="2026-09-13T02:32:32Z" level=warning msg="Request Failed" error="Get \"http://nginx/api/admissions/f89d4640fbbc5c52987620ff4cc2d130b0013c855a9b7ee340ea231aa2951216\": request timeout"
time="2026-09-13T02:32:32Z" level=warning msg="Request Failed" error="Get \"http://nginx/api/admissions/1db7ea59e5f0b9579195782615911f3ad3459640a44798a3c29be3882f5a5385\": request timeout"

running (1m09.9s), 01968/02018 VUs, 2149 complete and 0 interrupted iterations
browsers ??[ 100% ] 02018/02018 VUs  1m0s  100.00 iters/s
time="2026-09-13T02:32:32Z" level=warning msg="Request Failed" error="Get \"http://nginx/api/admissions/d8f109f67139a31b993e2dac125136f25772531cdf3db374e47a11e07d594bff\": request timeout"
time="2026-09-13T02:32:32Z" level=warning msg="Request Failed" error="Get \"http://nginx/api/admissions/2e08dddd116ce52c67499f36d0075adc2532c99f004c86a9868daeda01091206\": request timeout"
time="2026-09-13T02:32:32Z" level=warning msg="Request Failed" error="Get \"http://nginx/api/admissions/efb72e6b54e499faf948a5aaea7506f8a73c7db21126841f75443a7d9b2ea23f\": request timeout"
time="2026-09-13T02:32:32Z" level=warning msg="Request Failed" error="Get \"http://nginx/api/admissions/73a02e5b00567c9ad1950c84ca586227a8f4c2ead97a990efa385bd44717c71c\": request timeout"
time="2026-09-13T02:32:32Z" level=warning msg="Request Failed" error="Get \"http://nginx/api/admissions/ba30b2658d67ff698ef55bbf98f448c77598b945814e24f99e59fe250708351e\": request timeout"
time="2026-09-13T02:32:32Z" level=warning msg="Request Failed" error="Get \"http://nginx/api/admissions/8474455660c01e668baee80861c9d171e564d3a7d83167eec980d43574cb1310\": request timeout"
time="2026-09-13T02:32:32Z" level=warning msg="Request Failed" error="Get \"http://nginx/api/admissions/c2c26847276b7be2b9a9565e0d8fa1674d6804f392a5af81a96f48acfeb0ede4\": request timeout"
time="2026-09-13T02:32:32Z" level=warning msg="Request Failed" error="Get \"http://nginx/api/admissions/dc9fb3269a4f98cece54be6df150b969be795e7d7f5face0d7c1d59cf29e20ea\": request timeout"
time="2026-09-13T02:32:32Z" level=warning msg="Request Failed" error="Get \"http://nginx/api/admissions/3eb2d899878c9a07793a6194dd4cebbc3f8d44003a144a0e5995d72440ef1852\": request timeout"
time="2026-09-13T02:32:32Z" level=warning msg="Request Failed" error="Get \"http://nginx/api/admissions/fc5b139fedef9d51b64875d9f7f8408b4ac74b650b6c274f53c868656bf61a55\": request timeout"
time="2026-09-13T02:32:32Z" level=warning msg="Request Failed" error="Get \"http://nginx/api/admissions/d19b7901568e74c6623f311762fb16333264f5e469118cdb935452b2d30e6915\": request timeout"
time="2026-09-13T02:32:32Z" level=warning msg="Request Failed" error="Get \"http://nginx/api/admissions/2df7214c6707484d2cdf594e627b3b991a171ef34395cd686313659a7b185be1\": request timeout"
time="2026-09-13T02:32:32Z" level=warning msg="Request Failed" error="Get \"http://nginx/api/admissions/40f65161885183171ff09917f4890bbe5ff2975a75eb9b2f1f36f39a308d3459\": request timeout"
time="2026-09-13T02:32:32Z" level=warning msg="Request Failed" error="Get \"http://nginx/api/admissions/96298e8257ba6a88a068e90e774bfb51a5d29ee1d245256ad0d3ad62d932e693\": request timeout"
time="2026-09-13T02:32:32Z" level=warning msg="Request Failed" error="Get \"http://nginx/api/admissions/66934ddb0d87b9fdfb8bb575a69fa34d53e923bb29d1c5249f8216dcaaf107d6\": request timeout"
time="2026-09-13T02:32:32Z" level=warning msg="Request Failed" error="Get \"http://nginx/api/admissions/dae242ba0617634587f77f4723c172eab2897167358608a98e25b75c10c98698\": request timeout"
time="2026-09-13T02:32:32Z" level=warning msg="Request Failed" error="Get \"http://nginx/api/admissions/07be8324496722a61e1d881714efae742172150e4a1c2018f06d5bfafa12c54b\": request timeout"
time="2026-09-13T02:32:32Z" level=warning msg="Request Failed" error="Get \"http://nginx/api/admissions/1adb88573513a358f5ed5474bf87325025bf9aaa6304e6800f5fa8200ce60e23\": request timeout"
time="2026-09-13T02:32:32Z" level=warning msg="Request Failed" error="Get \"http://nginx/api/admissions/1edace211fa86c5e2f9583c237e58c43985a6f9843fec6d87b0fc9895b0c24ea\": request timeout"
time="2026-09-13T02:32:32Z" level=warning msg="Request Failed" error="Get \"http://nginx/api/admissions/e5b1d3d2b502e5dc54c2c9cb3de99aa4591d5bf0ba6c47014b2e3b55476b4531\": request timeout"
time="2026-09-13T02:32:32Z" level=warning msg="Request Failed" error="Get \"http://nginx/api/admissions/dd5eb830f30160601db781b2d9952cac3bf35a318cfb9648048d7ed0030ced35\": request timeout"
time="2026-09-13T02:32:32Z" level=warning msg="Request Failed" error="Get \"http://nginx/api/admissions/800b22f750afad53f90ef60964b504cd74da708252159b5efe98ca425f0abad5\": request timeout"
time="2026-09-13T02:32:32Z" level=warning msg="Request Failed" error="Get \"http://nginx/api/admissions/cd0983eb626ccdb6b2bb2a4a27b7e0b5cf645dc35b371231654393fe13bc837d\": request timeout"
time="2026-09-13T02:32:32Z" level=warning msg="Request Failed" error="Get \"http://nginx/api/admissions/1fb1a5da42ceabd9f860c8fbcc2f0b3cf1433f3da8039892b96f160c6e8e026d\": request timeout"
time="2026-09-13T02:32:32Z" level=warning msg="Request Failed" error="Get \"http://nginx/api/admissions/aa521c454184df789bee5e28e3e9067cb3f71884dbffd62d4801cc761f50a5a2\": request timeout"
time="2026-09-13T02:32:32Z" level=warning msg="Request Failed" error="Get \"http://nginx/api/admissions/56d1971b15534a1974a6f48532bbc1f998cd7032754482c537cdac4d37721353\": request timeout"
time="2026-09-13T02:32:32Z" level=warning msg="Request Failed" error="Get \"http://nginx/api/admissions/38671617eafdb7b4429753bb16a35d11c982d8e0d65b936a1093837eb3e74d7b\": request timeout"
time="2026-09-13T02:32:32Z" level=warning msg="Request Failed" error="Get \"http://nginx/api/admissions/d8c2b265b3b9211680cadea1d78c98c400c0441a4f75bb5c2e6a4e8467512930\": request timeout"
time="2026-09-13T02:32:32Z" level=warning msg="Request Failed" error="Get \"http://nginx/api/admissions/2a5c1b8f3ef907c2f97aa7dfe515e7277a58e9d05ee624c55faf0e8fbcf03aca\": request timeout"
time="2026-09-13T02:32:32Z" level=warning msg="Request Failed" error="Get \"http://nginx/api/admissions/0e34a6387503566956db21d8fcfc783bf89126ad6d135547926d2451eb655b34\": request timeout"
time="2026-09-13T02:32:32Z" level=warning msg="Request Failed" error="Get \"http://nginx/api/admissions/5160b86a9c01386384811a2158d4cbae0407f70dfd69e2a941c2d08aa904aad1\": request timeout"
time="2026-09-13T02:32:32Z" level=warning msg="Request Failed" error="Get \"http://nginx/api/admissions/55b14f40d1b4e7104a1377d742fa095a0bb99da02dc4f03bcb5a5f79232b90b9\": request timeout"
time="2026-09-13T02:32:32Z" level=warning msg="Request Failed" error="Get \"http://nginx/api/admissions/990a5c272884b8f77e2f23388bfc1cae372f7c2e9ce0c61abddefe1eeff6368e\": request timeout"
time="2026-09-13T02:32:32Z" level=warning msg="Request Failed" error="Get \"http://nginx/api/admissions/215df9b9e57c099c59f0a54c9eb9de64e7d8a7f97625e1a3e50bbebb4aac56a3\": request timeout"
time="2026-09-13T02:32:32Z" level=warning msg="Request Failed" error="Get \"http://nginx/api/admissions/c348bf87b8334cb40e710fb93aa2d977283a92c472fb6c2c61a54e9481bd1df8\": request timeout"
time="2026-09-13T02:32:32Z" level=warning msg="Request Failed" error="Get \"http://nginx/api/admissions/cca9e268c684a4f3abc9e5cae95653b2994636be1cc74e0726ff8d08d24d91b6\": request timeout"
time="2026-09-13T02:32:32Z" level=warning msg="Request Failed" error="Get \"http://nginx/api/admissions/ae1088dacc0e25624d0f1c70280025e068cd7b894926d328c2f187e70e167168\": request timeout"
time="2026-09-13T02:32:32Z" level=warning msg="Request Failed" error="Get \"http://nginx/api/admissions/841f32639aa1f9419742ecfdca54b796736de8fc82f3a9d0a68ecc10f0072d2b\": request timeout"
time="2026-09-13T02:32:32Z" level=warning msg="Request Failed" error="Get \"http://nginx/api/admissions/1b3f9770412eced894f19b327648dc451f9ca39c565e8d09860065beceb98928\": request timeout"
time="2026-09-13T02:32:32Z" level=warning msg="Request Failed" error="Get \"http://nginx/api/admissions/7402bf0fb0e8b41393cf0341757224adbac22d247d7ecd4844179d1b23ebc87f\": request timeout"
time="2026-09-13T02:32:32Z" level=warning msg="Request Failed" error="Get \"http://nginx/api/admissions/9a7417057be0a699383acdfe81500b3568b1434a74ab4daee1af005c06edc6dd\": request timeout"
time="2026-09-13T02:32:32Z" level=warning msg="Request Failed" error="Get \"http://nginx/api/admissions/b7986cb1a108ead96f63f1bfe39efed4fecd41c766913f40c5d47c1a5fdab807\": request timeout"
time="2026-09-13T02:32:32Z" level=warning msg="Request Failed" error="Get \"http://nginx/api/admissions/c1fd65298accf7f993ef7720c80dd587778873b14eed9774d28fb908b8aefd20\": request timeout"
time="2026-09-13T02:32:32Z" level=warning msg="Request Failed" error="Get \"http://nginx/api/admissions/dbfb11202deed12c2ff4cb06f948495484706523db22ac58899c8873bcb4641e\": request timeout"
time="2026-09-13T02:32:32Z" level=warning msg="Request Failed" error="Get \"http://nginx/api/admissions/c2598342d6ce3578b40eb2d8d65f6c135d7587c29038945f22769995cf749489\": request timeout"
time="2026-09-13T02:32:32Z" level=warning msg="Request Failed" error="Get \"http://nginx/api/admissions/c41bf6e20661608713015e0385b069db177f5503df256edf5df95e611b675a5b\": request timeout"
time="2026-09-13T02:32:32Z" level=warning msg="Request Failed" error="Get \"http://nginx/api/admissions/a3bd9912dc6e09b6472c7fab1e8503be62126c4a4740799d490ed2378c6fbe83\": request timeout"
time="2026-09-13T02:32:32Z" level=warning msg="Request Failed" error="Get \"http://nginx/api/admissions/dee1d4cae66c8460076cd76ad92c1091ac11c875089ee2ad603476982c1c53c0\": request timeout"
time="2026-09-13T02:32:32Z" level=warning msg="Request Failed" error="Get \"http://nginx/api/admissions/968df357e428824370c0c08041efbce76233ef40cb97253df729516a8bc7d947\": request timeout"
time="2026-09-13T02:32:32Z" level=warning msg="Request Failed" error="Get \"http://nginx/api/admissions/360473bde313ebc2a2175f5c9a4241d612d7f263cb0f67d38a061d815a16742a\": request timeout"
time="2026-09-13T02:32:32Z" level=warning msg="Request Failed" error="Get \"http://nginx/api/admissions/3ed0c1dc1c037f081ea1889ef68e472230fbe3162db72e1bf1e836b2ad7d4d26\": request timeout"
time="2026-09-13T02:32:32Z" level=warning msg="Request Failed" error="Get \"http://nginx/api/admissions/df15c85552b3128dd147f81710f0d41753bdac631913d920bd5946c2a9d41a78\": request timeout"
time="2026-09-13T02:32:32Z" level=warning msg="Request Failed" error="Get \"http://nginx/api/admissions/4316ff384554b933e021a3c1a9f0fca3bf09b72a05072f7e85dae629d9694a76\": request timeout"
time="2026-09-13T02:32:32Z" level=warning msg="Request Failed" error="Get \"http://nginx/api/admissions/c1d3252a2efb7e195e9239ecdce48cc69c83306439118743a3b3273b3f2c5f78\": request timeout"
time="2026-09-13T02:32:32Z" level=warning msg="Request Failed" error="Get \"http://nginx/api/admissions/5a2ec25c73ce51476283f7a8af26e5167bc2bba117a5e2a18766eea3fd5900be\": request timeout"
time="2026-09-13T02:32:32Z" level=warning msg="Request Failed" error="Get \"http://nginx/api/admissions/ea7304c1fbcff2ab678de32355abe92b7ea0d9c2825ad75345959879261d5f0b\": request timeout"
time="2026-09-13T02:32:32Z" level=warning msg="Request Failed" error="Get \"http://nginx/api/admissions/14cb33dd191dc5e9ddcd74399589308c269f11a118c7a26691f98769a47d7503\": request timeout"
time="2026-09-13T02:32:32Z" level=warning msg="Request Failed" error="Get \"http://nginx/api/admissions/e20b7d971f1610a310e0a415b4bac1e7b7e8db407e81768822c37054969795aa\": request timeout"
time="2026-09-13T02:32:32Z" level=warning msg="Request Failed" error="Get \"http://nginx/api/admissions/4c85e2e77ba78cff9806b82fe5931092e6c98254e9c1f3ef57566f9cbd7f40c7\": request timeout"
time="2026-09-13T02:32:32Z" level=warning msg="Request Failed" error="Get \"http://nginx/api/admissions/c790137c8cb72e7563aaead6e0615a52bb77b70d799fb3c287163652cdc808ce\": request timeout"
time="2026-09-13T02:32:32Z" level=warning msg="Request Failed" error="Get \"http://nginx/api/admissions/1df10aee0c60512b03c58dee71321c50eef3e1e202375944127ee24c41b4bd33\": request timeout"
time="2026-09-13T02:32:32Z" level=warning msg="Request Failed" error="Get \"http://nginx/api/admissions/c3565d0a3cbc85d4e83e5b81f40e78db6312322f5c057a19cc696286b69f4e6f\": request timeout"
time="2026-09-13T02:32:32Z" level=warning msg="Request Failed" error="Get \"http://nginx/api/admissions/875b9fe37ec9e745ddaab6ee9212b61a2419f2239cb5ee4c0d0f77abbe2f9a11\": request timeout"
time="2026-09-13T02:32:32Z" level=warning msg="Request Failed" error="Get \"http://nginx/api/admissions/9d07143f0fb8b0b422d9a2e1f17efbf253e720710fe38acce13d28b53e02d505\": request timeout"
time="2026-09-13T02:32:32Z" level=warning msg="Request Failed" error="Get \"http://nginx/api/admissions/57c7eb04d7b7586d18d87fb914bd2479dc4e253de11352a2f7e26fc2881553f9\": request timeout"
time="2026-09-13T02:32:32Z" level=warning msg="Request Failed" error="Get \"http://nginx/api/admissions/619c2c687d583d2f63d7d7eb33cdf69bc41b88fe6766d301ff3484f2dccab90a\": request timeout"
time="2026-09-13T02:32:32Z" level=warning msg="Request Failed" error="Get \"http://nginx/api/admissions/4a59c6275020a672cc1fd89c903aa66fb017c51d7719f35e91d0837fc31b274e\": request timeout"
time="2026-09-13T02:32:32Z" level=warning msg="Request Failed" error="Get \"http://nginx/api/admissions/009350e047c2bc553b57c44c203528a2b5ed526c29faf82df23c0eab90701fd9\": request timeout"
time="2026-09-13T02:32:33Z" level=warning msg="Request Failed" error="Get \"http://nginx/api/admissions/e46bc7cc5c4391d36788254f85d6cfec461663d275a968e876f13a38afd1950c\": request timeout"
time="2026-09-13T02:32:33Z" level=warning msg="Request Failed" error="Get \"http://nginx/api/admissions/8dbbc656cecd7fe7276edea7eb7546b3b8ffdf789e436f4d5e93daeb129aa364\": request timeout"
time="2026-09-13T02:32:33Z" level=warning msg="Request Failed" error="Get \"http://nginx/api/admissions/41ab44013519ccbfb3502425a14198fe71467e2b1c75c0c5ab654f0142d993d1\": request timeout"
time="2026-09-13T02:32:33Z" level=warning msg="Request Failed" error="Get \"http://nginx/api/admissions/16e582ead268d7b6d4984eaa9be6c3dab0715a510a990377b18e0849b8894ebf\": request timeout"
time="2026-09-13T02:32:33Z" level=warning msg="Request Failed" error="Get \"http://nginx/api/admissions/e7081561cd79d2f83e657f28867535901e09578f6b9b2b42a2185d43312def3e\": request timeout"
time="2026-09-13T02:32:33Z" level=warning msg="Request Failed" error="Get \"http://nginx/api/admissions/b61dfe9762dd66185ca77c1e0fb474c52e7f4d548544c11334d391be6bfe5011\": request timeout"
time="2026-09-13T02:32:33Z" level=warning msg="Request Failed" error="Get \"http://nginx/api/admissions/0c61203d900ac2b9d7e4505345b2f1201c123726f3264c2688d06faabaf63710\": request timeout"
time="2026-09-13T02:32:33Z" level=warning msg="Request Failed" error="Get \"http://nginx/api/admissions/807f6c06aaf00000517ed9eae5d617e34aab940a368341716af1314ca6cd95f1\": request timeout"
time="2026-09-13T02:32:33Z" level=warning msg="Request Failed" error="Get \"http://nginx/api/admissions/c7f1ea71239a984edf33b48ee865d9354430a918fc36b5b2a1e3802da4a82b59\": request timeout"
time="2026-09-13T02:32:33Z" level=warning msg="Request Failed" error="Get \"http://nginx/api/admissions/041e41397e2cd0c60b310aee621a28e4ae4a8f7f1763ec9511dfed04bb280ff0\": request timeout"
time="2026-09-13T02:32:33Z" level=warning msg="Request Failed" error="Get \"http://nginx/api/admissions/1617774fea4082253673f0ccdb75590ce9f160303409d2fbcf219fe5f8a8b76d\": request timeout"
time="2026-09-13T02:32:33Z" level=warning msg="Request Failed" error="Get \"http://nginx/api/admissions/625dd117eaede7fa1a0dd4b1849840277e72afd1e705feaa70459fdcb15b9949\": request timeout"
time="2026-09-13T02:32:33Z" level=warning msg="Request Failed" error="Get \"http://nginx/api/admissions/698a2e43eb43f4a246260fa644eea5d871d1d1f0d9120aca4875eb1d87c68975\": request timeout"
time="2026-09-13T02:32:33Z" level=warning msg="Request Failed" error="Get \"http://nginx/api/admissions/20791ec4f580b51da415886768ef74034c4de4bc66cca473ceb8f41d45cdb6dd\": request timeout"
time="2026-09-13T02:32:33Z" level=warning msg="Request Failed" error="Get \"http://nginx/api/admissions/12c649440ee507f26518c600b42d8a9788fc6000f03fc48a09ad701091143019\": request timeout"
time="2026-09-13T02:32:33Z" level=warning msg="Request Failed" error="Get \"http://nginx/api/admissions/8c3f601c98c40e06cceafa0922c68134d4b34c3527a9f934fda12f9a2b5957f6\": request timeout"
time="2026-09-13T02:32:33Z" level=warning msg="Request Failed" error="Get \"http://nginx/api/admissions/a3b61fc666e3f33d18adf7fc5fd02220c3ab316d6afd187d3b506c9f08fd8c93\": request timeout"
time="2026-09-13T02:32:33Z" level=warning msg="Request Failed" error="Get \"http://nginx/api/admissions/8689944b4f88981a850654deb0cabcba34093be141b999e6f8285e983bbe6db6\": request timeout"
time="2026-09-13T02:32:33Z" level=warning msg="Request Failed" error="Get \"http://nginx/api/admissions/5ce373fb4305f2cdb6ee4506c0dd43b65dbf5af5d7180d29e74210d6e9c8badd\": request timeout"
time="2026-09-13T02:32:33Z" level=warning msg="Request Failed" error="Get \"http://nginx/api/admissions/e931ee046de0396da6656b4b4d4eed05b5d1b4022dcf0d683a02dcedb7493436\": request timeout"
time="2026-09-13T02:32:33Z" level=warning msg="Request Failed" error="Get \"http://nginx/api/admissions/99fa78a74099e9d597b0910c28a30dbce12af42dc85f18519615d2ed1d317e4c\": request timeout"
time="2026-09-13T02:32:33Z" level=warning msg="Request Failed" error="Get \"http://nginx/api/admissions/af659a32d5485eb17f917c36167e6376ba9565dae230a84d0089e65c5c44e290\": request timeout"
time="2026-09-13T02:32:33Z" level=warning msg="Request Failed" error="Get \"http://nginx/api/admissions/0252d58c80981ad7ccae5b4e9b1e08e7ad5fd8cb759cea02b7a6033afd8541b7\": request timeout"

running (1m10.9s), 01964/02018 VUs, 2153 complete and 0 interrupted iterations
browsers ??[ 100% ] 02018/02018 VUs  1m0s  100.00 iters/s
time="2026-09-13T02:32:33Z" level=warning msg="Request Failed" error="Get \"http://nginx/api/admissions/91aa2f31dacb2109f881f7b03a774180c378171b83f08fa7c243ad8735bd7af0\": request timeout"
time="2026-09-13T02:32:33Z" level=warning msg="Request Failed" error="Get \"http://nginx/api/admissions/4e790dea1d5056a668db0e2ffebed3844c865b308dc9b457ff47dd6bc63bac06\": request timeout"
time="2026-09-13T02:32:33Z" level=warning msg="Request Failed" error="Get \"http://nginx/api/admissions/6b8fef48eb9a92194a3f464bc2f9986165115e9e7eb1d8fa0d33d49d509b081f\": request timeout"
time="2026-09-13T02:32:33Z" level=warning msg="Request Failed" error="Get \"http://nginx/api/admissions/f2df2330893338b6ceb047e47984a0eb6a117eaa4b3f095d8eb92c7e79602998\": request timeout"
time="2026-09-13T02:32:33Z" level=warning msg="Request Failed" error="Get \"http://nginx/api/admissions/11d78f260ea2299d211b38ce2328cae28374045d9319c8d49f18de072206c8b7\": request timeout"
time="2026-09-13T02:32:33Z" level=warning msg="Request Failed" error="Get \"http://nginx/api/admissions/29770992c6781e4815da4aec2e8d82af52d4425e9f9d504dc84566bba220dccd\": request timeout"
time="2026-09-13T02:32:33Z" level=warning msg="Request Failed" error="Get \"http://nginx/api/admissions/5a5a49e08f71ec345817363cf097329d1cdc40efbd9ceeda07e614f911ce8f46\": request timeout"
time="2026-09-13T02:32:33Z" level=warning msg="Request Failed" error="Get \"http://nginx/api/admissions/33d3e4c3de3896b9693b8e13dbbb04b2430f86f0e2fba533f6ca7dea279e87a3\": request timeout"
time="2026-09-13T02:32:33Z" level=warning msg="Request Failed" error="Get \"http://nginx/api/admissions/b01ab1b5ded38c7c89e40140095a851194302ce1caf75779489691d8c888fb7a\": request timeout"
time="2026-09-13T02:32:33Z" level=warning msg="Request Failed" error="Get \"http://nginx/api/admissions/73a2e46ccb5cf0daba94c6bc1590c9b6630c01ef2dd9b1768e8c3c183c3cc447\": request timeout"
time="2026-09-13T02:32:33Z" level=warning msg="Request Failed" error="Get \"http://nginx/api/admissions/0a2c0fb991613430f852bec1550660e3e2cb742e4eaa838e70b47021e8fa75a9\": request timeout"
time="2026-09-13T02:32:33Z" level=warning msg="Request Failed" error="Get \"http://nginx/api/admissions/a1d709a7a2efd2890dd29985dc53f21411a6563036ae2c4d778d742bf9de7d2d\": request timeout"
time="2026-09-13T02:32:33Z" level=warning msg="Request Failed" error="Get \"http://nginx/api/admissions/72f9cf1e0ac287568947270a96d2dd05ef135bb2edad19b300ba616a17710dd7\": request timeout"
time="2026-09-13T02:32:33Z" level=warning msg="Request Failed" error="Get \"http://nginx/api/admissions/b4d0d810e2e070bae48dae1d9d6f2d4e5ec48b3539023c40809c001b1d12f5f3\": request timeout"
time="2026-09-13T02:32:33Z" level=warning msg="Request Failed" error="Get \"http://nginx/api/admissions/26d57036144e62c38f9117263779bebfebed521de449dfc27ac689a1ba22323d\": request timeout"
time="2026-09-13T02:32:33Z" level=warning msg="Request Failed" error="Get \"http://nginx/api/admissions/74f7bdff2e30e14982b484c59c446fb418a0d1696831a1c8aed0712411c9410e\": request timeout"
time="2026-09-13T02:32:33Z" level=warning msg="Request Failed" error="Get \"http://nginx/api/admissions/ac80ac868b2ceb647773aecfe5d9a338f1a4dff51a127e0570ac65b759f7abb1\": request timeout"
time="2026-09-13T02:32:33Z" level=warning msg="Request Failed" error="Get \"http://nginx/api/admissions/a53143c285a0f3b73469b11728f897f704c39a2aabfab465ae791567ecf4155d\": request timeout"
time="2026-09-13T02:32:33Z" level=warning msg="Request Failed" error="Get \"http://nginx/api/admissions/c4d2cf22871a1b21e7ceddd05bf8358bf535003b927fc64b8bcf4df821d801a2\": request timeout"
time="2026-09-13T02:32:33Z" level=warning msg="Request Failed" error="Get \"http://nginx/api/admissions/922e9664cd2f0cbcf670d1a3e6288efacf72c71e5761bab5726ff524bc147efb\": request timeout"
time="2026-09-13T02:32:33Z" level=warning msg="Request Failed" error="Get \"http://nginx/api/admissions/32a8f9832753bc51a0c2bf7dd060429c831f3101e50236c42d22325880ca4ca1\": request timeout"
time="2026-09-13T02:32:33Z" level=warning msg="Request Failed" error="Get \"http://nginx/api/admissions/8bb28b66008b477533635b5bcad47c3b79193aa29cb9f4245d189a0b8a0fb19b\": request timeout"
time="2026-09-13T02:32:33Z" level=warning msg="Request Failed" error="Get \"http://nginx/api/admissions/e0da74f38d9213a722b99ca8d7728bb4f401929b2b75949f4757b0b62f4a171a\": request timeout"
time="2026-09-13T02:32:33Z" level=warning msg="Request Failed" error="Get \"http://nginx/api/admissions/dd1a9f640f56b867e75c64581e521e13744006b60079717f10b0ac7269ec879f\": request timeout"
time="2026-09-13T02:32:33Z" level=warning msg="Request Failed" error="Get \"http://nginx/api/admissions/2ff60bfee7a83ec205b23c347546c4f76d52497edda9f13a69badab3af542863\": request timeout"
time="2026-09-13T02:32:33Z" level=warning msg="Request Failed" error="Get \"http://nginx/api/admissions/3fe3ef62270ad6cc9b7407667a7e4e5fd4e74e4efacb84bc1e864ffecf191ac1\": request timeout"
time="2026-09-13T02:32:33Z" level=warning msg="Request Failed" error="Get \"http://nginx/api/admissions/b956cc46a9310aa9c3ead251aa71acf8fbbdca9504e4d95b33ad6b2ab1324195\": request timeout"
time="2026-09-13T02:32:33Z" level=warning msg="Request Failed" error="Get \"http://nginx/api/admissions/3f235480a707138ecc3f1be647b83cf0cc910038fce22810f7a9770435b957f1\": request timeout"
time="2026-09-13T02:32:33Z" level=warning msg="Request Failed" error="Get \"http://nginx/api/admissions/8e982e05b9cb823db0a1644d0629bbf5f2f8fdc8f4b304407086d70a28312503\": request timeout"
time="2026-09-13T02:32:33Z" level=warning msg="Request Failed" error="Get \"http://nginx/api/admissions/8ff894fc59053626568dd67fcc3ea499048970725eadf2ed09a22e49f514c059\": request timeout"
time="2026-09-13T02:32:33Z" level=warning msg="Request Failed" error="Get \"http://nginx/api/admissions/55a1ff649b5c88bbb115de3534612217493f9e56de2f904582e28da178b0e8f6\": request timeout"
time="2026-09-13T02:32:33Z" level=warning msg="Request Failed" error="Get \"http://nginx/api/admissions/c25169d2a4271017d399239fe3d19ea5614af74160b828909e1d5bf194bebed2\": request timeout"
time="2026-09-13T02:32:33Z" level=warning msg="Request Failed" error="Get \"http://nginx/api/admissions/e7a08f5590ccc507ecdda496f3122b2b3b748f3bd1af9e5feddc645396fd9412\": request timeout"
time="2026-09-13T02:32:33Z" level=warning msg="Request Failed" error="Get \"http://nginx/api/admissions/68b942d3492e55d49801b63c1a876b26763caaca70cf6dcdb99c511d5433c0f5\": request timeout"
time="2026-09-13T02:32:33Z" level=warning msg="Request Failed" error="Get \"http://nginx/api/admissions/c15a192050145a9f8bf87dc492bd7c87ce55effdd6d02d7c3fa54a7fc4db076a\": request timeout"
time="2026-09-13T02:32:33Z" level=warning msg="Request Failed" error="Get \"http://nginx/api/admissions/6e75f3141325af39825e6f323fae365c225adea8320ed967d771f491aaad5778\": request timeout"
time="2026-09-13T02:32:33Z" level=warning msg="Request Failed" error="Get \"http://nginx/api/admissions/e4ae74f04f9790115c6ca7a9c53029904fa1d2c9a28656c4c247ebcac77a685a\": request timeout"
time="2026-09-13T02:32:33Z" level=warning msg="Request Failed" error="Get \"http://nginx/api/admissions/8acbce19f66130d779a56c698996a7e0a012416b3f9727eab74f3727c2c0a91d\": request timeout"
time="2026-09-13T02:32:33Z" level=warning msg="Request Failed" error="Get \"http://nginx/api/admissions/f0e337a60e1aa51960f7baf2c7c0a5ee5064edc7db156a9b6fa914c9e6157933\": request timeout"
time="2026-09-13T02:32:33Z" level=warning msg="Request Failed" error="Get \"http://nginx/api/admissions/7265b1b34199a46fd75ca9c2fda395999c692b8daa427d3973b997e6c64907d4\": request timeout"
time="2026-09-13T02:32:33Z" level=warning msg="Request Failed" error="Get \"http://nginx/api/admissions/382d18018292607c8e96642e46688c6ce6bf6da63b7db75e07c23bac0244ca40\": request timeout"
time="2026-09-13T02:32:33Z" level=warning msg="Request Failed" error="Get \"http://nginx/api/admissions/4c7b6abd6d6fc67f62640000e458cc81fd1684310f998593e89c0863c6c6c65b\": request timeout"
time="2026-09-13T02:32:33Z" level=warning msg="Request Failed" error="Get \"http://nginx/api/admissions/7531906fa1023e43c11ec9c27716178f8bc509fdddc87bf12d6c2501e8aed11e\": request timeout"
time="2026-09-13T02:32:33Z" level=warning msg="Request Failed" error="Get \"http://nginx/api/admissions/bcee671bf99d9888395dfd5639e3e152fc525daa366097186ce08ad7ac99d4ef\": request timeout"
time="2026-09-13T02:32:33Z" level=warning msg="Request Failed" error="Get \"http://nginx/api/admissions/7ecb0a480a668732f48167b4f034524c410245ecf91b9c59be05d6f346991b7b\": request timeout"
time="2026-09-13T02:32:33Z" level=warning msg="Request Failed" error="Get \"http://nginx/api/admissions/6d94bdc5f6d1c90262c6dc70fe7fbd0fefcdd7c97310d29468721adebfb642da\": request timeout"
time="2026-09-13T02:32:33Z" level=warning msg="Request Failed" error="Get \"http://nginx/api/admissions/c05b861bed76a6f6a0475a71e2c961fbf9ae468e36283ea37b29b2d7d2bd878c\": request timeout"
time="2026-09-13T02:32:33Z" level=warning msg="Request Failed" error="Get \"http://nginx/api/admissions/2901a27048103174e9c55ff49d1c3696c872388628d4b41958f21dca8edeaaaa\": request timeout"
time="2026-09-13T02:32:33Z" level=warning msg="Request Failed" error="Get \"http://nginx/api/admissions/792a403893b7b59850cfc598a8253648b66bf1e354b5a6ba7d5fdf9399e1546c\": request timeout"
time="2026-09-13T02:32:33Z" level=warning msg="Request Failed" error="Get \"http://nginx/api/admissions/4c4774c8c0cfc76a7866eb5329e5b7b4e5bdd65836192c648c7d4b73dac546d6\": request timeout"
time="2026-09-13T02:32:33Z" level=warning msg="Request Failed" error="Get \"http://nginx/api/admissions/fb2f5b515d584313c189d45e23a98af9c604b7a9e48e2ecdc49572bb47fd7aa0\": request timeout"
time="2026-09-13T02:32:33Z" level=warning msg="Request Failed" error="Get \"http://nginx/api/admissions/42a42cb77525fd7fe4b7a48abb48586a41802d6a56af4ceebdb7ce19c84481d6\": request timeout"
time="2026-09-13T02:32:33Z" level=warning msg="Request Failed" error="Get \"http://nginx/api/admissions/a0d44df4ae26e3527446f7b8b1a8701a6c5b84274bd26efac501068784f56300\": request timeout"
time="2026-09-13T02:32:33Z" level=warning msg="Request Failed" error="Get \"http://nginx/api/admissions/7bf66b4045974322cb03112606aca35e46f0531a549dc2e267164298141ec29f\": request timeout"
time="2026-09-13T02:32:33Z" level=warning msg="Request Failed" error="Get \"http://nginx/api/admissions/81fbc5d3f014b3d63f094e3055e5b40282aae7db13eb9cf07800938868acd045\": request timeout"
time="2026-09-13T02:32:33Z" level=warning msg="Request Failed" error="Get \"http://nginx/api/admissions/6d0c2c2dde2d7c5406c4d41fe5800dce722c8f05f9cb54298d923165eaa0f9dd\": request timeout"
time="2026-09-13T02:32:33Z" level=warning msg="Request Failed" error="Get \"http://nginx/api/admissions/c367cc7a4d017bb6b0d07362c1abad9138336052606bc8366d8d9b54598b1dae\": request timeout"
time="2026-09-13T02:32:33Z" level=warning msg="Request Failed" error="Get \"http://nginx/api/admissions/c93eabf9fd9027f0461dbac91cdb5448fe6afa7953161bd44616ce873128dd5d\": request timeout"
time="2026-09-13T02:32:33Z" level=warning msg="Request Failed" error="Get \"http://nginx/api/admissions/9d6f9317d7886290e23c37a491487b392f1ee4c29b4ccf5da5444a570dd70dd7\": request timeout"
time="2026-09-13T02:32:33Z" level=warning msg="Request Failed" error="Get \"http://nginx/api/admissions/c4ffd9c140d12dc88e98ce473902471808ca8199794686a4c592b13d286d5e6a\": request timeout"

running (1m11.9s), 01953/02018 VUs, 2164 complete and 0 interrupted iterations
browsers ??[ 100% ] 02018/02018 VUs  1m0s  100.00 iters/s
time="2026-09-13T02:32:34Z" level=warning msg="Request Failed" error="Get \"http://nginx/api/admissions/3109b5d8645a367903f6cb1b5edd93b77dc4febf12a5ae8e7635fe5d6934a656\": request timeout"
time="2026-09-13T02:32:34Z" level=warning msg="Request Failed" error="Get \"http://nginx/api/admissions/42bfd0719f8efd7982b2da3b725ea2089602be5efc9443fc08e2df4f95bb3ca5\": request timeout"
time="2026-09-13T02:32:34Z" level=warning msg="Request Failed" error="Get \"http://nginx/api/admissions/c01561752946ad48447724bef81eabd8c74cf0c1cf4da9497812e5573ab7fe77\": request timeout"
time="2026-09-13T02:32:34Z" level=warning msg="Request Failed" error="Get \"http://nginx/api/admissions/c2f9f76db3da3f2473c8631e1c02831358e568f19d30b4512473d1a3b52e055f\": request timeout"
time="2026-09-13T02:32:34Z" level=warning msg="Request Failed" error="Get \"http://nginx/api/admissions/dbeba573eb2eea47d61a81cbbeb5b7dfda5024c886179449cc873e6adb6d591d\": request timeout"
time="2026-09-13T02:32:34Z" level=warning msg="Request Failed" error="Get \"http://nginx/api/admissions/6410d30ec89edd0fb39a43966ea9e2fef71ad17131a94400622411323d1f031a\": request timeout"
time="2026-09-13T02:32:34Z" level=warning msg="Request Failed" error="Get \"http://nginx/api/admissions/61fac3c39545d4f1a3940fb6f9c1d253560e99d0454312a0d731b28d61613ac3\": request timeout"
time="2026-09-13T02:32:34Z" level=warning msg="Request Failed" error="Get \"http://nginx/api/admissions/74aa8828e8acd69c2410c18318f6ef5b4941e2449562e79d20fc0035832cb089\": request timeout"
time="2026-09-13T02:32:34Z" level=warning msg="Request Failed" error="Get \"http://nginx/api/admissions/13839806e042819a8605aeccd4c4b5c48c780904126880f001faf82fad33e437\": request timeout"
time="2026-09-13T02:32:34Z" level=warning msg="Request Failed" error="Get \"http://nginx/api/admissions/bf7438701b1825ad561795700d5e3fb51224278a89cd59fae312e284cadf0e64\": request timeout"
time="2026-09-13T02:32:34Z" level=warning msg="Request Failed" error="Get \"http://nginx/api/admissions/85077cc08d51e1ff0279afc604ef8eef2f9a044c73148be5a27022416314beda\": request timeout"
time="2026-09-13T02:32:34Z" level=warning msg="Request Failed" error="Get \"http://nginx/api/admissions/375393d60399da8ed54373ff102eef7b742c97fae14f69c7151f95f783cb874a\": request timeout"
time="2026-09-13T02:32:34Z" level=warning msg="Request Failed" error="Get \"http://nginx/api/admissions/155733c1e84ed8ba8e991299f513d3c9981516a68db3af6668da98132008efb0\": request timeout"
time="2026-09-13T02:32:34Z" level=warning msg="Request Failed" error="Get \"http://nginx/api/admissions/5b5104972f267d2932978e8801203dbefb63d6c48ca22ed085634d713bc1c5e5\": request timeout"
time="2026-09-13T02:32:34Z" level=warning msg="Request Failed" error="Get \"http://nginx/api/admissions/a1490c367e665ac72aecf35be3ea8f9bf78828b721c157335cd32afc9dc5b478\": request timeout"
time="2026-09-13T02:32:34Z" level=warning msg="Request Failed" error="Get \"http://nginx/api/admissions/b1c93252e26ad4ae73fbf7fc4f3e1f98e2b4aeb3af5e482801d93c5bc2af9d65\": request timeout"
time="2026-09-13T02:32:34Z" level=warning msg="Request Failed" error="Get \"http://nginx/api/admissions/cc5055316c1773541f88cb3e4a3853ecf8972a1156d303f3b08ec54939d85595\": request timeout"
time="2026-09-13T02:32:34Z" level=warning msg="Request Failed" error="Get \"http://nginx/api/admissions/86e02875ab75650d117d1c06857d65d12a10abdfb069fcd1821fc41b25b09db8\": request timeout"
time="2026-09-13T02:32:34Z" level=warning msg="Request Failed" error="Get \"http://nginx/api/admissions/e4fb3601e5d27586148949c8a94bd0639c988df15a180dc25977c05dc1429a8a\": request timeout"
time="2026-09-13T02:32:34Z" level=warning msg="Request Failed" error="Get \"http://nginx/api/admissions/89a946e36990a70de3bf9f78130631a15e29a6c9bdadd42a65ae38ecce337065\": request timeout"
time="2026-09-13T02:32:34Z" level=warning msg="Request Failed" error="Get \"http://nginx/api/admissions/caec5f6c0c11bff3a8b8f1a3f8c971708bf92bdf730a3467453d3128aebf3c47\": request timeout"
time="2026-09-13T02:32:34Z" level=warning msg="Request Failed" error="Get \"http://nginx/api/admissions/d984e503a7556392644afd92bbc51df6ca12236350e9af032cc8db34304f0796\": request timeout"
time="2026-09-13T02:32:34Z" level=warning msg="Request Failed" error="Get \"http://nginx/api/admissions/e4d1abb26ae2979039caaf9563144039f37bcd62a0d31d00844d3d217ed1b8fb\": request timeout"
time="2026-09-13T02:32:34Z" level=warning msg="Request Failed" error="Get \"http://nginx/api/admissions/eea8eaf5da83843070ab21186cabccbb974a0fcf4f3a352bd350a337a5ce3e52\": request timeout"
time="2026-09-13T02:32:34Z" level=warning msg="Request Failed" error="Get \"http://nginx/api/admissions/e40665b2fc890cf5a25e446b9be44276a8435f3aef73f3f70ebdc424226f0445\": request timeout"
time="2026-09-13T02:32:34Z" level=warning msg="Request Failed" error="Get \"http://nginx/api/admissions/3c6a1ad0c52d1f2231b4c14a27aa2e00761aa6eb7f05de9cb45a02a6ceed3962\": request timeout"
time="2026-09-13T02:32:34Z" level=warning msg="Request Failed" error="Get \"http://nginx/api/admissions/eba5bac4b118ba7117d03a9679d6a39589ad6999531a15e0b14c4fab72aa6c3b\": request timeout"
time="2026-09-13T02:32:34Z" level=warning msg="Request Failed" error="Get \"http://nginx/api/admissions/8acbb23e2b9427a9573ccb18ea95fe78a6bd558fa5037f1819169b1b7893fd7d\": request timeout"
time="2026-09-13T02:32:34Z" level=warning msg="Request Failed" error="Get \"http://nginx/api/admissions/fd1122d0e709ad6a6af941cbb194203bbba11e005a7347df6fb13da75bc79b8c\": request timeout"
time="2026-09-13T02:32:34Z" level=warning msg="Request Failed" error="Get \"http://nginx/api/admissions/7f72f6ef16d1bebf631da03c63e7532fe6e995a8d1ee7d4680c4e2b2c038229e\": request timeout"
time="2026-09-13T02:32:34Z" level=warning msg="Request Failed" error="Get \"http://nginx/api/admissions/fc47b677f87b32fd956364a4ed2d058892c161d3ee3185778898e07542b404ba\": request timeout"
time="2026-09-13T02:32:34Z" level=warning msg="Request Failed" error="Get \"http://nginx/api/admissions/7ed4ca5944c850aa8eb27ab5b683b081530b9bb9e0933bdac1fa7da1d86dda90\": request timeout"
time="2026-09-13T02:32:34Z" level=warning msg="Request Failed" error="Get \"http://nginx/api/admissions/a93fd875605544390e24aec81100fe03310973172562752097cf832a5694b100\": request timeout"
time="2026-09-13T02:32:34Z" level=warning msg="Request Failed" error="Get \"http://nginx/api/admissions/5baa3e4374229557385bba6b944c1546a0cf8a8ef238a1192e51430ae9bc3ca8\": request timeout"
time="2026-09-13T02:32:34Z" level=warning msg="Request Failed" error="Get \"http://nginx/api/admissions/d9364cfeba400b3c18f3def5333221ec6baa6b0f803683c570ecb0741e0d623c\": request timeout"
time="2026-09-13T02:32:34Z" level=warning msg="Request Failed" error="Get \"http://nginx/api/admissions/5d1fc77d169709734899d7c2c70c34023f92ea6b8c2c0889b4121e81421118a0\": request timeout"
time="2026-09-13T02:32:34Z" level=warning msg="Request Failed" error="Get \"http://nginx/api/admissions/77623868b6a0c9b867ae813370542b0cdd5e5a7c93b2d26eabe5a4d9cf5c8913\": request timeout"
time="2026-09-13T02:32:34Z" level=warning msg="Request Failed" error="Get \"http://nginx/api/admissions/beb864e53e5bc3d32572d1013a63ff046defb9d25925b6f4166dcec84d713f36\": request timeout"
time="2026-09-13T02:32:34Z" level=warning msg="Request Failed" error="Get \"http://nginx/api/admissions/2328fb1f84ad2263a53e36aecb48603e54042fbc8ac372a5a306ed8d7cf21cd4\": request timeout"
time="2026-09-13T02:32:34Z" level=warning msg="Request Failed" error="Get \"http://nginx/api/admissions/1bfff9c3cc454fb02902bb26e013442e31a04dfcf47c4e2410d564a26b53948a\": request timeout"
time="2026-09-13T02:32:34Z" level=warning msg="Request Failed" error="Get \"http://nginx/api/admissions/de05cbad16dd3869bda9d44dabb0d0b7e674091437ea53641628745e7b7e72bc\": request timeout"
time="2026-09-13T02:32:34Z" level=warning msg="Request Failed" error="Get \"http://nginx/api/admissions/d3c39483eb35d055c65e2ee9f8f846c5172bf3c6c34504292de636dab11ac08c\": request timeout"
time="2026-09-13T02:32:34Z" level=warning msg="Request Failed" error="Get \"http://nginx/api/admissions/0c12d73eb75578229c57c2c65caf0359f378f38a1fa7a1f1c8584b413a4d687f\": request timeout"
time="2026-09-13T02:32:34Z" level=warning msg="Request Failed" error="Get \"http://nginx/api/admissions/42f99ae402d883721bf57f1934ceffbeee8d2137e40ceef9f94af3bce21b6901\": request timeout"
time="2026-09-13T02:32:34Z" level=warning msg="Request Failed" error="Get \"http://nginx/api/admissions/11d5ccbb9991e8142022e6c88e7cd0513c3f277490025153738f5297b7509462\": request timeout"
time="2026-09-13T02:32:34Z" level=warning msg="Request Failed" error="Get \"http://nginx/api/admissions/ac2c77f21e5fc97ba0172a69626fb400046d01c2cf5ee2b84b4ebe0c5c434dc7\": request timeout"
time="2026-09-13T02:32:34Z" level=warning msg="Request Failed" error="Get \"http://nginx/api/admissions/60c09c3bda3dc959a0f67d3fb0a3a268f98f47f288bf793ecfa08b26dcb6821a\": request timeout"
time="2026-09-13T02:32:34Z" level=warning msg="Request Failed" error="Get \"http://nginx/api/admissions/d1813588be7d8175dfa69a03f34c8e1daf086b285a0595deb0979c752ddeb714\": request timeout"
time="2026-09-13T02:32:34Z" level=warning msg="Request Failed" error="Get \"http://nginx/api/admissions/96474208a3320599df6df2e93887c9a23e8995b33a791dab098cab74166f9b26\": request timeout"
time="2026-09-13T02:32:34Z" level=warning msg="Request Failed" error="Get \"http://nginx/api/admissions/4d5e2c14c42fd1dea11f821a1f6b278ebfe7410e0b23d831b450a48c3b66e267\": request timeout"
time="2026-09-13T02:32:34Z" level=warning msg="Request Failed" error="Get \"http://nginx/api/admissions/f7380591541f5729e47906dfac3211a4d8df9bffde31a9344fe964b410449749\": request timeout"
time="2026-09-13T02:32:34Z" level=warning msg="Request Failed" error="Get \"http://nginx/api/admissions/956a0662ad9492d5172b634b301b8f80c1a67a6ee266a4d216805a6e62babbde\": request timeout"
time="2026-09-13T02:32:34Z" level=warning msg="Request Failed" error="Get \"http://nginx/api/admissions/a718d320d7d546fc07f9dc9c4d6fdcf1bcc136942dac2a2a582fdf592907986e\": request timeout"
time="2026-09-13T02:32:34Z" level=warning msg="Request Failed" error="Get \"http://nginx/api/admissions/b554dc24efe4cb362d2c860b2e51a62d154a269ede2930f6646ed42bbc47f716\": request timeout"
time="2026-09-13T02:32:35Z" level=warning msg="Request Failed" error="Get \"http://nginx/api/admissions/14454969185e6d22e1a4dbec630d7c7c9c73e8bcdafae6cbbb0d4a8a04d4c4d5\": request timeout"
time="2026-09-13T02:32:35Z" level=warning msg="Request Failed" error="Get \"http://nginx/api/admissions/81195c707c05422ff41ca999688dbd124b02a1024884b18273918be929638008\": request timeout"
time="2026-09-13T02:32:35Z" level=warning msg="Request Failed" error="Get \"http://nginx/api/admissions/8a542b0c071d48a0e435419a2356339a1c3fa12f1de8f63b7e73c05c28beb104\": request timeout"
time="2026-09-13T02:32:35Z" level=warning msg="Request Failed" error="Get \"http://nginx/api/admissions/5a47e26a478fdff618fbf3083b6fb35660c5d060a00f8dd1b96f862964993af3\": request timeout"
time="2026-09-13T02:32:35Z" level=warning msg="Request Failed" error="Get \"http://nginx/api/admissions/0bd24f7703607158ec3915c15ff61a9c92c53abf536d8b8ff211f6157c5b36a7\": request timeout"
time="2026-09-13T02:32:35Z" level=warning msg="Request Failed" error="Get \"http://nginx/api/admissions/310f0117271c5ef87d9764ca8d9e5ff6e41c1e24812f15c42d02af78753d6a18\": request timeout"
time="2026-09-13T02:32:35Z" level=warning msg="Request Failed" error="Get \"http://nginx/api/admissions/ab659362674e73d57e33bfeea6b1c222d17dc057e9349eddd60fc2e57a5c75b0\": request timeout"
time="2026-09-13T02:32:35Z" level=warning msg="Request Failed" error="Get \"http://nginx/api/admissions/f05ee6f2495cd2841a57f748d3b178f639028475f366fe52934eee55d1ced998\": request timeout"
time="2026-09-13T02:32:35Z" level=warning msg="Request Failed" error="Get \"http://nginx/api/admissions/02e26d848b7dab2b3064527aa8c83036dc9cf37c0ee005da45388eb3b14d89ff\": request timeout"
time="2026-09-13T02:32:35Z" level=warning msg="Request Failed" error="Get \"http://nginx/api/admissions/c38107835415baed6672c1097ded0704d04d3997d36d6bd171fab34a4e2b70ed\": request timeout"
time="2026-09-13T02:32:35Z" level=warning msg="Request Failed" error="Get \"http://nginx/api/admissions/742c9ec8db96760dc3781ea05c9849733cfb86b243963e73badf886e4ed569ab\": request timeout"
time="2026-09-13T02:32:35Z" level=warning msg="Request Failed" error="Get \"http://nginx/api/admissions/10ab9cb67eef9dea6464d113e9de3170bce641369e47bfa70d31bf2c7f525a42\": request timeout"
time="2026-09-13T02:32:35Z" level=warning msg="Request Failed" error="Get \"http://nginx/api/admissions/2fa70db962441ab846879cbd27f30e11df92ef1b29705f248e0e3507b6ccb3d0\": request timeout"
time="2026-09-13T02:32:35Z" level=warning msg="Request Failed" error="Get \"http://nginx/api/admissions/5a9672f2b0cc58a4b1e2dadf1c2ee923e63ef87d98b514d0f9999617fc2d217d\": request timeout"
time="2026-09-13T02:32:35Z" level=warning msg="Request Failed" error="Get \"http://nginx/api/admissions/3cdace1dc3450b6c4714794ff8aea93153b6d9308604e4d01591b18c3038fa06\": request timeout"
time="2026-09-13T02:32:35Z" level=warning msg="Request Failed" error="Get \"http://nginx/api/admissions/8f9e88eaaa6c883d8372411b00e3bb40b50615ec56e14697c6905375d2120961\": request timeout"
time="2026-09-13T02:32:35Z" level=warning msg="Request Failed" error="Get \"http://nginx/api/admissions/1b6e15c5597a125e387ee7f9fc95b52daf9de320f79729e853073ba0ed6c5038\": request timeout"
time="2026-09-13T02:32:35Z" level=warning msg="Request Failed" error="Get \"http://nginx/api/admissions/078406d458096db2de9cbd693211b095cdd53e3fd467758310bebb41c77773db\": request timeout"
time="2026-09-13T02:32:35Z" level=warning msg="Request Failed" error="Get \"http://nginx/api/admissions/4b6e351226aba9475200f7e09aec3ce9d030777df0210342e9d18370163d4b2e\": request timeout"
time="2026-09-13T02:32:35Z" level=warning msg="Request Failed" error="Get \"http://nginx/api/admissions/95c7f2c4e475b23e77873013c10c91914eb8b5468934405be6f12dc14b5bdcf9\": request timeout"
time="2026-09-13T02:32:35Z" level=warning msg="Request Failed" error="Get \"http://nginx/api/admissions/922a36acd2fed221bce893f8a9baa7e8470dc310832fa96b8a8450cda903a028\": request timeout"
time="2026-09-13T02:32:35Z" level=warning msg="Request Failed" error="Get \"http://nginx/api/admissions/ca2367ee9f824142199ca8259908bdd99d98fe56afbd619a20a64cb475f24261\": request timeout"
time="2026-09-13T02:32:35Z" level=warning msg="Request Failed" error="Get \"http://nginx/api/admissions/de31432a15fba144709191f9b76aac6777c45f8a6da118fe28d95fc9216159c3\": request timeout"
time="2026-09-13T02:32:35Z" level=warning msg="Request Failed" error="Get \"http://nginx/api/admissions/348eeeb277d2aa164a4f840761a2b9a4a7e94867eea2ffc3cfd177615d5dcd96\": request timeout"
time="2026-09-13T02:32:35Z" level=warning msg="Request Failed" error="Get \"http://nginx/api/admissions/7e2dbdb2672d3a85327a24966a644ee12c572da3d9d754c9e613c244acedfd5e\": request timeout"
time="2026-09-13T02:32:35Z" level=warning msg="Request Failed" error="Get \"http://nginx/api/admissions/49d2d44bdcac7b42235c92d6c3707bb50d3c810ac731b33139317e81c34947b4\": request timeout"
time="2026-09-13T02:32:35Z" level=warning msg="Request Failed" error="Get \"http://nginx/api/admissions/025ed124fb584d021f3a370d11a53e4b00e6b8467c6361dd59ce404c600f2464\": request timeout"
time="2026-09-13T02:32:35Z" level=warning msg="Request Failed" error="Get \"http://nginx/api/admissions/bc242081e6bb59d793a0f2aa840279c698b753375c1e054546f8ccb91594bea1\": request timeout"

running (1m12.9s), 01947/02018 VUs, 2170 complete and 0 interrupted iterations
browsers ??[ 100% ] 02018/02018 VUs  1m0s  100.00 iters/s
time="2026-09-13T02:32:35Z" level=warning msg="Request Failed" error="Get \"http://nginx/api/admissions/25b5d7778dbed56b4098f8560445a783038e1bf9c7f787fb3a50cc80b1778877\": request timeout"
time="2026-09-13T02:32:35Z" level=warning msg="Request Failed" error="Get \"http://nginx/api/admissions/0a9b25bc891a83894201cffce0313717842cdbd730a2841c5db62786f20ee02b\": request timeout"
time="2026-09-13T02:32:35Z" level=warning msg="Request Failed" error="Get \"http://nginx/api/admissions/b9815a387fdfd1f43bcff89ad65c06f3f26be773192b15d8a0fe3de970e0bab1\": request timeout"
time="2026-09-13T02:32:35Z" level=warning msg="Request Failed" error="Get \"http://nginx/api/admissions/9df5d8da93e68da13eea89021e00401b426db7cc58c4befeb32baaeb3eb641c2\": request timeout"
time="2026-09-13T02:32:35Z" level=warning msg="Request Failed" error="Get \"http://nginx/api/admissions/80a28231b897916d0586d8950906e2933f13c27361d1f89b8767daac169f2a63\": request timeout"
time="2026-09-13T02:32:35Z" level=warning msg="Request Failed" error="Get \"http://nginx/api/admissions/a62e88234aeb3ce08f17f5ee7fe93eff17f46dfdbfa27b6ef2ed78d00ae70cc6\": request timeout"
time="2026-09-13T02:32:35Z" level=warning msg="Request Failed" error="Get \"http://nginx/api/admissions/9b9fcd399503321e5c038ee6a9b517bfcb3a822369b4bb0dae929f5c5565d7b2\": request timeout"
time="2026-09-13T02:32:35Z" level=warning msg="Request Failed" error="Get \"http://nginx/api/admissions/89c16a0cfc10ff202970ad62078f1458b4580ce85ba8baf2efbce596670695ef\": request timeout"
time="2026-09-13T02:32:35Z" level=warning msg="Request Failed" error="Get \"http://nginx/api/admissions/12c942abbe98c28b3557b8c1fc5bad7d94d118bbcd2b4106c0df77da8997c096\": request timeout"
time="2026-09-13T02:32:35Z" level=warning msg="Request Failed" error="Get \"http://nginx/api/admissions/5a438766c96dcb96d531fb6be14524700feabeec37982cf23be2afcc8292bfac\": request timeout"
time="2026-09-13T02:32:35Z" level=warning msg="Request Failed" error="Get \"http://nginx/api/admissions/d15b0940147e55a94eebb0acc4a1adda8321fd6f28ca40826fe685c449db7db6\": request timeout"
time="2026-09-13T02:32:35Z" level=warning msg="Request Failed" error="Get \"http://nginx/api/admissions/0b5cbcabf2afe4d33a908d6a86a20c1f760dddf7b4e8feb2faf940d20c983a50\": request timeout"
time="2026-09-13T02:32:35Z" level=warning msg="Request Failed" error="Get \"http://nginx/api/admissions/6abf05a5660fabeb237a7ec82c50d77bc3f18691e792a78f88628b4219a59ade\": request timeout"
time="2026-09-13T02:32:35Z" level=warning msg="Request Failed" error="Get \"http://nginx/api/admissions/de1ca4ba6ec92fd420c41079a49f57af6af1dc3800656e3471906a815481ee53\": request timeout"

running (1m13.9s), 01939/02018 VUs, 2178 complete and 0 interrupted iterations
browsers ??[ 100% ] 02018/02018 VUs  1m0s  100.00 iters/s
time="2026-09-13T02:32:36Z" level=warning msg="Request Failed" error="Get \"http://nginx/api/admissions/2f4279666150afdcbefb44e80d5b744380f23e319b4def7b9a2802b32d8ad296\": request timeout"
time="2026-09-13T02:32:36Z" level=warning msg="Request Failed" error="Get \"http://nginx/api/admissions/6d96beb2e6e069728e2dce37704836b4c9bff6f3379d7aeee35d637cd7da0023\": request timeout"
time="2026-09-13T02:32:36Z" level=warning msg="Request Failed" error="Get \"http://nginx/api/admissions/8ddc97ecaae63714c3ead5565b747931c2cb28de39c071b95c4fc679d6f45280\": request timeout"
time="2026-09-13T02:32:36Z" level=warning msg="Request Failed" error="Get \"http://nginx/api/admissions/664bd7c69d1ca11edafb50a6bd138c2aa7e3925949eceecfaacb1e320969eb9d\": request timeout"
time="2026-09-13T02:32:36Z" level=warning msg="Request Failed" error="Get \"http://nginx/api/admissions/8821ac07f8172b733c67cd45c4c0fcbb6d18339f9b189693ae605a9faca45500\": request timeout"
time="2026-09-13T02:32:36Z" level=warning msg="Request Failed" error="Get \"http://nginx/api/admissions/166682a2cbdd110dc4e2f5a437ea51c7131efe0dda8034660941ddb127a2c640\": request timeout"
time="2026-09-13T02:32:36Z" level=warning msg="Request Failed" error="Get \"http://nginx/api/admissions/10ce21812fc132a07ca1ddd236f95b39a28fa77cd97b2ca3e60e625a5c2d4ef8\": request timeout"
time="2026-09-13T02:32:36Z" level=warning msg="Request Failed" error="Get \"http://nginx/api/admissions/fb109c998cf5c2f0bf4e01288de63978cb05d9fea1ea616407f0d8c3f402a639\": request timeout"
time="2026-09-13T02:32:36Z" level=warning msg="Request Failed" error="Get \"http://nginx/api/admissions/80bfdb7bf131313831d2fabfde46b737c02d1861b138928728f4568ed0bee3bb\": request timeout"
time="2026-09-13T02:32:36Z" level=warning msg="Request Failed" error="Get \"http://nginx/api/admissions/efa14bed4f64fb8660e961c9764973cbceed6b5ce7a007f0eaa77a056f13a3d9\": request timeout"
time="2026-09-13T02:32:36Z" level=warning msg="Request Failed" error="Get \"http://nginx/api/admissions/7c545aa418dc249b8674b35a56c881af107ccd377878c70a2994b282cc606562\": request timeout"
time="2026-09-13T02:32:36Z" level=warning msg="Request Failed" error="Get \"http://nginx/api/admissions/0bf472beb6004f39aa7c99e76e25fbc0dadde1f02705e2dbb0835cd6f6bbd2be\": request timeout"
time="2026-09-13T02:32:36Z" level=warning msg="Request Failed" error="Get \"http://nginx/api/admissions/9b000af64d4a194a5d89dc9edb0839802cad889076a2b6d1f0701a29b0371166\": request timeout"
time="2026-09-13T02:32:36Z" level=warning msg="Request Failed" error="Get \"http://nginx/api/admissions/31b8e93206755ec033f3b725f2bbe574da83511fd68e82fcc1eca065c44e0e16\": request timeout"
time="2026-09-13T02:32:36Z" level=warning msg="Request Failed" error="Get \"http://nginx/api/admissions/78234b3308b3f6f2f5dba4f0fbfeec5a7c24c49c39102f4c1c49eace8a2314ac\": request timeout"
time="2026-09-13T02:32:36Z" level=warning msg="Request Failed" error="Get \"http://nginx/api/admissions/c77a514491de1b208484242dff4b4177d3c5ca63d284900104224495fbc6bad0\": request timeout"
time="2026-09-13T02:32:36Z" level=warning msg="Request Failed" error="Get \"http://nginx/api/admissions/682fac9bc58dacb46b69863babc64b625fa8e7d81317c1efc750ecf3e8ea1393\": request timeout"
time="2026-09-13T02:32:36Z" level=warning msg="Request Failed" error="Get \"http://nginx/api/admissions/c9277d9ce736d2e9fcd53352174d2dd6c6758ed38368a62328b0997d9d0c90c8\": request timeout"
time="2026-09-13T02:32:36Z" level=warning msg="Request Failed" error="Get \"http://nginx/api/admissions/8ae7ad156b4135dc2388d3848db9e18050ab78129c9af1fdb8bf2a18861d3294\": request timeout"
time="2026-09-13T02:32:36Z" level=warning msg="Request Failed" error="Get \"http://nginx/api/admissions/0b193af559277dd0a9b4b8e7227620ad4410ea06e16b1c712dcbdbe69fcb8ba3\": request timeout"
time="2026-09-13T02:32:36Z" level=warning msg="Request Failed" error="Get \"http://nginx/api/admissions/9f2596a87ed90f1d5981c6007dc62146ec1c304b8d8b5c01358a5e7e6ca74c79\": request timeout"
time="2026-09-13T02:32:36Z" level=warning msg="Request Failed" error="Get \"http://nginx/api/admissions/ebbfbfe245a012a635ea30ac5ab9a1a65b8f4573aac2861ccd2776a611451acd\": request timeout"
time="2026-09-13T02:32:36Z" level=warning msg="Request Failed" error="Get \"http://nginx/api/admissions/c826ec36c03bce6b888a5ea639569a0cd5743948d67d02032f223624cb19c9c4\": request timeout"
time="2026-09-13T02:32:36Z" level=warning msg="Request Failed" error="Get \"http://nginx/api/admissions/a6a4cce29a21fa45de00b5b0ed2fc24cd8c03bf743d14af2959f58ab0ac6548d\": request timeout"
time="2026-09-13T02:32:36Z" level=warning msg="Request Failed" error="Get \"http://nginx/api/admissions/63aa833ba952bf941c8bde6c9b14365006deed173cab2e7a3b5f7da9379ad7c7\": request timeout"
time="2026-09-13T02:32:36Z" level=warning msg="Request Failed" error="Get \"http://nginx/api/admissions/7973698ea7da19653e48e4679ca6da199de933325b143972477b64bf490e207f\": request timeout"
time="2026-09-13T02:32:36Z" level=warning msg="Request Failed" error="Get \"http://nginx/api/admissions/1fb30651f49b0150daf04daabb8d2d77773584770f8b922726f14e0b1c3a0a24\": request timeout"
time="2026-09-13T02:32:36Z" level=warning msg="Request Failed" error="Get \"http://nginx/api/admissions/73b4b0343472710940217e6dc06cc33d1113cf19bddfee2d2f65970235f78c81\": request timeout"
time="2026-09-13T02:32:37Z" level=warning msg="Request Failed" error="Get \"http://nginx/api/admissions/0a66f476b363c548315deb98ac15ba9db9127cec74f44424b926ea2d6162c1eb\": request timeout"
time="2026-09-13T02:32:37Z" level=warning msg="Request Failed" error="Get \"http://nginx/api/admissions/64d31c84e77297e5f4f8dfe41d999a044d02a177ab2bfa5fb1d1c4b54f6de7b6\": request timeout"
time="2026-09-13T02:32:37Z" level=warning msg="Request Failed" error="Get \"http://nginx/api/admissions/d4959d8a4bd87b9c9d28edee7a0d280580932f2dec3450e3dfaf369a9dafa4bd\": request timeout"
time="2026-09-13T02:32:37Z" level=warning msg="Request Failed" error="Get \"http://nginx/api/admissions/56626bbcf08fad0c78a6a41bac58ed9d947b6f2b0e01d9d5dcb1ca097cfbf3cb\": request timeout"
time="2026-09-13T02:32:37Z" level=warning msg="Request Failed" error="Get \"http://nginx/api/admissions/1ed06fb96536deb1538870fb0844f29df70e55ddc6cda4fd7774c395021fe949\": request timeout"
time="2026-09-13T02:32:37Z" level=warning msg="Request Failed" error="Get \"http://nginx/api/admissions/8b14143d6daa793248c4bc2ebe74902b2d5b4d5154871138ff94e106416920a2\": request timeout"
time="2026-09-13T02:32:37Z" level=warning msg="Request Failed" error="Get \"http://nginx/api/admissions/38a07457c265765a9857b399f57116aabf081d36c8ba4d3ba8d85b64d3222c96\": request timeout"
time="2026-09-13T02:32:37Z" level=warning msg="Request Failed" error="Get \"http://nginx/api/admissions/c0c55ec941e7c1bcf2d96d041c553d292633043dbcd1cd63e56dd3766bec1877\": request timeout"
time="2026-09-13T02:32:37Z" level=warning msg="Request Failed" error="Get \"http://nginx/api/admissions/fab056f577d3784f6ab8315341ca443725c6b75e5239db767df24bf55d831bc1\": request timeout"
time="2026-09-13T02:32:37Z" level=warning msg="Request Failed" error="Get \"http://nginx/api/admissions/d67572a43baa454b7025f10409db22eb5c2630ce2144aeca7c1da77762866a0e\": request timeout"
time="2026-09-13T02:32:37Z" level=warning msg="Request Failed" error="Get \"http://nginx/api/admissions/80a4a849aa74048ae8f8db8a56a5c946e2b46ac195dc514832aff0384ab22027\": request timeout"
time="2026-09-13T02:32:37Z" level=warning msg="Request Failed" error="Get \"http://nginx/api/admissions/533ffe299576280e478e2657a532fd97ad70d744b2f58fc67da5ad681f2f2b2b\": request timeout"
time="2026-09-13T02:32:37Z" level=warning msg="Request Failed" error="Get \"http://nginx/api/admissions/24bb91776f7d037d79130b5d8c917195a3e764483e90c77d89dbd2d55033c0fd\": request timeout"
time="2026-09-13T02:32:37Z" level=warning msg="Request Failed" error="Get \"http://nginx/api/admissions/027b7588786a80aedb2b2b63180dd366937ab30eb707f9e33b5425058d286d9f\": request timeout"
time="2026-09-13T02:32:37Z" level=warning msg="Request Failed" error="Get \"http://nginx/api/admissions/d541e38f87d7c814c8f8e7947a4fb9c91134bd97289bd3029e171c594271ded9\": request timeout"
time="2026-09-13T02:32:37Z" level=warning msg="Request Failed" error="Get \"http://nginx/api/admissions/c6c4eb86ce3e009c8868d57310cf9ceb4d0f44bc82bc933a607e015d4ec8b540\": request timeout"
time="2026-09-13T02:32:37Z" level=warning msg="Request Failed" error="Get \"http://nginx/api/admissions/8427b4da290fc928229a999b2d3540dcfb1b7e26b2ac54eb1e38d6c76ec62e7f\": request timeout"
time="2026-09-13T02:32:37Z" level=warning msg="Request Failed" error="Get \"http://nginx/api/admissions/075daea41a3693391f912dbdaad503ad9a6d1aac703e30149ef6f812567367b8\": request timeout"
time="2026-09-13T02:32:37Z" level=warning msg="Request Failed" error="Get \"http://nginx/api/admissions/2605f791b55b88e83edde8bd7670e77a22f837cfb36c29804bf5ea7c3fa7bf91\": request timeout"
time="2026-09-13T02:32:37Z" level=warning msg="Request Failed" error="Get \"http://nginx/api/admissions/5933b0a2316738a7e08c6757ba270d1ac985e163401ecfb9642845e1eb8e8161\": request timeout"
time="2026-09-13T02:32:37Z" level=warning msg="Request Failed" error="Get \"http://nginx/api/admissions/5dabb50e00dd8dbda5df0710072878d6af6d19f01a3d363db94d424b8f9aa78b\": request timeout"
time="2026-09-13T02:32:37Z" level=warning msg="Request Failed" error="Get \"http://nginx/api/admissions/02d52aee2b23ac9adc699f995b899fd29a663587ce472945e77a18dbf5cb2c90\": request timeout"
time="2026-09-13T02:32:37Z" level=warning msg="Request Failed" error="Get \"http://nginx/api/admissions/3ee15bbc4f31a58ab2990a05e721147804e0887040130f1408682328921f9c35\": request timeout"
time="2026-09-13T02:32:37Z" level=warning msg="Request Failed" error="Get \"http://nginx/api/admissions/1b8f07b65749beb61ac25f87e3264ca591ef06cb76be6cfc2b888897b4c8aaa1\": request timeout"
time="2026-09-13T02:32:37Z" level=warning msg="Request Failed" error="Get \"http://nginx/api/admissions/f83a593870355f9038eead186f1f3d5a96b0808bcde14f6c46cf01cf00889f58\": request timeout"
time="2026-09-13T02:32:37Z" level=warning msg="Request Failed" error="Get \"http://nginx/api/admissions/77b358c9f36d73952432c163b25fd03d83cc07172f82c727ae6b1978ddae382b\": request timeout"
time="2026-09-13T02:32:37Z" level=warning msg="Request Failed" error="Get \"http://nginx/api/admissions/f4b01e8d44e318cd82272dd8a1a3d41f97ed9347237a7b740dc6c924012d9591\": request timeout"
time="2026-09-13T02:32:37Z" level=warning msg="Request Failed" error="Get \"http://nginx/api/admissions/8cc0baa9019d365c8257464ffff9f6720df0e102f34a0921d01ec60410363a85\": request timeout"
time="2026-09-13T02:32:37Z" level=warning msg="Request Failed" error="Get \"http://nginx/api/admissions/7e8258af65e9892b686050ceae6584561f1e4d18689f831fbfaaef22a2bc34db\": request timeout"
time="2026-09-13T02:32:37Z" level=warning msg="Request Failed" error="Get \"http://nginx/api/admissions/416d494cee940e461495b03d86442187de1841bdc46d2928c9b18bd84ba90248\": request timeout"
time="2026-09-13T02:32:37Z" level=warning msg="Request Failed" error="Get \"http://nginx/api/admissions/ee61d177b5e9a6e56045d2679a9d9f65e4ea3be303b0fd1ab87846aea720c8ff\": request timeout"
time="2026-09-13T02:32:37Z" level=warning msg="Request Failed" error="Get \"http://nginx/api/admissions/704417807393768a86ed09e8b32bf3a70fe1ab4f91aba802b66bbf6e8c8bf19a\": request timeout"
time="2026-09-13T02:32:37Z" level=warning msg="Request Failed" error="Get \"http://nginx/api/admissions/779870a3f97e1208635fdacf40113a1fe1e2f504ee569791093de686b72a2d09\": request timeout"

running (1m14.9s), 01933/02018 VUs, 2184 complete and 0 interrupted iterations
browsers ??[ 100% ] 02018/02018 VUs  1m0s  100.00 iters/s
time="2026-09-13T02:32:37Z" level=warning msg="Request Failed" error="Get \"http://nginx/api/admissions/1b26da661f98ca9c3c9819ad335c316d485f42cbc8037cab923ffb73be6b0845\": request timeout"
time="2026-09-13T02:32:37Z" level=warning msg="Request Failed" error="Get \"http://nginx/api/admissions/f71eea886e6d443e6a23aecaba7b42f46665a455b73bcba6519a7ea4cbe0f1db\": request timeout"
time="2026-09-13T02:32:37Z" level=warning msg="Request Failed" error="Get \"http://nginx/api/admissions/0e5c758c18a5713d15a97bbf4f1606a4ba2bb5c1a059912e88a65c13b91d556e\": request timeout"
time="2026-09-13T02:32:37Z" level=warning msg="Request Failed" error="Get \"http://nginx/api/admissions/1cdccab3d8f8643df7c553bff1270353030dbab1d0238f24386d44c3adc3ed14\": request timeout"
time="2026-09-13T02:32:37Z" level=warning msg="Request Failed" error="Get \"http://nginx/api/admissions/fd28d48e02e685d66f77c8454fa7e3a26b9d5624fbb681ae96e604b1210e2f5f\": request timeout"
time="2026-09-13T02:32:37Z" level=warning msg="Request Failed" error="Get \"http://nginx/api/admissions/7a335525476397a436b6e72e0da1134aed6e332ed5fca568e169fafd2db6c8f8\": request timeout"
time="2026-09-13T02:32:37Z" level=warning msg="Request Failed" error="Get \"http://nginx/api/admissions/d01748383232e6bfd886c2ed57b3f00c4992aa329f522fb4c71ad03ba5e0681a\": request timeout"
time="2026-09-13T02:32:37Z" level=warning msg="Request Failed" error="Get \"http://nginx/api/admissions/820060462e416a3b3faeb1fa848516b8f240e989ce5d36eb44452384a93682b4\": request timeout"
time="2026-09-13T02:32:37Z" level=warning msg="Request Failed" error="Get \"http://nginx/api/admissions/2840edfe5aab33816fc4015ad027c78ad7e1f450a29734fae351bf92008c40e8\": request timeout"
time="2026-09-13T02:32:37Z" level=warning msg="Request Failed" error="Get \"http://nginx/api/admissions/525c8c62e236485b9be3d65f8406117a842a0a4179fe8ba8be08196ba9c26cdd\": request timeout"
time="2026-09-13T02:32:37Z" level=warning msg="Request Failed" error="Get \"http://nginx/api/admissions/9c7e0e8544163a2bf4b8f1e97c583e37b06e8c92280822444b606a37ee447347\": request timeout"
time="2026-09-13T02:32:37Z" level=warning msg="Request Failed" error="Get \"http://nginx/api/admissions/91bf709facb82e4f1fba03838430e17a6f259c67b97e3a66b46ae06e426b5ecf\": request timeout"
time="2026-09-13T02:32:37Z" level=warning msg="Request Failed" error="Get \"http://nginx/api/admissions/6b6c0cbf5e0c30faa9eba8a384cdde2000698e6723db920c3a06a36c856ea708\": request timeout"
time="2026-09-13T02:32:37Z" level=warning msg="Request Failed" error="Get \"http://nginx/api/admissions/9c2b38bfb6b0ca33bc3e30cf404f05a4e59c404fd04123bec8397421a0e387d0\": request timeout"
time="2026-09-13T02:32:37Z" level=warning msg="Request Failed" error="Get \"http://nginx/api/admissions/f7c6c81b9c8c191d3addbc9294945265e640ee694f7bd60ed9e5dd19371541dd\": request timeout"
time="2026-09-13T02:32:37Z" level=warning msg="Request Failed" error="Get \"http://nginx/api/admissions/43ca89b6619ffb9d9b4961429e33fa96648a9533e780000907c53aaccf0fc728\": request timeout"
time="2026-09-13T02:32:37Z" level=warning msg="Request Failed" error="Get \"http://nginx/api/admissions/644352f239d80e19c57e7e7544372150389cf6d2bd3b6f086d1ceebceeb176c4\": request timeout"
time="2026-09-13T02:32:37Z" level=warning msg="Request Failed" error="Get \"http://nginx/api/admissions/b0f0aa3503cdb5c92b3a4099cac49728d44b7ca69448f85bb28891a6be51adf4\": request timeout"
time="2026-09-13T02:32:37Z" level=warning msg="Request Failed" error="Get \"http://nginx/api/admissions/848b41b9710c3274920b095af69eb880dae2d27aa6a37eac3cdd2f819202338d\": request timeout"
time="2026-09-13T02:32:37Z" level=warning msg="Request Failed" error="Get \"http://nginx/api/admissions/95e138d2d9da6cf70d998ae46c370cc66105283ebd2774bd8dad6de447fa686c\": request timeout"
time="2026-09-13T02:32:37Z" level=warning msg="Request Failed" error="Get \"http://nginx/api/admissions/94f6d63959dc837decc75ba1aef5c071f64bbaeb978454f70cfcb379b6b8164b\": request timeout"
time="2026-09-13T02:32:37Z" level=warning msg="Request Failed" error="Get \"http://nginx/api/admissions/9d1f1f60b83551d6cc8e9840c60668c1822afac9def921318f34364b77a3bb1b\": request timeout"
time="2026-09-13T02:32:37Z" level=warning msg="Request Failed" error="Get \"http://nginx/api/admissions/da2d406facf287e22675b6b99422eb2b9d458564893a075d389aef4647222702\": request timeout"
time="2026-09-13T02:32:37Z" level=warning msg="Request Failed" error="Get \"http://nginx/api/admissions/d13907c02b7505b0d3320702a247776175b30e8f7d792f3b58daa54a1b67b99d\": request timeout"
time="2026-09-13T02:32:37Z" level=warning msg="Request Failed" error="Get \"http://nginx/api/admissions/11d0724a68f06114e871fab641df66cb672d8b33f825a1cee21ea7dab096444f\": request timeout"
time="2026-09-13T02:32:37Z" level=warning msg="Request Failed" error="Get \"http://nginx/api/admissions/4670021c1919edb26184e1dd38828997ceed27e922932f9455acb1a82be29048\": request timeout"
time="2026-09-13T02:32:37Z" level=warning msg="Request Failed" error="Get \"http://nginx/api/admissions/d3a67d50b3bbbaacef05879b7bc709accbb997b2f476a16f495f05daa71f6fc5\": request timeout"
time="2026-09-13T02:32:37Z" level=warning msg="Request Failed" error="Get \"http://nginx/api/admissions/3bba040e850ec12f06317b5eb26aa405091b21eb4a88ffea5576f069c7f80f14\": request timeout"
time="2026-09-13T02:32:37Z" level=warning msg="Request Failed" error="Get \"http://nginx/api/admissions/f5adab5aad236c5a07cc241f5a5640c8299b8dde5a9c3d961032693b97221dc9\": request timeout"
time="2026-09-13T02:32:37Z" level=warning msg="Request Failed" error="Get \"http://nginx/api/admissions/3d87289622fa80013445fde29b5cbe7579b340e7b6152955d69e8c7b9afa9a96\": request timeout"
time="2026-09-13T02:32:37Z" level=warning msg="Request Failed" error="Get \"http://nginx/api/admissions/f4e12caf6bab882f0021960e09eb988786e8c3b32b35247b1789b395a2c8bfe9\": request timeout"
time="2026-09-13T02:32:37Z" level=warning msg="Request Failed" error="Get \"http://nginx/api/admissions/54ce60a5ed73fb82eb69aad325b844c0d279d42cd24ca366edfb93be3803fadb\": request timeout"
time="2026-09-13T02:32:37Z" level=warning msg="Request Failed" error="Get \"http://nginx/api/admissions/7671deec2bd23a60ae8cc03bb9e0a14b36a95da3e14a334664d801a5292e23dd\": request timeout"
time="2026-09-13T02:32:37Z" level=warning msg="Request Failed" error="Get \"http://nginx/api/admissions/5918be2d7410c26d5449064bc02f71e450f8b792b6a193a6c48607cde9d7f4ab\": request timeout"
time="2026-09-13T02:32:37Z" level=warning msg="Request Failed" error="Get \"http://nginx/api/admissions/e0ec0d86effea89192f8e21c55d45aea40cc71ea4746841f25fc437dd9162538\": request timeout"

running (1m15.9s), 01925/02018 VUs, 2192 complete and 0 interrupted iterations
browsers ??[ 100% ] 02018/02018 VUs  1m0s  100.00 iters/s

running (1m16.9s), 01918/02018 VUs, 2199 complete and 0 interrupted iterations
browsers ??[ 100% ] 02018/02018 VUs  1m0s  100.00 iters/s
time="2026-09-13T02:32:40Z" level=warning msg="Request Failed" error="Get \"http://nginx/api/admissions/aa30cce6fad491521724ad881c4e0cfced8aeec820487b0801b702def15e0741\": request timeout"
time="2026-09-13T02:32:40Z" level=warning msg="Request Failed" error="Get \"http://nginx/api/admissions/6e3e36ac9ae6f3788717968e33aa76ba6dfd6a1cbff1dbd7da828e6c5cb56fea\": request timeout"
time="2026-09-13T02:32:40Z" level=warning msg="Request Failed" error="Get \"http://nginx/api/admissions/f3924a974f4db04b55777faeb9adab88a18fd28666d780c1785026f35d648e69\": request timeout"
time="2026-09-13T02:32:40Z" level=warning msg="Request Failed" error="Get \"http://nginx/api/admissions/85b82f7a4aac0da0fc0a4b13fe09b580e4f1e33fed55ba5477d77c2394e63325\": request timeout"
time="2026-09-13T02:32:40Z" level=warning msg="Request Failed" error="Get \"http://nginx/api/admissions/b95cf64e353fd6a08c418866f29903e702234e43b0537678094ad59092393b63\": request timeout"
time="2026-09-13T02:32:40Z" level=warning msg="Request Failed" error="Get \"http://nginx/api/admissions/5e43674594abebcfa35e2d07087a7027eb80b86823db21316edacf32677e203a\": request timeout"
time="2026-09-13T02:32:40Z" level=warning msg="Request Failed" error="Get \"http://nginx/api/admissions/3ca0aeaa3a0f6edc6e79cc8182b41500cdb6f3ce9323446128ad3dce35712c39\": request timeout"
time="2026-09-13T02:32:40Z" level=warning msg="Request Failed" error="Get \"http://nginx/api/admissions/d1a57ea533f8f92019ccd69e01dba6762cccc4a800175fb41b76c3b6957fb554\": request timeout"
time="2026-09-13T02:32:40Z" level=warning msg="Request Failed" error="Get \"http://nginx/api/admissions/01c268cd2fbb7190fabfd705e5e1867f1c06dac3228b97cfb27502f9f546410a\": request timeout"
time="2026-09-13T02:32:40Z" level=warning msg="Request Failed" error="Get \"http://nginx/api/admissions/9455768f52512c93c27d84dade7f13e97e325943354984386506db4f59eee287\": request timeout"
time="2026-09-13T02:32:40Z" level=warning msg="Request Failed" error="Get \"http://nginx/api/admissions/88b9c2c41a5858edf0fb063ac08d19bd0123bdbda29451866fe158a3bea463f7\": request timeout"

running (1m17.9s), 01918/02018 VUs, 2199 complete and 0 interrupted iterations
browsers ??[ 100% ] 02018/02018 VUs  1m0s  100.00 iters/s
time="2026-09-13T02:32:40Z" level=warning msg="Request Failed" error="Get \"http://nginx/api/admissions/8dbbbc5e1318bde4121baf2f2d8313d4232eae935f648f0c04d5086b6468bd93\": request timeout"
time="2026-09-13T02:32:40Z" level=warning msg="Request Failed" error="Get \"http://nginx/api/admissions/5721528771b4e78bcc40cc1c2009bdd6ba919b5dbfa03ae184f66902c6f43454\": request timeout"
time="2026-09-13T02:32:40Z" level=warning msg="Request Failed" error="Get \"http://nginx/api/admissions/87f4bbdc4ada4985233b2bdb96cae72f0fb680eb69ce1afca0e8ce75f1a31e8d\": request timeout"
time="2026-09-13T02:32:40Z" level=warning msg="Request Failed" error="Get \"http://nginx/api/admissions/e82ccb81efd517b604d34dbe89413ecfd0708dd8a6776c0e69f30183064cd266\": request timeout"
time="2026-09-13T02:32:40Z" level=warning msg="Request Failed" error="Get \"http://nginx/api/admissions/981815d29ac39f96d610b80c2b0057aaf1320eb81566480d1f6c8f8a5079ba42\": request timeout"
time="2026-09-13T02:32:40Z" level=warning msg="Request Failed" error="Get \"http://nginx/api/admissions/62b6df06d20d1a44e08dab6a1ccc48c77caf32f340a6132ed12e406a872e5651\": request timeout"
time="2026-09-13T02:32:40Z" level=warning msg="Request Failed" error="Get \"http://nginx/api/admissions/d88b34295c203b2948d0ba5504415d7a762e1dc7a85129232804899253176456\": request timeout"
time="2026-09-13T02:32:40Z" level=warning msg="Request Failed" error="Get \"http://nginx/api/admissions/37f4200d9d673055c7782d91db50b4e642d579f6705e48cc5218cabb73bea959\": request timeout"
time="2026-09-13T02:32:40Z" level=warning msg="Request Failed" error="Get \"http://nginx/api/admissions/62edfe1c4acbd35b16153f96500c3dee1c3834135c62fcfe02fa31782d0fbf8b\": request timeout"
time="2026-09-13T02:32:40Z" level=warning msg="Request Failed" error="Get \"http://nginx/api/admissions/f29cd0e421f975461053ac6b6bfac66255097f2c467c75b81bbdd1444bf74a43\": request timeout"
time="2026-09-13T02:32:40Z" level=warning msg="Request Failed" error="Get \"http://nginx/api/admissions/cea3726a5ac800cff5251847bf5d9347ee7bb5cc8056e3f2f03ac8cfdfc7e8c8\": request timeout"
time="2026-09-13T02:32:40Z" level=warning msg="Request Failed" error="Get \"http://nginx/api/admissions/e5c4df39c57b18efc1aa320f7089253a1192c5945f5a6013f64bdd40e5a259cd\": request timeout"
time="2026-09-13T02:32:40Z" level=warning msg="Request Failed" error="Get \"http://nginx/api/admissions/c32ea921773b36144f898e02ce14aea3ce20f69d1c725ee348661bde0fa2dbef\": request timeout"
time="2026-09-13T02:32:40Z" level=warning msg="Request Failed" error="Get \"http://nginx/api/admissions/af1f8b6560d626c7fc68c9557c6e28391417711238c6aa2156529c4cab6b6cd1\": request timeout"

running (1m18.9s), 01918/02018 VUs, 2199 complete and 0 interrupted iterations
browsers ??[ 100% ] 02018/02018 VUs  1m0s  100.00 iters/s

running (1m19.9s), 01918/02018 VUs, 2199 complete and 0 interrupted iterations
browsers ??[ 100% ] 02018/02018 VUs  1m0s  100.00 iters/s

running (1m20.9s), 01916/02018 VUs, 2201 complete and 0 interrupted iterations
browsers ??[ 100% ] 02018/02018 VUs  1m0s  100.00 iters/s

running (1m21.9s), 01908/02018 VUs, 2209 complete and 0 interrupted iterations
browsers ??[ 100% ] 02018/02018 VUs  1m0s  100.00 iters/s

running (1m22.9s), 01897/02018 VUs, 2220 complete and 0 interrupted iterations
browsers ??[ 100% ] 02018/02018 VUs  1m0s  100.00 iters/s

running (1m23.9s), 01889/02018 VUs, 2228 complete and 0 interrupted iterations
browsers ??[ 100% ] 02018/02018 VUs  1m0s  100.00 iters/s

running (1m24.9s), 01884/02018 VUs, 2233 complete and 0 interrupted iterations
browsers ??[ 100% ] 02018/02018 VUs  1m0s  100.00 iters/s

running (1m25.9s), 01877/02018 VUs, 2240 complete and 0 interrupted iterations
browsers ??[ 100% ] 02018/02018 VUs  1m0s  100.00 iters/s
time="2026-09-13T02:32:48Z" level=warning msg="Request Failed" error="Get \"http://nginx/api/admissions/36cc406685b4a50e15ffe28b4cf8b9e8fe3b375a006693d10940668bb7337a79\": request timeout"
time="2026-09-13T02:32:48Z" level=warning msg="Request Failed" error="Get \"http://nginx/api/admissions/7e8e4ea4c4e22a264952cbdacee99ac17d81af25fa1001962ea179037d2e7524\": request timeout"
time="2026-09-13T02:32:48Z" level=warning msg="Request Failed" error="Get \"http://nginx/api/admissions/ef78140e09f574bec921fdab33afac3241132e0fa4ef95f221326b8ffd617e99\": request timeout"
time="2026-09-13T02:32:48Z" level=warning msg="Request Failed" error="Get \"http://nginx/api/admissions/81bec139e563b2025ea0e11ace85d48513415fcbdac76a28f03571ed7d3bd5d0\": request timeout"
time="2026-09-13T02:32:48Z" level=warning msg="Request Failed" error="Get \"http://nginx/api/admissions/6fd30b6a35bb2d2439d846b0567dc39375cefd83c6eb4215092f26b166e1c686\": request timeout"
time="2026-09-13T02:32:48Z" level=warning msg="Request Failed" error="Get \"http://nginx/api/admissions/e751d5933b6f4ab0519ea3f42eba329b0c1c51816cd4ec23cfbe95fa13870331\": request timeout"
time="2026-09-13T02:32:48Z" level=warning msg="Request Failed" error="Get \"http://nginx/api/admissions/e4422486a2c9fee02fe64a240ae3043b9f443151f7cbb8b72559b27e30c7b629\": request timeout"
time="2026-09-13T02:32:48Z" level=warning msg="Request Failed" error="Get \"http://nginx/api/admissions/ba1b7ce9d414eb2ae1db81fe6a0bb8f00c4581b98fdeb09c034415d178bd7824\": request timeout"
time="2026-09-13T02:32:48Z" level=warning msg="Request Failed" error="Get \"http://nginx/api/admissions/18582494e21c750834a2d1cf186635fd02fe7d4a9ca5930011b04e28a37b909f\": request timeout"
time="2026-09-13T02:32:48Z" level=warning msg="Request Failed" error="Get \"http://nginx/api/admissions/c249ea9638a6660b5bb16f24b5131af611a001fc85c80f0f65dca760957b966d\": request timeout"
time="2026-09-13T02:32:48Z" level=warning msg="Request Failed" error="Get \"http://nginx/api/admissions/caca5ca9457c3f792023ff26f1af0b4e1a4f04cb8b1e2defea0e8517d9fb1502\": request timeout"
time="2026-09-13T02:32:48Z" level=warning msg="Request Failed" error="Get \"http://nginx/api/admissions/5351330b33d553144caa4bad7bc34cd7cb41dab8a672e1897238de2fae1cfc30\": request timeout"
time="2026-09-13T02:32:48Z" level=warning msg="Request Failed" error="Get \"http://nginx/api/admissions/c9dc06fb9888ea5d46207269116170fdcd5f68e191b6007be5dc4cf3db270111\": request timeout"
time="2026-09-13T02:32:48Z" level=warning msg="Request Failed" error="Get \"http://nginx/api/admissions/600509cfc112d6ec9fc29fdf1b549457154baba9e50b1b4e381262fe24e5cafe\": request timeout"
time="2026-09-13T02:32:48Z" level=warning msg="Request Failed" error="Get \"http://nginx/api/admissions/233e81d24bd0134fa22241aaaaa45529bf3a0f7c87040fcab39bb71076b49323\": request timeout"
time="2026-09-13T02:32:48Z" level=warning msg="Request Failed" error="Get \"http://nginx/api/admissions/76526663cbd156c43d979c93a137a9301a3efd077e0ced67dce92bc54a0a8716\": request timeout"
time="2026-09-13T02:32:48Z" level=warning msg="Request Failed" error="Get \"http://nginx/api/admissions/8f4f1e4cf1c4e505063f7e3df5155cd3c48f55340e8dcd9014e212e246285bec\": request timeout"
time="2026-09-13T02:32:48Z" level=warning msg="Request Failed" error="Get \"http://nginx/api/admissions/2bcc6bc8541222654c33f4fa7b405d5e42f21df6e37dfce0444d3949a0bedfed\": request timeout"
time="2026-09-13T02:32:48Z" level=warning msg="Request Failed" error="Get \"http://nginx/api/admissions/75cfe45a521b57d9d2d811c17313b47cb476adbb473197faf74a9aede437cf63\": request timeout"
time="2026-09-13T02:32:48Z" level=warning msg="Request Failed" error="Get \"http://nginx/api/admissions/871c6cfaa31a5d95d9ec6f9201bdf80f1880928a66a133451172a2fa49cf46cc\": request timeout"
time="2026-09-13T02:32:48Z" level=warning msg="Request Failed" error="Get \"http://nginx/api/admissions/83545068f2228b8a5fc3556fed461f86991d9a52a57a7a3d6582aa0dc74b2be0\": request timeout"
time="2026-09-13T02:32:48Z" level=warning msg="Request Failed" error="Get \"http://nginx/api/admissions/61a855d959868b6384b1a89014a0cea77ba95abc86cdbd516b70fce3f7b2d013\": request timeout"
time="2026-09-13T02:32:48Z" level=warning msg="Request Failed" error="Get \"http://nginx/api/admissions/c9dc1a89300858a78f357e06893aec5bdf60c3980e9888b9fb508b2bcc6fcbda\": request timeout"
time="2026-09-13T02:32:48Z" level=warning msg="Request Failed" error="Get \"http://nginx/api/admissions/83aa33ea998e34475569d6b510a549662d31172322f1a33faf938c3e721db849\": request timeout"
time="2026-09-13T02:32:48Z" level=warning msg="Request Failed" error="Get \"http://nginx/api/admissions/3bdf56469dd76762a1f4f838081e54e2643103623eb5f29432153d2e48d8389d\": request timeout"
time="2026-09-13T02:32:48Z" level=warning msg="Request Failed" error="Get \"http://nginx/api/admissions/81171eac0267fdb1251d8d8fed9102db870f97b18b525e1b6dcb08b27e8ae7ff\": request timeout"
time="2026-09-13T02:32:48Z" level=warning msg="Request Failed" error="Get \"http://nginx/api/admissions/c0051981550f69f0bd4734e9465efaad600803c43cc41f9dad0d568bf60ec0b8\": request timeout"
time="2026-09-13T02:32:48Z" level=warning msg="Request Failed" error="Get \"http://nginx/api/admissions/e17a2abcc5af9e1bf3fb3cd6ebc4728abdead74b213dd81c92ed6c75c32b7774\": request timeout"
time="2026-09-13T02:32:48Z" level=warning msg="Request Failed" error="Get \"http://nginx/api/admissions/b0f2334a94a52cc781e4dece187aaa84a5ef9d97b39add7c5976cd179d72a8af\": request timeout"
time="2026-09-13T02:32:48Z" level=warning msg="Request Failed" error="Get \"http://nginx/api/admissions/4f01519a9cc1344cf364ff8a4d98eeaafce45e6de9e62329abc2f02664d9a057\": request timeout"
time="2026-09-13T02:32:48Z" level=warning msg="Request Failed" error="Get \"http://nginx/api/admissions/1e26fd3de6ab9a61805cfa47834490735ff32a34506217ecabf8ca19f6cd439a\": request timeout"
time="2026-09-13T02:32:49Z" level=warning msg="Request Failed" error="Get \"http://nginx/api/admissions/cacb6f2189deb0bb9600d3d7aa36fd60cdfa6dce3d877db155079b5322881a07\": request timeout"
time="2026-09-13T02:32:49Z" level=warning msg="Request Failed" error="Get \"http://nginx/api/admissions/76f120c71bc4ae401a9fcf0f94e07b303e59d12f947ff49334495bce4e1a79d6\": request timeout"
time="2026-09-13T02:32:49Z" level=warning msg="Request Failed" error="Get \"http://nginx/api/admissions/36eb7982e09bed25c101fee614294913f7573284f0ad851ca631c081ae2e83ff\": request timeout"
time="2026-09-13T02:32:49Z" level=warning msg="Request Failed" error="Get \"http://nginx/api/admissions/a26c1e5fbad50af58019386d8b5c48fe4bf8968bf12d427aa0b6b56d2f75f33c\": request timeout"
time="2026-09-13T02:32:49Z" level=warning msg="Request Failed" error="Get \"http://nginx/api/admissions/7563322ecfeb82da7d2fa06ffc763d8d23fb4fc084de708c9f56d08e7fc39edd\": request timeout"
time="2026-09-13T02:32:49Z" level=warning msg="Request Failed" error="Get \"http://nginx/api/admissions/214089dfc3e29aa753264a96512659ac997757860fa6b53076aea55dfba564e8\": request timeout"
time="2026-09-13T02:32:49Z" level=warning msg="Request Failed" error="Get \"http://nginx/api/admissions/7a12867613025a85cbb31b906f10a47dca17b9fe48e5dbcfa147d0cc2d45cbd0\": request timeout"
time="2026-09-13T02:32:49Z" level=warning msg="Request Failed" error="Get \"http://nginx/api/admissions/a99241b6fb09c98cc426921da8e6654834b9c2ff024ed017d49de7e69e9370b7\": request timeout"
time="2026-09-13T02:32:49Z" level=warning msg="Request Failed" error="Get \"http://nginx/api/admissions/34adf6f94e0f2eadb7731e70500fdd11e379fd6d32c6ac1e09922b941997cc01\": request timeout"
time="2026-09-13T02:32:49Z" level=warning msg="Request Failed" error="Get \"http://nginx/api/admissions/99de155b07dada92f67f019b712323942256e5999ad3513c703ba81afe4dfe66\": request timeout"
time="2026-09-13T02:32:49Z" level=warning msg="Request Failed" error="Get \"http://nginx/api/admissions/00b6019e76ee5a6bd7bd5c3303062735788a784ad1b70a41fb3b9a48e39132c7\": request timeout"
time="2026-09-13T02:32:49Z" level=warning msg="Request Failed" error="Get \"http://nginx/api/admissions/528dd059dd4776e5ae74dc1cf88565de6856929c774f360f947d8aa633ac91c9\": request timeout"
time="2026-09-13T02:32:49Z" level=warning msg="Request Failed" error="Get \"http://nginx/api/admissions/e7e690ffad0d616db6d7ee48a0c77ebc91c8ef883edea13db56662131e3813e2\": request timeout"
time="2026-09-13T02:32:49Z" level=warning msg="Request Failed" error="Get \"http://nginx/api/admissions/86d0e143eb8970386cfef48086018ab4a110d7dda213e4b1ba2b86d0cba3c594\": request timeout"
time="2026-09-13T02:32:49Z" level=warning msg="Request Failed" error="Get \"http://nginx/api/admissions/e2d9e01b933c1614ed64c69a17139a5b37517d414b8eaea5c8a360ec82ba6e20\": request timeout"
time="2026-09-13T02:32:49Z" level=warning msg="Request Failed" error="Get \"http://nginx/api/admissions/4498fe67d8edf9a85c80b045c66dd75dcfd5cb87efc8f1e626febcc2c2f48e08\": request timeout"
time="2026-09-13T02:32:49Z" level=warning msg="Request Failed" error="Get \"http://nginx/api/admissions/574d97d2a5b83df6f6d949a3788b2a5f13cb1d4dea90d3aa26c0acde18b0402c\": request timeout"

running (1m26.9s), 01868/02018 VUs, 2249 complete and 0 interrupted iterations
browsers ??[ 100% ] 02018/02018 VUs  1m0s  100.00 iters/s
time="2026-09-13T02:32:49Z" level=warning msg="Request Failed" error="Get \"http://nginx/api/admissions/6199b4bead1c21860f0514f7adb34362ed42c74eaa107b80d2fbd62f341ae2b6\": request timeout"
time="2026-09-13T02:32:49Z" level=warning msg="Request Failed" error="Get \"http://nginx/api/admissions/413506738a0ef22b5ca49d435b525b2143cfc5100060ec60fcb08baeb162fe60\": request timeout"
time="2026-09-13T02:32:49Z" level=warning msg="Request Failed" error="Get \"http://nginx/api/admissions/5a662321579672d02ad73f958094b255bf4ca2fd02297e378ed93388f102ce60\": request timeout"
time="2026-09-13T02:32:49Z" level=warning msg="Request Failed" error="Get \"http://nginx/api/admissions/c97dbd1b62d8aba0e7b831d007b89f0b073533fde8aed5090bcdea2e81449557\": request timeout"
time="2026-09-13T02:32:49Z" level=warning msg="Request Failed" error="Get \"http://nginx/api/admissions/e251392dcc837b656d0b635b6db51f4335784331cea7ad321cc7e8cf7692026e\": request timeout"
time="2026-09-13T02:32:49Z" level=warning msg="Request Failed" error="Get \"http://nginx/api/admissions/ef8a9967952f4da8d47d3f928b362816fd07e957156443851f2ccc966d71ef39\": request timeout"
time="2026-09-13T02:32:49Z" level=warning msg="Request Failed" error="Get \"http://nginx/api/admissions/218453443a393cd8e9446f04654301a0c2eafbcafaac58739a943de44334ca06\": request timeout"
time="2026-09-13T02:32:49Z" level=warning msg="Request Failed" error="Get \"http://nginx/api/admissions/162cb6dc4ff9a60048830b5634c6d865c0584663e5b696f37f9ae753d6af4b5b\": request timeout"
time="2026-09-13T02:32:49Z" level=warning msg="Request Failed" error="Get \"http://nginx/api/admissions/637ee363c5629ced1185c8daf082701a61c6823880e36ad9ad3d399837fe88e9\": request timeout"
time="2026-09-13T02:32:49Z" level=warning msg="Request Failed" error="Get \"http://nginx/api/admissions/d80b16f69bb9f8b6b5c9ce41afe9701787c301376b6d3634ea97fad58a9be7fd\": request timeout"
time="2026-09-13T02:32:49Z" level=warning msg="Request Failed" error="Get \"http://nginx/api/admissions/f4eea0f207ff89655e2ed5dfbc775f3ba6173ee84328771461673da019ffdda5\": request timeout"
time="2026-09-13T02:32:49Z" level=warning msg="Request Failed" error="Get \"http://nginx/api/admissions/efb72e6b54e499faf948a5aaea7506f8a73c7db21126841f75443a7d9b2ea23f\": request timeout"
time="2026-09-13T02:32:49Z" level=warning msg="Request Failed" error="Get \"http://nginx/api/admissions/9f9c48cbf951e4fc027b69d5e7a1d6fe0ffdd90347ea2236c015adbaa2e2aeef\": request timeout"
time="2026-09-13T02:32:49Z" level=warning msg="Request Failed" error="Get \"http://nginx/api/admissions/70f154d58808855da5aa44d0f5f33c43df58bcaa39f272dc13a112fb2153cab9\": request timeout"
time="2026-09-13T02:32:49Z" level=warning msg="Request Failed" error="Get \"http://nginx/api/admissions/f89d4640fbbc5c52987620ff4cc2d130b0013c855a9b7ee340ea231aa2951216\": request timeout"
time="2026-09-13T02:32:49Z" level=warning msg="Request Failed" error="Get \"http://nginx/api/admissions/2e08dddd116ce52c67499f36d0075adc2532c99f004c86a9868daeda01091206\": request timeout"
time="2026-09-13T02:32:49Z" level=warning msg="Request Failed" error="Get \"http://nginx/api/admissions/7bffe1fac09a8ef9d686f7e18a04df09a94ded489ea7142955cf108eed7ad2ae\": request timeout"
time="2026-09-13T02:32:49Z" level=warning msg="Request Failed" error="Get \"http://nginx/api/admissions/b34d36a5913118f76a3aa40cc83305fdbf716a25176d94228e5ed056d6b9f5fe\": request timeout"
time="2026-09-13T02:32:49Z" level=warning msg="Request Failed" error="Get \"http://nginx/api/admissions/154a2c976418bf73d1f96fbecfd614d2ca6a0ce2e46f9b0c67695cf79be381b9\": request timeout"
time="2026-09-13T02:32:49Z" level=warning msg="Request Failed" error="Get \"http://nginx/api/admissions/d8f109f67139a31b993e2dac125136f25772531cdf3db374e47a11e07d594bff\": request timeout"
time="2026-09-13T02:32:49Z" level=warning msg="Request Failed" error="Get \"http://nginx/api/admissions/1db7ea59e5f0b9579195782615911f3ad3459640a44798a3c29be3882f5a5385\": request timeout"
time="2026-09-13T02:32:49Z" level=warning msg="Request Failed" error="Get \"http://nginx/api/admissions/d19b7901568e74c6623f311762fb16333264f5e469118cdb935452b2d30e6915\": request timeout"
time="2026-09-13T02:32:49Z" level=warning msg="Request Failed" error="Get \"http://nginx/api/admissions/66934ddb0d87b9fdfb8bb575a69fa34d53e923bb29d1c5249f8216dcaaf107d6\": request timeout"
time="2026-09-13T02:32:49Z" level=warning msg="Request Failed" error="Get \"http://nginx/api/admissions/c2c26847276b7be2b9a9565e0d8fa1674d6804f392a5af81a96f48acfeb0ede4\": request timeout"
time="2026-09-13T02:32:49Z" level=warning msg="Request Failed" error="Get \"http://nginx/api/admissions/dc9fb3269a4f98cece54be6df150b969be795e7d7f5face0d7c1d59cf29e20ea\": request timeout"
time="2026-09-13T02:32:49Z" level=warning msg="Request Failed" error="Get \"http://nginx/api/admissions/3eb2d899878c9a07793a6194dd4cebbc3f8d44003a144a0e5995d72440ef1852\": request timeout"
time="2026-09-13T02:32:49Z" level=warning msg="Request Failed" error="Get \"http://nginx/api/admissions/73a02e5b00567c9ad1950c84ca586227a8f4c2ead97a990efa385bd44717c71c\": request timeout"
time="2026-09-13T02:32:49Z" level=warning msg="Request Failed" error="Get \"http://nginx/api/admissions/ba30b2658d67ff698ef55bbf98f448c77598b945814e24f99e59fe250708351e\": request timeout"
time="2026-09-13T02:32:49Z" level=warning msg="Request Failed" error="Get \"http://nginx/api/admissions/800b22f750afad53f90ef60964b504cd74da708252159b5efe98ca425f0abad5\": request timeout"
time="2026-09-13T02:32:49Z" level=warning msg="Request Failed" error="Get \"http://nginx/api/admissions/8474455660c01e668baee80861c9d171e564d3a7d83167eec980d43574cb1310\": request timeout"
time="2026-09-13T02:32:49Z" level=warning msg="Request Failed" error="Get \"http://nginx/api/admissions/cd0983eb626ccdb6b2bb2a4a27b7e0b5cf645dc35b371231654393fe13bc837d\": request timeout"
time="2026-09-13T02:32:49Z" level=warning msg="Request Failed" error="Get \"http://nginx/api/admissions/2df7214c6707484d2cdf594e627b3b991a171ef34395cd686313659a7b185be1\": request timeout"
time="2026-09-13T02:32:49Z" level=warning msg="Request Failed" error="Get \"http://nginx/api/admissions/40f65161885183171ff09917f4890bbe5ff2975a75eb9b2f1f36f39a308d3459\": request timeout"
time="2026-09-13T02:32:49Z" level=warning msg="Request Failed" error="Get \"http://nginx/api/admissions/e5b1d3d2b502e5dc54c2c9cb3de99aa4591d5bf0ba6c47014b2e3b55476b4531\": request timeout"
time="2026-09-13T02:32:49Z" level=warning msg="Request Failed" error="Get \"http://nginx/api/admissions/fc5b139fedef9d51b64875d9f7f8408b4ac74b650b6c274f53c868656bf61a55\": request timeout"
time="2026-09-13T02:32:49Z" level=warning msg="Request Failed" error="Get \"http://nginx/api/admissions/1adb88573513a358f5ed5474bf87325025bf9aaa6304e6800f5fa8200ce60e23\": request timeout"
time="2026-09-13T02:32:49Z" level=warning msg="Request Failed" error="Get \"http://nginx/api/admissions/dae242ba0617634587f77f4723c172eab2897167358608a98e25b75c10c98698\": request timeout"
time="2026-09-13T02:32:49Z" level=warning msg="Request Failed" error="Get \"http://nginx/api/admissions/dd5eb830f30160601db781b2d9952cac3bf35a318cfb9648048d7ed0030ced35\": request timeout"
time="2026-09-13T02:32:49Z" level=warning msg="Request Failed" error="Get \"http://nginx/api/admissions/96298e8257ba6a88a068e90e774bfb51a5d29ee1d245256ad0d3ad62d932e693\": request timeout"
time="2026-09-13T02:32:49Z" level=warning msg="Request Failed" error="Get \"http://nginx/api/admissions/0e34a6387503566956db21d8fcfc783bf89126ad6d135547926d2451eb655b34\": request timeout"
time="2026-09-13T02:32:49Z" level=warning msg="Request Failed" error="Get \"http://nginx/api/admissions/07be8324496722a61e1d881714efae742172150e4a1c2018f06d5bfafa12c54b\": request timeout"
time="2026-09-13T02:32:49Z" level=warning msg="Request Failed" error="Get \"http://nginx/api/admissions/5160b86a9c01386384811a2158d4cbae0407f70dfd69e2a941c2d08aa904aad1\": request timeout"
time="2026-09-13T02:32:49Z" level=warning msg="Request Failed" error="Get \"http://nginx/api/admissions/1edace211fa86c5e2f9583c237e58c43985a6f9843fec6d87b0fc9895b0c24ea\": request timeout"
time="2026-09-13T02:32:49Z" level=warning msg="Request Failed" error="Get \"http://nginx/api/admissions/1fb1a5da42ceabd9f860c8fbcc2f0b3cf1433f3da8039892b96f160c6e8e026d\": request timeout"
time="2026-09-13T02:32:49Z" level=warning msg="Request Failed" error="Get \"http://nginx/api/admissions/aa521c454184df789bee5e28e3e9067cb3f71884dbffd62d4801cc761f50a5a2\": request timeout"
time="2026-09-13T02:32:49Z" level=warning msg="Request Failed" error="Get \"http://nginx/api/admissions/ae1088dacc0e25624d0f1c70280025e068cd7b894926d328c2f187e70e167168\": request timeout"
time="2026-09-13T02:32:49Z" level=warning msg="Request Failed" error="Get \"http://nginx/api/admissions/215df9b9e57c099c59f0a54c9eb9de64e7d8a7f97625e1a3e50bbebb4aac56a3\": request timeout"
time="2026-09-13T02:32:49Z" level=warning msg="Request Failed" error="Get \"http://nginx/api/admissions/cca9e268c684a4f3abc9e5cae95653b2994636be1cc74e0726ff8d08d24d91b6\": request timeout"
time="2026-09-13T02:32:49Z" level=warning msg="Request Failed" error="Get \"http://nginx/api/admissions/d8c2b265b3b9211680cadea1d78c98c400c0441a4f75bb5c2e6a4e8467512930\": request timeout"
time="2026-09-13T02:32:49Z" level=warning msg="Request Failed" error="Get \"http://nginx/api/admissions/56d1971b15534a1974a6f48532bbc1f998cd7032754482c537cdac4d37721353\": request timeout"
time="2026-09-13T02:32:49Z" level=warning msg="Request Failed" error="Get \"http://nginx/api/admissions/2a5c1b8f3ef907c2f97aa7dfe515e7277a58e9d05ee624c55faf0e8fbcf03aca\": request timeout"
time="2026-09-13T02:32:49Z" level=warning msg="Request Failed" error="Get \"http://nginx/api/admissions/1b3f9770412eced894f19b327648dc451f9ca39c565e8d09860065beceb98928\": request timeout"
time="2026-09-13T02:32:49Z" level=warning msg="Request Failed" error="Get \"http://nginx/api/admissions/5a2ec25c73ce51476283f7a8af26e5167bc2bba117a5e2a18766eea3fd5900be\": request timeout"
time="2026-09-13T02:32:49Z" level=warning msg="Request Failed" error="Get \"http://nginx/api/admissions/841f32639aa1f9419742ecfdca54b796736de8fc82f3a9d0a68ecc10f0072d2b\": request timeout"
time="2026-09-13T02:32:49Z" level=warning msg="Request Failed" error="Get \"http://nginx/api/admissions/c41bf6e20661608713015e0385b069db177f5503df256edf5df95e611b675a5b\": request timeout"
time="2026-09-13T02:32:49Z" level=warning msg="Request Failed" error="Get \"http://nginx/api/admissions/38671617eafdb7b4429753bb16a35d11c982d8e0d65b936a1093837eb3e74d7b\": request timeout"
time="2026-09-13T02:32:49Z" level=warning msg="Request Failed" error="Get \"http://nginx/api/admissions/990a5c272884b8f77e2f23388bfc1cae372f7c2e9ce0c61abddefe1eeff6368e\": request timeout"
time="2026-09-13T02:32:49Z" level=warning msg="Request Failed" error="Get \"http://nginx/api/admissions/55b14f40d1b4e7104a1377d742fa095a0bb99da02dc4f03bcb5a5f79232b90b9\": request timeout"
time="2026-09-13T02:32:49Z" level=warning msg="Request Failed" error="Get \"http://nginx/api/admissions/7402bf0fb0e8b41393cf0341757224adbac22d247d7ecd4844179d1b23ebc87f\": request timeout"
time="2026-09-13T02:32:49Z" level=warning msg="Request Failed" error="Get \"http://nginx/api/admissions/a3bd9912dc6e09b6472c7fab1e8503be62126c4a4740799d490ed2378c6fbe83\": request timeout"
time="2026-09-13T02:32:49Z" level=warning msg="Request Failed" error="Get \"http://nginx/api/admissions/dbfb11202deed12c2ff4cb06f948495484706523db22ac58899c8873bcb4641e\": request timeout"
time="2026-09-13T02:32:49Z" level=warning msg="Request Failed" error="Get \"http://nginx/api/admissions/c348bf87b8334cb40e710fb93aa2d977283a92c472fb6c2c61a54e9481bd1df8\": request timeout"
time="2026-09-13T02:32:49Z" level=warning msg="Request Failed" error="Get \"http://nginx/api/admissions/c1fd65298accf7f993ef7720c80dd587778873b14eed9774d28fb908b8aefd20\": request timeout"
time="2026-09-13T02:32:49Z" level=warning msg="Request Failed" error="Get \"http://nginx/api/admissions/ea7304c1fbcff2ab678de32355abe92b7ea0d9c2825ad75345959879261d5f0b\": request timeout"
time="2026-09-13T02:32:49Z" level=warning msg="Request Failed" error="Get \"http://nginx/api/admissions/dee1d4cae66c8460076cd76ad92c1091ac11c875089ee2ad603476982c1c53c0\": request timeout"
time="2026-09-13T02:32:49Z" level=warning msg="Request Failed" error="Get \"http://nginx/api/admissions/c2598342d6ce3578b40eb2d8d65f6c135d7587c29038945f22769995cf749489\": request timeout"
time="2026-09-13T02:32:49Z" level=warning msg="Request Failed" error="Get \"http://nginx/api/admissions/360473bde313ebc2a2175f5c9a4241d612d7f263cb0f67d38a061d815a16742a\": request timeout"
time="2026-09-13T02:32:49Z" level=warning msg="Request Failed" error="Get \"http://nginx/api/admissions/e20b7d971f1610a310e0a415b4bac1e7b7e8db407e81768822c37054969795aa\": request timeout"
time="2026-09-13T02:32:49Z" level=warning msg="Request Failed" error="Get \"http://nginx/api/admissions/9a7417057be0a699383acdfe81500b3568b1434a74ab4daee1af005c06edc6dd\": request timeout"
time="2026-09-13T02:32:49Z" level=warning msg="Request Failed" error="Get \"http://nginx/api/admissions/c3565d0a3cbc85d4e83e5b81f40e78db6312322f5c057a19cc696286b69f4e6f\": request timeout"
time="2026-09-13T02:32:50Z" level=warning msg="Request Failed" error="Get \"http://nginx/api/admissions/b7986cb1a108ead96f63f1bfe39efed4fecd41c766913f40c5d47c1a5fdab807\": request timeout"
time="2026-09-13T02:32:50Z" level=warning msg="Request Failed" error="Get \"http://nginx/api/admissions/4316ff384554b933e021a3c1a9f0fca3bf09b72a05072f7e85dae629d9694a76\": request timeout"
time="2026-09-13T02:32:50Z" level=warning msg="Request Failed" error="Get \"http://nginx/api/admissions/14cb33dd191dc5e9ddcd74399589308c269f11a118c7a26691f98769a47d7503\": request timeout"
time="2026-09-13T02:32:50Z" level=warning msg="Request Failed" error="Get \"http://nginx/api/admissions/df15c85552b3128dd147f81710f0d41753bdac631913d920bd5946c2a9d41a78\": request timeout"
time="2026-09-13T02:32:50Z" level=warning msg="Request Failed" error="Get \"http://nginx/api/admissions/4c85e2e77ba78cff9806b82fe5931092e6c98254e9c1f3ef57566f9cbd7f40c7\": request timeout"
time="2026-09-13T02:32:50Z" level=warning msg="Request Failed" error="Get \"http://nginx/api/admissions/968df357e428824370c0c08041efbce76233ef40cb97253df729516a8bc7d947\": request timeout"
time="2026-09-13T02:32:50Z" level=warning msg="Request Failed" error="Get \"http://nginx/api/admissions/c1d3252a2efb7e195e9239ecdce48cc69c83306439118743a3b3273b3f2c5f78\": request timeout"
time="2026-09-13T02:32:50Z" level=warning msg="Request Failed" error="Get \"http://nginx/api/admissions/16e582ead268d7b6d4984eaa9be6c3dab0715a510a990377b18e0849b8894ebf\": request timeout"
time="2026-09-13T02:32:50Z" level=warning msg="Request Failed" error="Get \"http://nginx/api/admissions/0c61203d900ac2b9d7e4505345b2f1201c123726f3264c2688d06faabaf63710\": request timeout"
time="2026-09-13T02:32:50Z" level=warning msg="Request Failed" error="Get \"http://nginx/api/admissions/875b9fe37ec9e745ddaab6ee9212b61a2419f2239cb5ee4c0d0f77abbe2f9a11\": request timeout"
time="2026-09-13T02:32:50Z" level=warning msg="Request Failed" error="Get \"http://nginx/api/admissions/619c2c687d583d2f63d7d7eb33cdf69bc41b88fe6766d301ff3484f2dccab90a\": request timeout"
time="2026-09-13T02:32:50Z" level=warning msg="Request Failed" error="Get \"http://nginx/api/admissions/3ed0c1dc1c037f081ea1889ef68e472230fbe3162db72e1bf1e836b2ad7d4d26\": request timeout"
time="2026-09-13T02:32:50Z" level=warning msg="Request Failed" error="Get \"http://nginx/api/admissions/c790137c8cb72e7563aaead6e0615a52bb77b70d799fb3c287163652cdc808ce\": request timeout"
time="2026-09-13T02:32:50Z" level=warning msg="Request Failed" error="Get \"http://nginx/api/admissions/9d07143f0fb8b0b422d9a2e1f17efbf253e720710fe38acce13d28b53e02d505\": request timeout"
time="2026-09-13T02:32:50Z" level=warning msg="Request Failed" error="Get \"http://nginx/api/admissions/4a59c6275020a672cc1fd89c903aa66fb017c51d7719f35e91d0837fc31b274e\": request timeout"
time="2026-09-13T02:32:50Z" level=warning msg="Request Failed" error="Get \"http://nginx/api/admissions/1df10aee0c60512b03c58dee71321c50eef3e1e202375944127ee24c41b4bd33\": request timeout"
time="2026-09-13T02:32:50Z" level=warning msg="Request Failed" error="Get \"http://nginx/api/admissions/8dbbc656cecd7fe7276edea7eb7546b3b8ffdf789e436f4d5e93daeb129aa364\": request timeout"
time="2026-09-13T02:32:50Z" level=warning msg="Request Failed" error="Get \"http://nginx/api/admissions/009350e047c2bc553b57c44c203528a2b5ed526c29faf82df23c0eab90701fd9\": request timeout"
time="2026-09-13T02:32:50Z" level=warning msg="Request Failed" error="Get \"http://nginx/api/admissions/e7081561cd79d2f83e657f28867535901e09578f6b9b2b42a2185d43312def3e\": request timeout"
time="2026-09-13T02:32:50Z" level=warning msg="Request Failed" error="Get \"http://nginx/api/admissions/807f6c06aaf00000517ed9eae5d617e34aab940a368341716af1314ca6cd95f1\": request timeout"
time="2026-09-13T02:32:50Z" level=warning msg="Request Failed" error="Get \"http://nginx/api/admissions/041e41397e2cd0c60b310aee621a28e4ae4a8f7f1763ec9511dfed04bb280ff0\": request timeout"
time="2026-09-13T02:32:50Z" level=warning msg="Request Failed" error="Get \"http://nginx/api/admissions/41ab44013519ccbfb3502425a14198fe71467e2b1c75c0c5ab654f0142d993d1\": request timeout"
time="2026-09-13T02:32:50Z" level=warning msg="Request Failed" error="Get \"http://nginx/api/admissions/57c7eb04d7b7586d18d87fb914bd2479dc4e253de11352a2f7e26fc2881553f9\": request timeout"
time="2026-09-13T02:32:50Z" level=warning msg="Request Failed" error="Get \"http://nginx/api/admissions/20791ec4f580b51da415886768ef74034c4de4bc66cca473ceb8f41d45cdb6dd\": request timeout"
time="2026-09-13T02:32:50Z" level=warning msg="Request Failed" error="Get \"http://nginx/api/admissions/e46bc7cc5c4391d36788254f85d6cfec461663d275a968e876f13a38afd1950c\": request timeout"
time="2026-09-13T02:32:50Z" level=warning msg="Request Failed" error="Get \"http://nginx/api/admissions/c7f1ea71239a984edf33b48ee865d9354430a918fc36b5b2a1e3802da4a82b59\": request timeout"
time="2026-09-13T02:32:50Z" level=warning msg="Request Failed" error="Get \"http://nginx/api/admissions/b61dfe9762dd66185ca77c1e0fb474c52e7f4d548544c11334d391be6bfe5011\": request timeout"
time="2026-09-13T02:32:50Z" level=warning msg="Request Failed" error="Get \"http://nginx/api/admissions/12c649440ee507f26518c600b42d8a9788fc6000f03fc48a09ad701091143019\": request timeout"
time="2026-09-13T02:32:50Z" level=warning msg="Request Failed" error="Get \"http://nginx/api/admissions/1617774fea4082253673f0ccdb75590ce9f160303409d2fbcf219fe5f8a8b76d\": request timeout"
time="2026-09-13T02:32:50Z" level=warning msg="Request Failed" error="Get \"http://nginx/api/admissions/698a2e43eb43f4a246260fa644eea5d871d1d1f0d9120aca4875eb1d87c68975\": request timeout"

running (1m27.9s), 01868/02018 VUs, 2249 complete and 0 interrupted iterations
browsers ??[ 100% ] 02018/02018 VUs  1m0s  100.00 iters/s
time="2026-09-13T02:32:50Z" level=warning msg="Request Failed" error="Get \"http://nginx/api/admissions/5ce373fb4305f2cdb6ee4506c0dd43b65dbf5af5d7180d29e74210d6e9c8badd\": request timeout"
time="2026-09-13T02:32:50Z" level=warning msg="Request Failed" error="Get \"http://nginx/api/admissions/91aa2f31dacb2109f881f7b03a774180c378171b83f08fa7c243ad8735bd7af0\": request timeout"
time="2026-09-13T02:32:50Z" level=warning msg="Request Failed" error="Get \"http://nginx/api/admissions/625dd117eaede7fa1a0dd4b1849840277e72afd1e705feaa70459fdcb15b9949\": request timeout"
time="2026-09-13T02:32:50Z" level=warning msg="Request Failed" error="Get \"http://nginx/api/admissions/4e790dea1d5056a668db0e2ffebed3844c865b308dc9b457ff47dd6bc63bac06\": request timeout"
time="2026-09-13T02:32:50Z" level=warning msg="Request Failed" error="Get \"http://nginx/api/admissions/8c3f601c98c40e06cceafa0922c68134d4b34c3527a9f934fda12f9a2b5957f6\": request timeout"
time="2026-09-13T02:32:50Z" level=warning msg="Request Failed" error="Get \"http://nginx/api/admissions/f2df2330893338b6ceb047e47984a0eb6a117eaa4b3f095d8eb92c7e79602998\": request timeout"
time="2026-09-13T02:32:50Z" level=warning msg="Request Failed" error="Get \"http://nginx/api/admissions/8689944b4f88981a850654deb0cabcba34093be141b999e6f8285e983bbe6db6\": request timeout"
time="2026-09-13T02:32:50Z" level=warning msg="Request Failed" error="Get \"http://nginx/api/admissions/a3b61fc666e3f33d18adf7fc5fd02220c3ab316d6afd187d3b506c9f08fd8c93\": request timeout"
time="2026-09-13T02:32:50Z" level=warning msg="Request Failed" error="Get \"http://nginx/api/admissions/af659a32d5485eb17f917c36167e6376ba9565dae230a84d0089e65c5c44e290\": request timeout"
time="2026-09-13T02:32:50Z" level=warning msg="Request Failed" error="Get \"http://nginx/api/admissions/e931ee046de0396da6656b4b4d4eed05b5d1b4022dcf0d683a02dcedb7493436\": request timeout"
time="2026-09-13T02:32:50Z" level=warning msg="Request Failed" error="Get \"http://nginx/api/admissions/99fa78a74099e9d597b0910c28a30dbce12af42dc85f18519615d2ed1d317e4c\": request timeout"
time="2026-09-13T02:32:50Z" level=warning msg="Request Failed" error="Get \"http://nginx/api/admissions/29770992c6781e4815da4aec2e8d82af52d4425e9f9d504dc84566bba220dccd\": request timeout"
time="2026-09-13T02:32:50Z" level=warning msg="Request Failed" error="Get \"http://nginx/api/admissions/ac80ac868b2ceb647773aecfe5d9a338f1a4dff51a127e0570ac65b759f7abb1\": request timeout"
time="2026-09-13T02:32:50Z" level=warning msg="Request Failed" error="Get \"http://nginx/api/admissions/6b8fef48eb9a92194a3f464bc2f9986165115e9e7eb1d8fa0d33d49d509b081f\": request timeout"
time="2026-09-13T02:32:50Z" level=warning msg="Request Failed" error="Get \"http://nginx/api/admissions/11d78f260ea2299d211b38ce2328cae28374045d9319c8d49f18de072206c8b7\": request timeout"
time="2026-09-13T02:32:50Z" level=warning msg="Request Failed" error="Get \"http://nginx/api/admissions/0252d58c80981ad7ccae5b4e9b1e08e7ad5fd8cb759cea02b7a6033afd8541b7\": request timeout"
time="2026-09-13T02:32:50Z" level=warning msg="Request Failed" error="Get \"http://nginx/api/admissions/26d57036144e62c38f9117263779bebfebed521de449dfc27ac689a1ba22323d\": request timeout"
time="2026-09-13T02:32:50Z" level=warning msg="Request Failed" error="Get \"http://nginx/api/admissions/33d3e4c3de3896b9693b8e13dbbb04b2430f86f0e2fba533f6ca7dea279e87a3\": request timeout"
time="2026-09-13T02:32:50Z" level=warning msg="Request Failed" error="Get \"http://nginx/api/admissions/8bb28b66008b477533635b5bcad47c3b79193aa29cb9f4245d189a0b8a0fb19b\": request timeout"
time="2026-09-13T02:32:50Z" level=warning msg="Request Failed" error="Get \"http://nginx/api/admissions/73a2e46ccb5cf0daba94c6bc1590c9b6630c01ef2dd9b1768e8c3c183c3cc447\": request timeout"
time="2026-09-13T02:32:50Z" level=warning msg="Request Failed" error="Get \"http://nginx/api/admissions/a1d709a7a2efd2890dd29985dc53f21411a6563036ae2c4d778d742bf9de7d2d\": request timeout"
time="2026-09-13T02:32:50Z" level=warning msg="Request Failed" error="Get \"http://nginx/api/admissions/e0da74f38d9213a722b99ca8d7728bb4f401929b2b75949f4757b0b62f4a171a\": request timeout"
time="2026-09-13T02:32:50Z" level=warning msg="Request Failed" error="Get \"http://nginx/api/admissions/2ff60bfee7a83ec205b23c347546c4f76d52497edda9f13a69badab3af542863\": request timeout"
time="2026-09-13T02:32:50Z" level=warning msg="Request Failed" error="Get \"http://nginx/api/admissions/922e9664cd2f0cbcf670d1a3e6288efacf72c71e5761bab5726ff524bc147efb\": request timeout"
time="2026-09-13T02:32:50Z" level=warning msg="Request Failed" error="Get \"http://nginx/api/admissions/b01ab1b5ded38c7c89e40140095a851194302ce1caf75779489691d8c888fb7a\": request timeout"
time="2026-09-13T02:32:50Z" level=warning msg="Request Failed" error="Get \"http://nginx/api/admissions/5a5a49e08f71ec345817363cf097329d1cdc40efbd9ceeda07e614f911ce8f46\": request timeout"
time="2026-09-13T02:32:50Z" level=warning msg="Request Failed" error="Get \"http://nginx/api/admissions/c25169d2a4271017d399239fe3d19ea5614af74160b828909e1d5bf194bebed2\": request timeout"
time="2026-09-13T02:32:50Z" level=warning msg="Request Failed" error="Get \"http://nginx/api/admissions/a53143c285a0f3b73469b11728f897f704c39a2aabfab465ae791567ecf4155d\": request timeout"
time="2026-09-13T02:32:50Z" level=warning msg="Request Failed" error="Get \"http://nginx/api/admissions/72f9cf1e0ac287568947270a96d2dd05ef135bb2edad19b300ba616a17710dd7\": request timeout"
time="2026-09-13T02:32:50Z" level=warning msg="Request Failed" error="Get \"http://nginx/api/admissions/b4d0d810e2e070bae48dae1d9d6f2d4e5ec48b3539023c40809c001b1d12f5f3\": request timeout"
time="2026-09-13T02:32:50Z" level=warning msg="Request Failed" error="Get \"http://nginx/api/admissions/0a2c0fb991613430f852bec1550660e3e2cb742e4eaa838e70b47021e8fa75a9\": request timeout"
time="2026-09-13T02:32:50Z" level=warning msg="Request Failed" error="Get \"http://nginx/api/admissions/c4d2cf22871a1b21e7ceddd05bf8358bf535003b927fc64b8bcf4df821d801a2\": request timeout"
time="2026-09-13T02:32:50Z" level=warning msg="Request Failed" error="Get \"http://nginx/api/admissions/6e75f3141325af39825e6f323fae365c225adea8320ed967d771f491aaad5778\": request timeout"
time="2026-09-13T02:32:50Z" level=warning msg="Request Failed" error="Get \"http://nginx/api/admissions/8e982e05b9cb823db0a1644d0629bbf5f2f8fdc8f4b304407086d70a28312503\": request timeout"
time="2026-09-13T02:32:50Z" level=warning msg="Request Failed" error="Get \"http://nginx/api/admissions/74f7bdff2e30e14982b484c59c446fb418a0d1696831a1c8aed0712411c9410e\": request timeout"
time="2026-09-13T02:32:50Z" level=warning msg="Request Failed" error="Get \"http://nginx/api/admissions/4c7b6abd6d6fc67f62640000e458cc81fd1684310f998593e89c0863c6c6c65b\": request timeout"
time="2026-09-13T02:32:50Z" level=warning msg="Request Failed" error="Get \"http://nginx/api/admissions/7265b1b34199a46fd75ca9c2fda395999c692b8daa427d3973b997e6c64907d4\": request timeout"
time="2026-09-13T02:32:50Z" level=warning msg="Request Failed" error="Get \"http://nginx/api/admissions/32a8f9832753bc51a0c2bf7dd060429c831f3101e50236c42d22325880ca4ca1\": request timeout"
time="2026-09-13T02:32:50Z" level=warning msg="Request Failed" error="Get \"http://nginx/api/admissions/bcee671bf99d9888395dfd5639e3e152fc525daa366097186ce08ad7ac99d4ef\": request timeout"
time="2026-09-13T02:32:50Z" level=warning msg="Request Failed" error="Get \"http://nginx/api/admissions/c15a192050145a9f8bf87dc492bd7c87ce55effdd6d02d7c3fa54a7fc4db076a\": request timeout"
time="2026-09-13T02:32:50Z" level=warning msg="Request Failed" error="Get \"http://nginx/api/admissions/8ff894fc59053626568dd67fcc3ea499048970725eadf2ed09a22e49f514c059\": request timeout"
time="2026-09-13T02:32:50Z" level=warning msg="Request Failed" error="Get \"http://nginx/api/admissions/55a1ff649b5c88bbb115de3534612217493f9e56de2f904582e28da178b0e8f6\": request timeout"
time="2026-09-13T02:32:50Z" level=warning msg="Request Failed" error="Get \"http://nginx/api/admissions/e4ae74f04f9790115c6ca7a9c53029904fa1d2c9a28656c4c247ebcac77a685a\": request timeout"
time="2026-09-13T02:32:50Z" level=warning msg="Request Failed" error="Get \"http://nginx/api/admissions/f0e337a60e1aa51960f7baf2c7c0a5ee5064edc7db156a9b6fa914c9e6157933\": request timeout"
time="2026-09-13T02:32:50Z" level=warning msg="Request Failed" error="Get \"http://nginx/api/admissions/3f235480a707138ecc3f1be647b83cf0cc910038fce22810f7a9770435b957f1\": request timeout"
time="2026-09-13T02:32:50Z" level=warning msg="Request Failed" error="Get \"http://nginx/api/admissions/b956cc46a9310aa9c3ead251aa71acf8fbbdca9504e4d95b33ad6b2ab1324195\": request timeout"
time="2026-09-13T02:32:50Z" level=warning msg="Request Failed" error="Get \"http://nginx/api/admissions/3fe3ef62270ad6cc9b7407667a7e4e5fd4e74e4efacb84bc1e864ffecf191ac1\": request timeout"
time="2026-09-13T02:32:50Z" level=warning msg="Request Failed" error="Get \"http://nginx/api/admissions/dd1a9f640f56b867e75c64581e521e13744006b60079717f10b0ac7269ec879f\": request timeout"
time="2026-09-13T02:32:50Z" level=warning msg="Request Failed" error="Get \"http://nginx/api/admissions/7ecb0a480a668732f48167b4f034524c410245ecf91b9c59be05d6f346991b7b\": request timeout"
time="2026-09-13T02:32:50Z" level=warning msg="Request Failed" error="Get \"http://nginx/api/admissions/68b942d3492e55d49801b63c1a876b26763caaca70cf6dcdb99c511d5433c0f5\": request timeout"
time="2026-09-13T02:32:50Z" level=warning msg="Request Failed" error="Get \"http://nginx/api/admissions/2901a27048103174e9c55ff49d1c3696c872388628d4b41958f21dca8edeaaaa\": request timeout"
time="2026-09-13T02:32:50Z" level=warning msg="Request Failed" error="Get \"http://nginx/api/admissions/8acbce19f66130d779a56c698996a7e0a012416b3f9727eab74f3727c2c0a91d\": request timeout"
time="2026-09-13T02:32:50Z" level=warning msg="Request Failed" error="Get \"http://nginx/api/admissions/4c4774c8c0cfc76a7866eb5329e5b7b4e5bdd65836192c648c7d4b73dac546d6\": request timeout"
time="2026-09-13T02:32:50Z" level=warning msg="Request Failed" error="Get \"http://nginx/api/admissions/e7a08f5590ccc507ecdda496f3122b2b3b748f3bd1af9e5feddc645396fd9412\": request timeout"
time="2026-09-13T02:32:50Z" level=warning msg="Request Failed" error="Get \"http://nginx/api/admissions/7531906fa1023e43c11ec9c27716178f8bc509fdddc87bf12d6c2501e8aed11e\": request timeout"
time="2026-09-13T02:32:50Z" level=warning msg="Request Failed" error="Get \"http://nginx/api/admissions/382d18018292607c8e96642e46688c6ce6bf6da63b7db75e07c23bac0244ca40\": request timeout"
time="2026-09-13T02:32:50Z" level=warning msg="Request Failed" error="Get \"http://nginx/api/admissions/c05b861bed76a6f6a0475a71e2c961fbf9ae468e36283ea37b29b2d7d2bd878c\": request timeout"
time="2026-09-13T02:32:50Z" level=warning msg="Request Failed" error="Get \"http://nginx/api/admissions/fb2f5b515d584313c189d45e23a98af9c604b7a9e48e2ecdc49572bb47fd7aa0\": request timeout"
time="2026-09-13T02:32:50Z" level=warning msg="Request Failed" error="Get \"http://nginx/api/admissions/792a403893b7b59850cfc598a8253648b66bf1e354b5a6ba7d5fdf9399e1546c\": request timeout"
time="2026-09-13T02:32:50Z" level=warning msg="Request Failed" error="Get \"http://nginx/api/admissions/6d94bdc5f6d1c90262c6dc70fe7fbd0fefcdd7c97310d29468721adebfb642da\": request timeout"
time="2026-09-13T02:32:50Z" level=warning msg="Request Failed" error="Get \"http://nginx/api/admissions/42a42cb77525fd7fe4b7a48abb48586a41802d6a56af4ceebdb7ce19c84481d6\": request timeout"
time="2026-09-13T02:32:50Z" level=warning msg="Request Failed" error="Get \"http://nginx/api/admissions/a0d44df4ae26e3527446f7b8b1a8701a6c5b84274bd26efac501068784f56300\": request timeout"
time="2026-09-13T02:32:50Z" level=warning msg="Request Failed" error="Get \"http://nginx/api/admissions/7bf66b4045974322cb03112606aca35e46f0531a549dc2e267164298141ec29f\": request timeout"
time="2026-09-13T02:32:50Z" level=warning msg="Request Failed" error="Get \"http://nginx/api/admissions/6d0c2c2dde2d7c5406c4d41fe5800dce722c8f05f9cb54298d923165eaa0f9dd\": request timeout"
time="2026-09-13T02:32:50Z" level=warning msg="Request Failed" error="Get \"http://nginx/api/admissions/c93eabf9fd9027f0461dbac91cdb5448fe6afa7953161bd44616ce873128dd5d\": request timeout"
time="2026-09-13T02:32:50Z" level=warning msg="Request Failed" error="Get \"http://nginx/api/admissions/c367cc7a4d017bb6b0d07362c1abad9138336052606bc8366d8d9b54598b1dae\": request timeout"
time="2026-09-13T02:32:50Z" level=warning msg="Request Failed" error="Get \"http://nginx/api/admissions/81fbc5d3f014b3d63f094e3055e5b40282aae7db13eb9cf07800938868acd045\": request timeout"
time="2026-09-13T02:32:50Z" level=warning msg="Request Failed" error="Get \"http://nginx/api/admissions/c4ffd9c140d12dc88e98ce473902471808ca8199794686a4c592b13d286d5e6a\": request timeout"
time="2026-09-13T02:32:51Z" level=warning msg="Request Failed" error="Get \"http://nginx/api/admissions/9d6f9317d7886290e23c37a491487b392f1ee4c29b4ccf5da5444a570dd70dd7\": request timeout"

running (1m28.9s), 01868/02018 VUs, 2249 complete and 0 interrupted iterations
browsers ??[ 100% ] 02018/02018 VUs  1m0s  100.00 iters/s
time="2026-09-13T02:32:51Z" level=warning msg="Request Failed" error="Get \"http://nginx/api/admissions/42bfd0719f8efd7982b2da3b725ea2089602be5efc9443fc08e2df4f95bb3ca5\": request timeout"
time="2026-09-13T02:32:51Z" level=warning msg="Request Failed" error="Get \"http://nginx/api/admissions/3109b5d8645a367903f6cb1b5edd93b77dc4febf12a5ae8e7635fe5d6934a656\": request timeout"
time="2026-09-13T02:32:51Z" level=warning msg="Request Failed" error="Get \"http://nginx/api/admissions/13839806e042819a8605aeccd4c4b5c48c780904126880f001faf82fad33e437\": request timeout"
time="2026-09-13T02:32:51Z" level=warning msg="Request Failed" error="Get \"http://nginx/api/admissions/caec5f6c0c11bff3a8b8f1a3f8c971708bf92bdf730a3467453d3128aebf3c47\": request timeout"
time="2026-09-13T02:32:51Z" level=warning msg="Request Failed" error="Get \"http://nginx/api/admissions/155733c1e84ed8ba8e991299f513d3c9981516a68db3af6668da98132008efb0\": request timeout"
time="2026-09-13T02:32:51Z" level=warning msg="Request Failed" error="Get \"http://nginx/api/admissions/dbeba573eb2eea47d61a81cbbeb5b7dfda5024c886179449cc873e6adb6d591d\": request timeout"
time="2026-09-13T02:32:51Z" level=warning msg="Request Failed" error="Get \"http://nginx/api/admissions/bf7438701b1825ad561795700d5e3fb51224278a89cd59fae312e284cadf0e64\": request timeout"
time="2026-09-13T02:32:51Z" level=warning msg="Request Failed" error="Get \"http://nginx/api/admissions/74aa8828e8acd69c2410c18318f6ef5b4941e2449562e79d20fc0035832cb089\": request timeout"
time="2026-09-13T02:32:51Z" level=warning msg="Request Failed" error="Get \"http://nginx/api/admissions/85077cc08d51e1ff0279afc604ef8eef2f9a044c73148be5a27022416314beda\": request timeout"
time="2026-09-13T02:32:51Z" level=warning msg="Request Failed" error="Get \"http://nginx/api/admissions/5b5104972f267d2932978e8801203dbefb63d6c48ca22ed085634d713bc1c5e5\": request timeout"
time="2026-09-13T02:32:51Z" level=warning msg="Request Failed" error="Get \"http://nginx/api/admissions/6410d30ec89edd0fb39a43966ea9e2fef71ad17131a94400622411323d1f031a\": request timeout"
time="2026-09-13T02:32:51Z" level=warning msg="Request Failed" error="Get \"http://nginx/api/admissions/c2f9f76db3da3f2473c8631e1c02831358e568f19d30b4512473d1a3b52e055f\": request timeout"
time="2026-09-13T02:32:51Z" level=warning msg="Request Failed" error="Get \"http://nginx/api/admissions/cc5055316c1773541f88cb3e4a3853ecf8972a1156d303f3b08ec54939d85595\": request timeout"
time="2026-09-13T02:32:51Z" level=warning msg="Request Failed" error="Get \"http://nginx/api/admissions/d984e503a7556392644afd92bbc51df6ca12236350e9af032cc8db34304f0796\": request timeout"
time="2026-09-13T02:32:51Z" level=warning msg="Request Failed" error="Get \"http://nginx/api/admissions/61fac3c39545d4f1a3940fb6f9c1d253560e99d0454312a0d731b28d61613ac3\": request timeout"
time="2026-09-13T02:32:51Z" level=warning msg="Request Failed" error="Get \"http://nginx/api/admissions/c01561752946ad48447724bef81eabd8c74cf0c1cf4da9497812e5573ab7fe77\": request timeout"
time="2026-09-13T02:32:51Z" level=warning msg="Request Failed" error="Get \"http://nginx/api/admissions/e4fb3601e5d27586148949c8a94bd0639c988df15a180dc25977c05dc1429a8a\": request timeout"
time="2026-09-13T02:32:51Z" level=warning msg="Request Failed" error="Get \"http://nginx/api/admissions/3c6a1ad0c52d1f2231b4c14a27aa2e00761aa6eb7f05de9cb45a02a6ceed3962\": request timeout"
time="2026-09-13T02:32:51Z" level=warning msg="Request Failed" error="Get \"http://nginx/api/admissions/89a946e36990a70de3bf9f78130631a15e29a6c9bdadd42a65ae38ecce337065\": request timeout"
time="2026-09-13T02:32:51Z" level=warning msg="Request Failed" error="Get \"http://nginx/api/admissions/a1490c367e665ac72aecf35be3ea8f9bf78828b721c157335cd32afc9dc5b478\": request timeout"
time="2026-09-13T02:32:51Z" level=warning msg="Request Failed" error="Get \"http://nginx/api/admissions/eba5bac4b118ba7117d03a9679d6a39589ad6999531a15e0b14c4fab72aa6c3b\": request timeout"
time="2026-09-13T02:32:51Z" level=warning msg="Request Failed" error="Get \"http://nginx/api/admissions/b1c93252e26ad4ae73fbf7fc4f3e1f98e2b4aeb3af5e482801d93c5bc2af9d65\": request timeout"
time="2026-09-13T02:32:51Z" level=warning msg="Request Failed" error="Get \"http://nginx/api/admissions/86e02875ab75650d117d1c06857d65d12a10abdfb069fcd1821fc41b25b09db8\": request timeout"
time="2026-09-13T02:32:51Z" level=warning msg="Request Failed" error="Get \"http://nginx/api/admissions/7f72f6ef16d1bebf631da03c63e7532fe6e995a8d1ee7d4680c4e2b2c038229e\": request timeout"
time="2026-09-13T02:32:51Z" level=warning msg="Request Failed" error="Get \"http://nginx/api/admissions/8acbb23e2b9427a9573ccb18ea95fe78a6bd558fa5037f1819169b1b7893fd7d\": request timeout"
time="2026-09-13T02:32:51Z" level=warning msg="Request Failed" error="Get \"http://nginx/api/admissions/375393d60399da8ed54373ff102eef7b742c97fae14f69c7151f95f783cb874a\": request timeout"
time="2026-09-13T02:32:51Z" level=warning msg="Request Failed" error="Get \"http://nginx/api/admissions/7ed4ca5944c850aa8eb27ab5b683b081530b9bb9e0933bdac1fa7da1d86dda90\": request timeout"
time="2026-09-13T02:32:51Z" level=warning msg="Request Failed" error="Get \"http://nginx/api/admissions/de05cbad16dd3869bda9d44dabb0d0b7e674091437ea53641628745e7b7e72bc\": request timeout"
time="2026-09-13T02:32:51Z" level=warning msg="Request Failed" error="Get \"http://nginx/api/admissions/e4d1abb26ae2979039caaf9563144039f37bcd62a0d31d00844d3d217ed1b8fb\": request timeout"
time="2026-09-13T02:32:51Z" level=warning msg="Request Failed" error="Get \"http://nginx/api/admissions/eea8eaf5da83843070ab21186cabccbb974a0fcf4f3a352bd350a337a5ce3e52\": request timeout"
time="2026-09-13T02:32:51Z" level=warning msg="Request Failed" error="Get \"http://nginx/api/admissions/5baa3e4374229557385bba6b944c1546a0cf8a8ef238a1192e51430ae9bc3ca8\": request timeout"
time="2026-09-13T02:32:51Z" level=warning msg="Request Failed" error="Get \"http://nginx/api/admissions/1bfff9c3cc454fb02902bb26e013442e31a04dfcf47c4e2410d564a26b53948a\": request timeout"
time="2026-09-13T02:32:51Z" level=warning msg="Request Failed" error="Get \"http://nginx/api/admissions/77623868b6a0c9b867ae813370542b0cdd5e5a7c93b2d26eabe5a4d9cf5c8913\": request timeout"
time="2026-09-13T02:32:51Z" level=warning msg="Request Failed" error="Get \"http://nginx/api/admissions/fc47b677f87b32fd956364a4ed2d058892c161d3ee3185778898e07542b404ba\": request timeout"
time="2026-09-13T02:32:51Z" level=warning msg="Request Failed" error="Get \"http://nginx/api/admissions/a93fd875605544390e24aec81100fe03310973172562752097cf832a5694b100\": request timeout"
time="2026-09-13T02:32:51Z" level=warning msg="Request Failed" error="Get \"http://nginx/api/admissions/d9364cfeba400b3c18f3def5333221ec6baa6b0f803683c570ecb0741e0d623c\": request timeout"
time="2026-09-13T02:32:51Z" level=warning msg="Request Failed" error="Get \"http://nginx/api/admissions/e40665b2fc890cf5a25e446b9be44276a8435f3aef73f3f70ebdc424226f0445\": request timeout"
time="2026-09-13T02:32:51Z" level=warning msg="Request Failed" error="Get \"http://nginx/api/admissions/beb864e53e5bc3d32572d1013a63ff046defb9d25925b6f4166dcec84d713f36\": request timeout"
time="2026-09-13T02:32:51Z" level=warning msg="Request Failed" error="Get \"http://nginx/api/admissions/2328fb1f84ad2263a53e36aecb48603e54042fbc8ac372a5a306ed8d7cf21cd4\": request timeout"
time="2026-09-13T02:32:51Z" level=warning msg="Request Failed" error="Get \"http://nginx/api/admissions/96474208a3320599df6df2e93887c9a23e8995b33a791dab098cab74166f9b26\": request timeout"
time="2026-09-13T02:32:51Z" level=warning msg="Request Failed" error="Get \"http://nginx/api/admissions/d3c39483eb35d055c65e2ee9f8f846c5172bf3c6c34504292de636dab11ac08c\": request timeout"
time="2026-09-13T02:32:51Z" level=warning msg="Request Failed" error="Get \"http://nginx/api/admissions/fd1122d0e709ad6a6af941cbb194203bbba11e005a7347df6fb13da75bc79b8c\": request timeout"
time="2026-09-13T02:32:51Z" level=warning msg="Request Failed" error="Get \"http://nginx/api/admissions/42f99ae402d883721bf57f1934ceffbeee8d2137e40ceef9f94af3bce21b6901\": request timeout"
time="2026-09-13T02:32:52Z" level=warning msg="Request Failed" error="Get \"http://nginx/api/admissions/5d1fc77d169709734899d7c2c70c34023f92ea6b8c2c0889b4121e81421118a0\": request timeout"
time="2026-09-13T02:32:52Z" level=warning msg="Request Failed" error="Get \"http://nginx/api/admissions/11d5ccbb9991e8142022e6c88e7cd0513c3f277490025153738f5297b7509462\": request timeout"
time="2026-09-13T02:32:52Z" level=warning msg="Request Failed" error="Get \"http://nginx/api/admissions/956a0662ad9492d5172b634b301b8f80c1a67a6ee266a4d216805a6e62babbde\": request timeout"
time="2026-09-13T02:32:52Z" level=warning msg="Request Failed" error="Get \"http://nginx/api/admissions/a718d320d7d546fc07f9dc9c4d6fdcf1bcc136942dac2a2a582fdf592907986e\": request timeout"
time="2026-09-13T02:32:52Z" level=warning msg="Request Failed" error="Get \"http://nginx/api/admissions/60c09c3bda3dc959a0f67d3fb0a3a268f98f47f288bf793ecfa08b26dcb6821a\": request timeout"
time="2026-09-13T02:32:52Z" level=warning msg="Request Failed" error="Get \"http://nginx/api/admissions/4d5e2c14c42fd1dea11f821a1f6b278ebfe7410e0b23d831b450a48c3b66e267\": request timeout"
time="2026-09-13T02:32:52Z" level=warning msg="Request Failed" error="Get \"http://nginx/api/admissions/ac2c77f21e5fc97ba0172a69626fb400046d01c2cf5ee2b84b4ebe0c5c434dc7\": request timeout"
time="2026-09-13T02:32:52Z" level=warning msg="Request Failed" error="Get \"http://nginx/api/admissions/5a47e26a478fdff618fbf3083b6fb35660c5d060a00f8dd1b96f862964993af3\": request timeout"
time="2026-09-13T02:32:52Z" level=warning msg="Request Failed" error="Get \"http://nginx/api/admissions/0c12d73eb75578229c57c2c65caf0359f378f38a1fa7a1f1c8584b413a4d687f\": request timeout"
time="2026-09-13T02:32:52Z" level=warning msg="Request Failed" error="Get \"http://nginx/api/admissions/b554dc24efe4cb362d2c860b2e51a62d154a269ede2930f6646ed42bbc47f716\": request timeout"
time="2026-09-13T02:32:52Z" level=warning msg="Request Failed" error="Get \"http://nginx/api/admissions/8a542b0c071d48a0e435419a2356339a1c3fa12f1de8f63b7e73c05c28beb104\": request timeout"
time="2026-09-13T02:32:52Z" level=warning msg="Request Failed" error="Get \"http://nginx/api/admissions/f7380591541f5729e47906dfac3211a4d8df9bffde31a9344fe964b410449749\": request timeout"
time="2026-09-13T02:32:52Z" level=warning msg="Request Failed" error="Get \"http://nginx/api/admissions/d1813588be7d8175dfa69a03f34c8e1daf086b285a0595deb0979c752ddeb714\": request timeout"
time="2026-09-13T02:32:52Z" level=warning msg="Request Failed" error="Get \"http://nginx/api/admissions/310f0117271c5ef87d9764ca8d9e5ff6e41c1e24812f15c42d02af78753d6a18\": request timeout"
time="2026-09-13T02:32:52Z" level=warning msg="Request Failed" error="Get \"http://nginx/api/admissions/81195c707c05422ff41ca999688dbd124b02a1024884b18273918be929638008\": request timeout"
time="2026-09-13T02:32:52Z" level=warning msg="Request Failed" error="Get \"http://nginx/api/admissions/742c9ec8db96760dc3781ea05c9849733cfb86b243963e73badf886e4ed569ab\": request timeout"
time="2026-09-13T02:32:52Z" level=warning msg="Request Failed" error="Get \"http://nginx/api/admissions/02e26d848b7dab2b3064527aa8c83036dc9cf37c0ee005da45388eb3b14d89ff\": request timeout"
time="2026-09-13T02:32:52Z" level=warning msg="Request Failed" error="Get \"http://nginx/api/admissions/14454969185e6d22e1a4dbec630d7c7c9c73e8bcdafae6cbbb0d4a8a04d4c4d5\": request timeout"
time="2026-09-13T02:32:52Z" level=warning msg="Request Failed" error="Get \"http://nginx/api/admissions/ab659362674e73d57e33bfeea6b1c222d17dc057e9349eddd60fc2e57a5c75b0\": request timeout"
time="2026-09-13T02:32:52Z" level=warning msg="Request Failed" error="Get \"http://nginx/api/admissions/0bd24f7703607158ec3915c15ff61a9c92c53abf536d8b8ff211f6157c5b36a7\": request timeout"
time="2026-09-13T02:32:52Z" level=warning msg="Request Failed" error="Get \"http://nginx/api/admissions/025ed124fb584d021f3a370d11a53e4b00e6b8467c6361dd59ce404c600f2464\": request timeout"
time="2026-09-13T02:32:52Z" level=warning msg="Request Failed" error="Get \"http://nginx/api/admissions/f05ee6f2495cd2841a57f748d3b178f639028475f366fe52934eee55d1ced998\": request timeout"
time="2026-09-13T02:32:52Z" level=warning msg="Request Failed" error="Get \"http://nginx/api/admissions/8f9e88eaaa6c883d8372411b00e3bb40b50615ec56e14697c6905375d2120961\": request timeout"

running (1m29.9s), 01868/02018 VUs, 2249 complete and 0 interrupted iterations
browsers ??[ 100% ] 02018/02018 VUs  1m0s  100.00 iters/s
time="2026-09-13T02:32:52Z" level=warning msg="Request Failed" error="Get \"http://nginx/api/admissions/3cdace1dc3450b6c4714794ff8aea93153b6d9308604e4d01591b18c3038fa06\": request timeout"
time="2026-09-13T02:32:52Z" level=warning msg="Request Failed" error="Get \"http://nginx/api/admissions/5a9672f2b0cc58a4b1e2dadf1c2ee923e63ef87d98b514d0f9999617fc2d217d\": request timeout"
time="2026-09-13T02:32:52Z" level=warning msg="Request Failed" error="Get \"http://nginx/api/admissions/1b6e15c5597a125e387ee7f9fc95b52daf9de320f79729e853073ba0ed6c5038\": request timeout"
time="2026-09-13T02:32:52Z" level=warning msg="Request Failed" error="Get \"http://nginx/api/admissions/de31432a15fba144709191f9b76aac6777c45f8a6da118fe28d95fc9216159c3\": request timeout"
time="2026-09-13T02:32:52Z" level=warning msg="Request Failed" error="Get \"http://nginx/api/admissions/2fa70db962441ab846879cbd27f30e11df92ef1b29705f248e0e3507b6ccb3d0\": request timeout"
time="2026-09-13T02:32:52Z" level=warning msg="Request Failed" error="Get \"http://nginx/api/admissions/bc242081e6bb59d793a0f2aa840279c698b753375c1e054546f8ccb91594bea1\": request timeout"
time="2026-09-13T02:32:52Z" level=warning msg="Request Failed" error="Get \"http://nginx/api/admissions/10ab9cb67eef9dea6464d113e9de3170bce641369e47bfa70d31bf2c7f525a42\": request timeout"
time="2026-09-13T02:32:52Z" level=warning msg="Request Failed" error="Get \"http://nginx/api/admissions/c38107835415baed6672c1097ded0704d04d3997d36d6bd171fab34a4e2b70ed\": request timeout"
time="2026-09-13T02:32:52Z" level=warning msg="Request Failed" error="Get \"http://nginx/api/admissions/922a36acd2fed221bce893f8a9baa7e8470dc310832fa96b8a8450cda903a028\": request timeout"
time="2026-09-13T02:32:52Z" level=warning msg="Request Failed" error="Get \"http://nginx/api/admissions/95c7f2c4e475b23e77873013c10c91914eb8b5468934405be6f12dc14b5bdcf9\": request timeout"
time="2026-09-13T02:32:52Z" level=warning msg="Request Failed" error="Get \"http://nginx/api/admissions/4b6e351226aba9475200f7e09aec3ce9d030777df0210342e9d18370163d4b2e\": request timeout"
time="2026-09-13T02:32:52Z" level=warning msg="Request Failed" error="Get \"http://nginx/api/admissions/078406d458096db2de9cbd693211b095cdd53e3fd467758310bebb41c77773db\": request timeout"
time="2026-09-13T02:32:52Z" level=warning msg="Request Failed" error="Get \"http://nginx/api/admissions/0b5cbcabf2afe4d33a908d6a86a20c1f760dddf7b4e8feb2faf940d20c983a50\": request timeout"
time="2026-09-13T02:32:52Z" level=warning msg="Request Failed" error="Get \"http://nginx/api/admissions/9df5d8da93e68da13eea89021e00401b426db7cc58c4befeb32baaeb3eb641c2\": request timeout"
time="2026-09-13T02:32:52Z" level=warning msg="Request Failed" error="Get \"http://nginx/api/admissions/d15b0940147e55a94eebb0acc4a1adda8321fd6f28ca40826fe685c449db7db6\": request timeout"
time="2026-09-13T02:32:52Z" level=warning msg="Request Failed" error="Get \"http://nginx/api/admissions/348eeeb277d2aa164a4f840761a2b9a4a7e94867eea2ffc3cfd177615d5dcd96\": request timeout"
time="2026-09-13T02:32:52Z" level=warning msg="Request Failed" error="Get \"http://nginx/api/admissions/49d2d44bdcac7b42235c92d6c3707bb50d3c810ac731b33139317e81c34947b4\": request timeout"
time="2026-09-13T02:32:52Z" level=warning msg="Request Failed" error="Get \"http://nginx/api/admissions/7e2dbdb2672d3a85327a24966a644ee12c572da3d9d754c9e613c244acedfd5e\": request timeout"
time="2026-09-13T02:32:52Z" level=warning msg="Request Failed" error="Get \"http://nginx/api/admissions/9b9fcd399503321e5c038ee6a9b517bfcb3a822369b4bb0dae929f5c5565d7b2\": request timeout"
time="2026-09-13T02:32:52Z" level=warning msg="Request Failed" error="Get \"http://nginx/api/admissions/ca2367ee9f824142199ca8259908bdd99d98fe56afbd619a20a64cb475f24261\": request timeout"
time="2026-09-13T02:32:52Z" level=warning msg="Request Failed" error="Get \"http://nginx/api/admissions/5a438766c96dcb96d531fb6be14524700feabeec37982cf23be2afcc8292bfac\": request timeout"
time="2026-09-13T02:32:52Z" level=warning msg="Request Failed" error="Get \"http://nginx/api/admissions/89c16a0cfc10ff202970ad62078f1458b4580ce85ba8baf2efbce596670695ef\": request timeout"
time="2026-09-13T02:32:52Z" level=warning msg="Request Failed" error="Get \"http://nginx/api/admissions/25b5d7778dbed56b4098f8560445a783038e1bf9c7f787fb3a50cc80b1778877\": request timeout"
time="2026-09-13T02:32:52Z" level=warning msg="Request Failed" error="Get \"http://nginx/api/admissions/a62e88234aeb3ce08f17f5ee7fe93eff17f46dfdbfa27b6ef2ed78d00ae70cc6\": request timeout"
time="2026-09-13T02:32:52Z" level=warning msg="Request Failed" error="Get \"http://nginx/api/admissions/80a28231b897916d0586d8950906e2933f13c27361d1f89b8767daac169f2a63\": request timeout"
time="2026-09-13T02:32:52Z" level=warning msg="Request Failed" error="Get \"http://nginx/api/admissions/12c942abbe98c28b3557b8c1fc5bad7d94d118bbcd2b4106c0df77da8997c096\": request timeout"
time="2026-09-13T02:32:52Z" level=warning msg="Request Failed" error="Get \"http://nginx/api/admissions/0a9b25bc891a83894201cffce0313717842cdbd730a2841c5db62786f20ee02b\": request timeout"
time="2026-09-13T02:32:52Z" level=warning msg="Request Failed" error="Get \"http://nginx/api/admissions/b9815a387fdfd1f43bcff89ad65c06f3f26be773192b15d8a0fe3de970e0bab1\": request timeout"
time="2026-09-13T02:32:52Z" level=warning msg="Request Failed" error="Get \"http://nginx/api/admissions/de1ca4ba6ec92fd420c41079a49f57af6af1dc3800656e3471906a815481ee53\": request timeout"
time="2026-09-13T02:32:52Z" level=warning msg="Request Failed" error="Get \"http://nginx/api/admissions/6abf05a5660fabeb237a7ec82c50d77bc3f18691e792a78f88628b4219a59ade\": request timeout"

running (1m30.9s), 01865/02018 VUs, 2252 complete and 0 interrupted iterations
browsers ??[ 100% ] 02018/02018 VUs  1m0s  100.00 iters/s
time="2026-09-13T02:32:53Z" level=warning msg="Request Failed" error="Get \"http://nginx/api/admissions/2f4279666150afdcbefb44e80d5b744380f23e319b4def7b9a2802b32d8ad296\": request timeout"
time="2026-09-13T02:32:53Z" level=warning msg="Request Failed" error="Get \"http://nginx/api/admissions/166682a2cbdd110dc4e2f5a437ea51c7131efe0dda8034660941ddb127a2c640\": request timeout"
time="2026-09-13T02:32:53Z" level=warning msg="Request Failed" error="Get \"http://nginx/api/admissions/80bfdb7bf131313831d2fabfde46b737c02d1861b138928728f4568ed0bee3bb\": request timeout"
time="2026-09-13T02:32:53Z" level=warning msg="Request Failed" error="Get \"http://nginx/api/admissions/efa14bed4f64fb8660e961c9764973cbceed6b5ce7a007f0eaa77a056f13a3d9\": request timeout"
time="2026-09-13T02:32:53Z" level=warning msg="Request Failed" error="Get \"http://nginx/api/admissions/8821ac07f8172b733c67cd45c4c0fcbb6d18339f9b189693ae605a9faca45500\": request timeout"
time="2026-09-13T02:32:53Z" level=warning msg="Request Failed" error="Get \"http://nginx/api/admissions/7c545aa418dc249b8674b35a56c881af107ccd377878c70a2994b282cc606562\": request timeout"
time="2026-09-13T02:32:53Z" level=warning msg="Request Failed" error="Get \"http://nginx/api/admissions/fb109c998cf5c2f0bf4e01288de63978cb05d9fea1ea616407f0d8c3f402a639\": request timeout"
time="2026-09-13T02:32:53Z" level=warning msg="Request Failed" error="Get \"http://nginx/api/admissions/6d96beb2e6e069728e2dce37704836b4c9bff6f3379d7aeee35d637cd7da0023\": request timeout"
time="2026-09-13T02:32:53Z" level=warning msg="Request Failed" error="Get \"http://nginx/api/admissions/8ddc97ecaae63714c3ead5565b747931c2cb28de39c071b95c4fc679d6f45280\": request timeout"
time="2026-09-13T02:32:53Z" level=warning msg="Request Failed" error="Get \"http://nginx/api/admissions/0bf472beb6004f39aa7c99e76e25fbc0dadde1f02705e2dbb0835cd6f6bbd2be\": request timeout"
time="2026-09-13T02:32:53Z" level=warning msg="Request Failed" error="Get \"http://nginx/api/admissions/9f2596a87ed90f1d5981c6007dc62146ec1c304b8d8b5c01358a5e7e6ca74c79\": request timeout"
time="2026-09-13T02:32:53Z" level=warning msg="Request Failed" error="Get \"http://nginx/api/admissions/664bd7c69d1ca11edafb50a6bd138c2aa7e3925949eceecfaacb1e320969eb9d\": request timeout"
time="2026-09-13T02:32:53Z" level=warning msg="Request Failed" error="Get \"http://nginx/api/admissions/c826ec36c03bce6b888a5ea639569a0cd5743948d67d02032f223624cb19c9c4\": request timeout"
time="2026-09-13T02:32:53Z" level=warning msg="Request Failed" error="Get \"http://nginx/api/admissions/10ce21812fc132a07ca1ddd236f95b39a28fa77cd97b2ca3e60e625a5c2d4ef8\": request timeout"
time="2026-09-13T02:32:53Z" level=warning msg="Request Failed" error="Get \"http://nginx/api/admissions/9b000af64d4a194a5d89dc9edb0839802cad889076a2b6d1f0701a29b0371166\": request timeout"
time="2026-09-13T02:32:53Z" level=warning msg="Request Failed" error="Get \"http://nginx/api/admissions/a6a4cce29a21fa45de00b5b0ed2fc24cd8c03bf743d14af2959f58ab0ac6548d\": request timeout"
time="2026-09-13T02:32:54Z" level=warning msg="Request Failed" error="Get \"http://nginx/api/admissions/31b8e93206755ec033f3b725f2bbe574da83511fd68e82fcc1eca065c44e0e16\": request timeout"
time="2026-09-13T02:32:54Z" level=warning msg="Request Failed" error="Get \"http://nginx/api/admissions/78234b3308b3f6f2f5dba4f0fbfeec5a7c24c49c39102f4c1c49eace8a2314ac\": request timeout"
time="2026-09-13T02:32:54Z" level=warning msg="Request Failed" error="Get \"http://nginx/api/admissions/64d31c84e77297e5f4f8dfe41d999a044d02a177ab2bfa5fb1d1c4b54f6de7b6\": request timeout"
time="2026-09-13T02:32:54Z" level=warning msg="Request Failed" error="Get \"http://nginx/api/admissions/7973698ea7da19653e48e4679ca6da199de933325b143972477b64bf490e207f\": request timeout"
time="2026-09-13T02:32:54Z" level=warning msg="Request Failed" error="Get \"http://nginx/api/admissions/c77a514491de1b208484242dff4b4177d3c5ca63d284900104224495fbc6bad0\": request timeout"
time="2026-09-13T02:32:54Z" level=warning msg="Request Failed" error="Get \"http://nginx/api/admissions/682fac9bc58dacb46b69863babc64b625fa8e7d81317c1efc750ecf3e8ea1393\": request timeout"
time="2026-09-13T02:32:54Z" level=warning msg="Request Failed" error="Get \"http://nginx/api/admissions/8b14143d6daa793248c4bc2ebe74902b2d5b4d5154871138ff94e106416920a2\": request timeout"
time="2026-09-13T02:32:54Z" level=warning msg="Request Failed" error="Get \"http://nginx/api/admissions/c9277d9ce736d2e9fcd53352174d2dd6c6758ed38368a62328b0997d9d0c90c8\": request timeout"
time="2026-09-13T02:32:54Z" level=warning msg="Request Failed" error="Get \"http://nginx/api/admissions/027b7588786a80aedb2b2b63180dd366937ab30eb707f9e33b5425058d286d9f\": request timeout"
time="2026-09-13T02:32:54Z" level=warning msg="Request Failed" error="Get \"http://nginx/api/admissions/8ae7ad156b4135dc2388d3848db9e18050ab78129c9af1fdb8bf2a18861d3294\": request timeout"
time="2026-09-13T02:32:54Z" level=warning msg="Request Failed" error="Get \"http://nginx/api/admissions/ebbfbfe245a012a635ea30ac5ab9a1a65b8f4573aac2861ccd2776a611451acd\": request timeout"
time="2026-09-13T02:32:54Z" level=warning msg="Request Failed" error="Get \"http://nginx/api/admissions/0b193af559277dd0a9b4b8e7227620ad4410ea06e16b1c712dcbdbe69fcb8ba3\": request timeout"
time="2026-09-13T02:32:54Z" level=warning msg="Request Failed" error="Get \"http://nginx/api/admissions/63aa833ba952bf941c8bde6c9b14365006deed173cab2e7a3b5f7da9379ad7c7\": request timeout"
time="2026-09-13T02:32:54Z" level=warning msg="Request Failed" error="Get \"http://nginx/api/admissions/8427b4da290fc928229a999b2d3540dcfb1b7e26b2ac54eb1e38d6c76ec62e7f\": request timeout"
time="2026-09-13T02:32:54Z" level=warning msg="Request Failed" error="Get \"http://nginx/api/admissions/fab056f577d3784f6ab8315341ca443725c6b75e5239db767df24bf55d831bc1\": request timeout"
time="2026-09-13T02:32:54Z" level=warning msg="Request Failed" error="Get \"http://nginx/api/admissions/d4959d8a4bd87b9c9d28edee7a0d280580932f2dec3450e3dfaf369a9dafa4bd\": request timeout"
time="2026-09-13T02:32:54Z" level=warning msg="Request Failed" error="Get \"http://nginx/api/admissions/5933b0a2316738a7e08c6757ba270d1ac985e163401ecfb9642845e1eb8e8161\": request timeout"
time="2026-09-13T02:32:54Z" level=warning msg="Request Failed" error="Get \"http://nginx/api/admissions/56626bbcf08fad0c78a6a41bac58ed9d947b6f2b0e01d9d5dcb1ca097cfbf3cb\": request timeout"
time="2026-09-13T02:32:54Z" level=warning msg="Request Failed" error="Get \"http://nginx/api/admissions/1fb30651f49b0150daf04daabb8d2d77773584770f8b922726f14e0b1c3a0a24\": request timeout"
time="2026-09-13T02:32:54Z" level=warning msg="Request Failed" error="Get \"http://nginx/api/admissions/c0c55ec941e7c1bcf2d96d041c553d292633043dbcd1cd63e56dd3766bec1877\": request timeout"
time="2026-09-13T02:32:54Z" level=warning msg="Request Failed" error="Get \"http://nginx/api/admissions/24bb91776f7d037d79130b5d8c917195a3e764483e90c77d89dbd2d55033c0fd\": request timeout"
time="2026-09-13T02:32:54Z" level=warning msg="Request Failed" error="Get \"http://nginx/api/admissions/1ed06fb96536deb1538870fb0844f29df70e55ddc6cda4fd7774c395021fe949\": request timeout"
time="2026-09-13T02:32:54Z" level=warning msg="Request Failed" error="Get \"http://nginx/api/admissions/d67572a43baa454b7025f10409db22eb5c2630ce2144aeca7c1da77762866a0e\": request timeout"
time="2026-09-13T02:32:54Z" level=warning msg="Request Failed" error="Get \"http://nginx/api/admissions/80a4a849aa74048ae8f8db8a56a5c946e2b46ac195dc514832aff0384ab22027\": request timeout"
time="2026-09-13T02:32:54Z" level=warning msg="Request Failed" error="Get \"http://nginx/api/admissions/73b4b0343472710940217e6dc06cc33d1113cf19bddfee2d2f65970235f78c81\": request timeout"
time="2026-09-13T02:32:54Z" level=warning msg="Request Failed" error="Get \"http://nginx/api/admissions/533ffe299576280e478e2657a532fd97ad70d744b2f58fc67da5ad681f2f2b2b\": request timeout"
time="2026-09-13T02:32:54Z" level=warning msg="Request Failed" error="Get \"http://nginx/api/admissions/d541e38f87d7c814c8f8e7947a4fb9c91134bd97289bd3029e171c594271ded9\": request timeout"
time="2026-09-13T02:32:54Z" level=warning msg="Request Failed" error="Get \"http://nginx/api/admissions/0a66f476b363c548315deb98ac15ba9db9127cec74f44424b926ea2d6162c1eb\": request timeout"
time="2026-09-13T02:32:54Z" level=warning msg="Request Failed" error="Get \"http://nginx/api/admissions/c6c4eb86ce3e009c8868d57310cf9ceb4d0f44bc82bc933a607e015d4ec8b540\": request timeout"
time="2026-09-13T02:32:54Z" level=warning msg="Request Failed" error="Get \"http://nginx/api/admissions/38a07457c265765a9857b399f57116aabf081d36c8ba4d3ba8d85b64d3222c96\": request timeout"
time="2026-09-13T02:32:54Z" level=warning msg="Request Failed" error="Get \"http://nginx/api/admissions/2605f791b55b88e83edde8bd7670e77a22f837cfb36c29804bf5ea7c3fa7bf91\": request timeout"
time="2026-09-13T02:32:54Z" level=warning msg="Request Failed" error="Get \"http://nginx/api/admissions/075daea41a3693391f912dbdaad503ad9a6d1aac703e30149ef6f812567367b8\": request timeout"

time="2026-09-13T02:32:54Z" level=warning msg="Request Failed" error="Get \"http://nginx/api/admissions/5dabb50e00dd8dbda5df0710072878d6af6d19f01a3d363db94d424b8f9aa78b\": request timeout"
running (1m31.9s), 01858/02018 VUs, 2259 complete and 0 interrupted iterations
browsers ??[ 100% ] 02018/02018 VUs  1m0s  100.00 iters/s
time="2026-09-13T02:32:54Z" level=warning msg="Request Failed" error="Get \"http://nginx/api/admissions/f83a593870355f9038eead186f1f3d5a96b0808bcde14f6c46cf01cf00889f58\": request timeout"
time="2026-09-13T02:32:54Z" level=warning msg="Request Failed" error="Get \"http://nginx/api/admissions/02d52aee2b23ac9adc699f995b899fd29a663587ce472945e77a18dbf5cb2c90\": request timeout"
time="2026-09-13T02:32:54Z" level=warning msg="Request Failed" error="Get \"http://nginx/api/admissions/8cc0baa9019d365c8257464ffff9f6720df0e102f34a0921d01ec60410363a85\": request timeout"
time="2026-09-13T02:32:54Z" level=warning msg="Request Failed" error="Get \"http://nginx/api/admissions/1b26da661f98ca9c3c9819ad335c316d485f42cbc8037cab923ffb73be6b0845\": request timeout"
time="2026-09-13T02:32:54Z" level=warning msg="Request Failed" error="Get \"http://nginx/api/admissions/3ee15bbc4f31a58ab2990a05e721147804e0887040130f1408682328921f9c35\": request timeout"
time="2026-09-13T02:32:54Z" level=warning msg="Request Failed" error="Get \"http://nginx/api/admissions/7a335525476397a436b6e72e0da1134aed6e332ed5fca568e169fafd2db6c8f8\": request timeout"
time="2026-09-13T02:32:54Z" level=warning msg="Request Failed" error="Get \"http://nginx/api/admissions/704417807393768a86ed09e8b32bf3a70fe1ab4f91aba802b66bbf6e8c8bf19a\": request timeout"
time="2026-09-13T02:32:54Z" level=warning msg="Request Failed" error="Get \"http://nginx/api/admissions/1b8f07b65749beb61ac25f87e3264ca591ef06cb76be6cfc2b888897b4c8aaa1\": request timeout"
time="2026-09-13T02:32:54Z" level=warning msg="Request Failed" error="Get \"http://nginx/api/admissions/b0f0aa3503cdb5c92b3a4099cac49728d44b7ca69448f85bb28891a6be51adf4\": request timeout"
time="2026-09-13T02:32:54Z" level=warning msg="Request Failed" error="Get \"http://nginx/api/admissions/848b41b9710c3274920b095af69eb880dae2d27aa6a37eac3cdd2f819202338d\": request timeout"
time="2026-09-13T02:32:54Z" level=warning msg="Request Failed" error="Get \"http://nginx/api/admissions/820060462e416a3b3faeb1fa848516b8f240e989ce5d36eb44452384a93682b4\": request timeout"
time="2026-09-13T02:32:54Z" level=warning msg="Request Failed" error="Get \"http://nginx/api/admissions/77b358c9f36d73952432c163b25fd03d83cc07172f82c727ae6b1978ddae382b\": request timeout"
time="2026-09-13T02:32:54Z" level=warning msg="Request Failed" error="Get \"http://nginx/api/admissions/f4b01e8d44e318cd82272dd8a1a3d41f97ed9347237a7b740dc6c924012d9591\": request timeout"
time="2026-09-13T02:32:54Z" level=warning msg="Request Failed" error="Get \"http://nginx/api/admissions/7e8258af65e9892b686050ceae6584561f1e4d18689f831fbfaaef22a2bc34db\": request timeout"
time="2026-09-13T02:32:54Z" level=warning msg="Request Failed" error="Get \"http://nginx/api/admissions/416d494cee940e461495b03d86442187de1841bdc46d2928c9b18bd84ba90248\": request timeout"
time="2026-09-13T02:32:54Z" level=warning msg="Request Failed" error="Get \"http://nginx/api/admissions/91bf709facb82e4f1fba03838430e17a6f259c67b97e3a66b46ae06e426b5ecf\": request timeout"
time="2026-09-13T02:32:54Z" level=warning msg="Request Failed" error="Get \"http://nginx/api/admissions/fd28d48e02e685d66f77c8454fa7e3a26b9d5624fbb681ae96e604b1210e2f5f\": request timeout"
time="2026-09-13T02:32:54Z" level=warning msg="Request Failed" error="Get \"http://nginx/api/admissions/779870a3f97e1208635fdacf40113a1fe1e2f504ee569791093de686b72a2d09\": request timeout"
time="2026-09-13T02:32:54Z" level=warning msg="Request Failed" error="Get \"http://nginx/api/admissions/0e5c758c18a5713d15a97bbf4f1606a4ba2bb5c1a059912e88a65c13b91d556e\": request timeout"
time="2026-09-13T02:32:54Z" level=warning msg="Request Failed" error="Get \"http://nginx/api/admissions/ee61d177b5e9a6e56045d2679a9d9f65e4ea3be303b0fd1ab87846aea720c8ff\": request timeout"
time="2026-09-13T02:32:54Z" level=warning msg="Request Failed" error="Get \"http://nginx/api/admissions/f7c6c81b9c8c191d3addbc9294945265e640ee694f7bd60ed9e5dd19371541dd\": request timeout"
time="2026-09-13T02:32:54Z" level=warning msg="Request Failed" error="Get \"http://nginx/api/admissions/9c2b38bfb6b0ca33bc3e30cf404f05a4e59c404fd04123bec8397421a0e387d0\": request timeout"
time="2026-09-13T02:32:54Z" level=warning msg="Request Failed" error="Get \"http://nginx/api/admissions/94f6d63959dc837decc75ba1aef5c071f64bbaeb978454f70cfcb379b6b8164b\": request timeout"
time="2026-09-13T02:32:54Z" level=warning msg="Request Failed" error="Get \"http://nginx/api/admissions/d01748383232e6bfd886c2ed57b3f00c4992aa329f522fb4c71ad03ba5e0681a\": request timeout"
time="2026-09-13T02:32:54Z" level=warning msg="Request Failed" error="Get \"http://nginx/api/admissions/2840edfe5aab33816fc4015ad027c78ad7e1f450a29734fae351bf92008c40e8\": request timeout"
time="2026-09-13T02:32:54Z" level=warning msg="Request Failed" error="Get \"http://nginx/api/admissions/f71eea886e6d443e6a23aecaba7b42f46665a455b73bcba6519a7ea4cbe0f1db\": request timeout"
time="2026-09-13T02:32:54Z" level=warning msg="Request Failed" error="Get \"http://nginx/api/admissions/6b6c0cbf5e0c30faa9eba8a384cdde2000698e6723db920c3a06a36c856ea708\": request timeout"
time="2026-09-13T02:32:54Z" level=warning msg="Request Failed" error="Get \"http://nginx/api/admissions/1cdccab3d8f8643df7c553bff1270353030dbab1d0238f24386d44c3adc3ed14\": request timeout"
time="2026-09-13T02:32:54Z" level=warning msg="Request Failed" error="Get \"http://nginx/api/admissions/d13907c02b7505b0d3320702a247776175b30e8f7d792f3b58daa54a1b67b99d\": request timeout"
time="2026-09-13T02:32:54Z" level=warning msg="Request Failed" error="Get \"http://nginx/api/admissions/11d0724a68f06114e871fab641df66cb672d8b33f825a1cee21ea7dab096444f\": request timeout"
time="2026-09-13T02:32:54Z" level=warning msg="Request Failed" error="Get \"http://nginx/api/admissions/9c7e0e8544163a2bf4b8f1e97c583e37b06e8c92280822444b606a37ee447347\": request timeout"
time="2026-09-13T02:32:54Z" level=warning msg="Request Failed" error="Get \"http://nginx/api/admissions/525c8c62e236485b9be3d65f8406117a842a0a4179fe8ba8be08196ba9c26cdd\": request timeout"
time="2026-09-13T02:32:54Z" level=warning msg="Request Failed" error="Get \"http://nginx/api/admissions/43ca89b6619ffb9d9b4961429e33fa96648a9533e780000907c53aaccf0fc728\": request timeout"
time="2026-09-13T02:32:54Z" level=warning msg="Request Failed" error="Get \"http://nginx/api/admissions/644352f239d80e19c57e7e7544372150389cf6d2bd3b6f086d1ceebceeb176c4\": request timeout"
time="2026-09-13T02:32:54Z" level=warning msg="Request Failed" error="Get \"http://nginx/api/admissions/da2d406facf287e22675b6b99422eb2b9d458564893a075d389aef4647222702\": request timeout"
time="2026-09-13T02:32:54Z" level=warning msg="Request Failed" error="Get \"http://nginx/api/admissions/95e138d2d9da6cf70d998ae46c370cc66105283ebd2774bd8dad6de447fa686c\": request timeout"
time="2026-09-13T02:32:54Z" level=warning msg="Request Failed" error="Get \"http://nginx/api/admissions/9d1f1f60b83551d6cc8e9840c60668c1822afac9def921318f34364b77a3bb1b\": request timeout"
time="2026-09-13T02:32:54Z" level=warning msg="Request Failed" error="Get \"http://nginx/api/admissions/3bba040e850ec12f06317b5eb26aa405091b21eb4a88ffea5576f069c7f80f14\": request timeout"
time="2026-09-13T02:32:54Z" level=warning msg="Request Failed" error="Get \"http://nginx/api/admissions/3d87289622fa80013445fde29b5cbe7579b340e7b6152955d69e8c7b9afa9a96\": request timeout"
time="2026-09-13T02:32:54Z" level=warning msg="Request Failed" error="Get \"http://nginx/api/admissions/4670021c1919edb26184e1dd38828997ceed27e922932f9455acb1a82be29048\": request timeout"
time="2026-09-13T02:32:54Z" level=warning msg="Request Failed" error="Get \"http://nginx/api/admissions/f4e12caf6bab882f0021960e09eb988786e8c3b32b35247b1789b395a2c8bfe9\": request timeout"
time="2026-09-13T02:32:54Z" level=warning msg="Request Failed" error="Get \"http://nginx/api/admissions/f5adab5aad236c5a07cc241f5a5640c8299b8dde5a9c3d961032693b97221dc9\": request timeout"
time="2026-09-13T02:32:54Z" level=warning msg="Request Failed" error="Get \"http://nginx/api/admissions/d3a67d50b3bbbaacef05879b7bc709accbb997b2f476a16f495f05daa71f6fc5\": request timeout"
time="2026-09-13T02:32:54Z" level=warning msg="Request Failed" error="Get \"http://nginx/api/admissions/54ce60a5ed73fb82eb69aad325b844c0d279d42cd24ca366edfb93be3803fadb\": request timeout"
time="2026-09-13T02:32:54Z" level=warning msg="Request Failed" error="Get \"http://nginx/api/admissions/7671deec2bd23a60ae8cc03bb9e0a14b36a95da3e14a334664d801a5292e23dd\": request timeout"
time="2026-09-13T02:32:54Z" level=warning msg="Request Failed" error="Get \"http://nginx/api/admissions/5918be2d7410c26d5449064bc02f71e450f8b792b6a193a6c48607cde9d7f4ab\": request timeout"
time="2026-09-13T02:32:54Z" level=warning msg="Request Failed" error="Get \"http://nginx/api/admissions/e0ec0d86effea89192f8e21c55d45aea40cc71ea4746841f25fc437dd9162538\": request timeout"

running (1m32.9s), 01849/02018 VUs, 2268 complete and 0 interrupted iterations
browsers ??[ 100% ] 02018/02018 VUs  1m0s  100.00 iters/s

running (1m33.9s), 01842/02018 VUs, 2275 complete and 0 interrupted iterations
browsers ??[ 100% ] 02018/02018 VUs  1m0s  100.00 iters/s
time="2026-09-13T02:32:57Z" level=warning msg="Request Failed" error="Get \"http://nginx/api/admissions/aa30cce6fad491521724ad881c4e0cfced8aeec820487b0801b702def15e0741\": request timeout"
time="2026-09-13T02:32:57Z" level=warning msg="Request Failed" error="Get \"http://nginx/api/admissions/b95cf64e353fd6a08c418866f29903e702234e43b0537678094ad59092393b63\": request timeout"
time="2026-09-13T02:32:57Z" level=warning msg="Request Failed" error="Get \"http://nginx/api/admissions/5e43674594abebcfa35e2d07087a7027eb80b86823db21316edacf32677e203a\": request timeout"

running (1m34.9s), 01835/02018 VUs, 2282 complete and 0 interrupted iterations
browsers ??[ 100% ] 02018/02018 VUs  1m0s  100.00 iters/s
time="2026-09-13T02:32:57Z" level=warning msg="Request Failed" error="Get \"http://nginx/api/admissions/d1a57ea533f8f92019ccd69e01dba6762cccc4a800175fb41b76c3b6957fb554\": request timeout"
time="2026-09-13T02:32:57Z" level=warning msg="Request Failed" error="Get \"http://nginx/api/admissions/6e3e36ac9ae6f3788717968e33aa76ba6dfd6a1cbff1dbd7da828e6c5cb56fea\": request timeout"
time="2026-09-13T02:32:57Z" level=warning msg="Request Failed" error="Get \"http://nginx/api/admissions/f3924a974f4db04b55777faeb9adab88a18fd28666d780c1785026f35d648e69\": request timeout"
time="2026-09-13T02:32:57Z" level=warning msg="Request Failed" error="Get \"http://nginx/api/admissions/85b82f7a4aac0da0fc0a4b13fe09b580e4f1e33fed55ba5477d77c2394e63325\": request timeout"
time="2026-09-13T02:32:57Z" level=warning msg="Request Failed" error="Get \"http://nginx/api/admissions/01c268cd2fbb7190fabfd705e5e1867f1c06dac3228b97cfb27502f9f546410a\": request timeout"
time="2026-09-13T02:32:57Z" level=warning msg="Request Failed" error="Get \"http://nginx/api/admissions/8dbbbc5e1318bde4121baf2f2d8313d4232eae935f648f0c04d5086b6468bd93\": request timeout"
time="2026-09-13T02:32:57Z" level=warning msg="Request Failed" error="Get \"http://nginx/api/admissions/3ca0aeaa3a0f6edc6e79cc8182b41500cdb6f3ce9323446128ad3dce35712c39\": request timeout"
time="2026-09-13T02:32:57Z" level=warning msg="Request Failed" error="Get \"http://nginx/api/admissions/e82ccb81efd517b604d34dbe89413ecfd0708dd8a6776c0e69f30183064cd266\": request timeout"
time="2026-09-13T02:32:57Z" level=warning msg="Request Failed" error="Get \"http://nginx/api/admissions/9455768f52512c93c27d84dade7f13e97e325943354984386506db4f59eee287\": request timeout"
time="2026-09-13T02:32:57Z" level=warning msg="Request Failed" error="Get \"http://nginx/api/admissions/88b9c2c41a5858edf0fb063ac08d19bd0123bdbda29451866fe158a3bea463f7\": request timeout"
time="2026-09-13T02:32:57Z" level=warning msg="Request Failed" error="Get \"http://nginx/api/admissions/62b6df06d20d1a44e08dab6a1ccc48c77caf32f340a6132ed12e406a872e5651\": request timeout"
time="2026-09-13T02:32:57Z" level=warning msg="Request Failed" error="Get \"http://nginx/api/admissions/cea3726a5ac800cff5251847bf5d9347ee7bb5cc8056e3f2f03ac8cfdfc7e8c8\": request timeout"
time="2026-09-13T02:32:57Z" level=warning msg="Request Failed" error="Get \"http://nginx/api/admissions/37f4200d9d673055c7782d91db50b4e642d579f6705e48cc5218cabb73bea959\": request timeout"
time="2026-09-13T02:32:57Z" level=warning msg="Request Failed" error="Get \"http://nginx/api/admissions/5721528771b4e78bcc40cc1c2009bdd6ba919b5dbfa03ae184f66902c6f43454\": request timeout"
time="2026-09-13T02:32:57Z" level=warning msg="Request Failed" error="Get \"http://nginx/api/admissions/e5c4df39c57b18efc1aa320f7089253a1192c5945f5a6013f64bdd40e5a259cd\": request timeout"
time="2026-09-13T02:32:57Z" level=warning msg="Request Failed" error="Get \"http://nginx/api/admissions/87f4bbdc4ada4985233b2bdb96cae72f0fb680eb69ce1afca0e8ce75f1a31e8d\": request timeout"
time="2026-09-13T02:32:57Z" level=warning msg="Request Failed" error="Get \"http://nginx/api/admissions/f29cd0e421f975461053ac6b6bfac66255097f2c467c75b81bbdd1444bf74a43\": request timeout"
time="2026-09-13T02:32:57Z" level=warning msg="Request Failed" error="Get \"http://nginx/api/admissions/981815d29ac39f96d610b80c2b0057aaf1320eb81566480d1f6c8f8a5079ba42\": request timeout"
time="2026-09-13T02:32:57Z" level=warning msg="Request Failed" error="Get \"http://nginx/api/admissions/d88b34295c203b2948d0ba5504415d7a762e1dc7a85129232804899253176456\": request timeout"
time="2026-09-13T02:32:57Z" level=warning msg="Request Failed" error="Get \"http://nginx/api/admissions/62edfe1c4acbd35b16153f96500c3dee1c3834135c62fcfe02fa31782d0fbf8b\": request timeout"
time="2026-09-13T02:32:57Z" level=warning msg="Request Failed" error="Get \"http://nginx/api/admissions/af1f8b6560d626c7fc68c9557c6e28391417711238c6aa2156529c4cab6b6cd1\": request timeout"
time="2026-09-13T02:32:57Z" level=warning msg="Request Failed" error="Get \"http://nginx/api/admissions/c32ea921773b36144f898e02ce14aea3ce20f69d1c725ee348661bde0fa2dbef\": request timeout"

running (1m35.9s), 01827/02018 VUs, 2290 complete and 0 interrupted iterations
browsers ??[ 100% ] 02018/02018 VUs  1m0s  100.00 iters/s

running (1m36.9s), 01818/02018 VUs, 2299 complete and 0 interrupted iterations
browsers ??[ 100% ] 02018/02018 VUs  1m0s  100.00 iters/s

running (1m37.9s), 01818/02018 VUs, 2299 complete and 0 interrupted iterations
browsers ??[ 100% ] 02018/02018 VUs  1m0s  100.00 iters/s

running (1m38.9s), 01818/02018 VUs, 2299 complete and 0 interrupted iterations
browsers ??[ 100% ] 02018/02018 VUs  1m0s  100.00 iters/s

running (1m39.9s), 01818/02018 VUs, 2299 complete and 0 interrupted iterations
browsers ??[ 100% ] 02018/02018 VUs  1m0s  100.00 iters/s

running (1m41.0s), 01816/02018 VUs, 2301 complete and 0 interrupted iterations
browsers ??[ 100% ] 02018/02018 VUs  1m0s  100.00 iters/s

running (1m41.9s), 01808/02018 VUs, 2309 complete and 0 interrupted iterations
browsers ??[ 100% ] 02018/02018 VUs  1m0s  100.00 iters/s

running (1m42.9s), 01800/02018 VUs, 2317 complete and 0 interrupted iterations
browsers ??[ 100% ] 02018/02018 VUs  1m0s  100.00 iters/s
time="2026-09-13T02:33:05Z" level=warning msg="Request Failed" error="Get \"http://nginx/api/admissions/36cc406685b4a50e15ffe28b4cf8b9e8fe3b375a006693d10940668bb7337a79\": request timeout"
time="2026-09-13T02:33:05Z" level=warning msg="Request Failed" error="Get \"http://nginx/api/admissions/7e8e4ea4c4e22a264952cbdacee99ac17d81af25fa1001962ea179037d2e7524\": request timeout"
time="2026-09-13T02:33:05Z" level=warning msg="Request Failed" error="Get \"http://nginx/api/admissions/e4422486a2c9fee02fe64a240ae3043b9f443151f7cbb8b72559b27e30c7b629\": request timeout"
time="2026-09-13T02:33:05Z" level=warning msg="Request Failed" error="Get \"http://nginx/api/admissions/ef78140e09f574bec921fdab33afac3241132e0fa4ef95f221326b8ffd617e99\": request timeout"
time="2026-09-13T02:33:05Z" level=warning msg="Request Failed" error="Get \"http://nginx/api/admissions/81bec139e563b2025ea0e11ace85d48513415fcbdac76a28f03571ed7d3bd5d0\": request timeout"
time="2026-09-13T02:33:05Z" level=warning msg="Request Failed" error="Get \"http://nginx/api/admissions/18582494e21c750834a2d1cf186635fd02fe7d4a9ca5930011b04e28a37b909f\": request timeout"
time="2026-09-13T02:33:05Z" level=warning msg="Request Failed" error="Get \"http://nginx/api/admissions/e751d5933b6f4ab0519ea3f42eba329b0c1c51816cd4ec23cfbe95fa13870331\": request timeout"
time="2026-09-13T02:33:05Z" level=warning msg="Request Failed" error="Get \"http://nginx/api/admissions/c9dc06fb9888ea5d46207269116170fdcd5f68e191b6007be5dc4cf3db270111\": request timeout"
time="2026-09-13T02:33:05Z" level=warning msg="Request Failed" error="Get \"http://nginx/api/admissions/6fd30b6a35bb2d2439d846b0567dc39375cefd83c6eb4215092f26b166e1c686\": request timeout"
time="2026-09-13T02:33:05Z" level=warning msg="Request Failed" error="Get \"http://nginx/api/admissions/600509cfc112d6ec9fc29fdf1b549457154baba9e50b1b4e381262fe24e5cafe\": request timeout"
time="2026-09-13T02:33:05Z" level=warning msg="Request Failed" error="Get \"http://nginx/api/admissions/5351330b33d553144caa4bad7bc34cd7cb41dab8a672e1897238de2fae1cfc30\": request timeout"
time="2026-09-13T02:33:05Z" level=warning msg="Request Failed" error="Get \"http://nginx/api/admissions/caca5ca9457c3f792023ff26f1af0b4e1a4f04cb8b1e2defea0e8517d9fb1502\": request timeout"
time="2026-09-13T02:33:05Z" level=warning msg="Request Failed" error="Get \"http://nginx/api/admissions/2bcc6bc8541222654c33f4fa7b405d5e42f21df6e37dfce0444d3949a0bedfed\": request timeout"
time="2026-09-13T02:33:05Z" level=warning msg="Request Failed" error="Get \"http://nginx/api/admissions/233e81d24bd0134fa22241aaaaa45529bf3a0f7c87040fcab39bb71076b49323\": request timeout"
time="2026-09-13T02:33:05Z" level=warning msg="Request Failed" error="Get \"http://nginx/api/admissions/ba1b7ce9d414eb2ae1db81fe6a0bb8f00c4581b98fdeb09c034415d178bd7824\": request timeout"
time="2026-09-13T02:33:05Z" level=warning msg="Request Failed" error="Get \"http://nginx/api/admissions/8f4f1e4cf1c4e505063f7e3df5155cd3c48f55340e8dcd9014e212e246285bec\": request timeout"
time="2026-09-13T02:33:05Z" level=warning msg="Request Failed" error="Get \"http://nginx/api/admissions/61a855d959868b6384b1a89014a0cea77ba95abc86cdbd516b70fce3f7b2d013\": request timeout"
time="2026-09-13T02:33:05Z" level=warning msg="Request Failed" error="Get \"http://nginx/api/admissions/871c6cfaa31a5d95d9ec6f9201bdf80f1880928a66a133451172a2fa49cf46cc\": request timeout"
time="2026-09-13T02:33:05Z" level=warning msg="Request Failed" error="Get \"http://nginx/api/admissions/81171eac0267fdb1251d8d8fed9102db870f97b18b525e1b6dcb08b27e8ae7ff\": request timeout"
time="2026-09-13T02:33:05Z" level=warning msg="Request Failed" error="Get \"http://nginx/api/admissions/83545068f2228b8a5fc3556fed461f86991d9a52a57a7a3d6582aa0dc74b2be0\": request timeout"
time="2026-09-13T02:33:05Z" level=warning msg="Request Failed" error="Get \"http://nginx/api/admissions/75cfe45a521b57d9d2d811c17313b47cb476adbb473197faf74a9aede437cf63\": request timeout"
time="2026-09-13T02:33:05Z" level=warning msg="Request Failed" error="Get \"http://nginx/api/admissions/76526663cbd156c43d979c93a137a9301a3efd077e0ced67dce92bc54a0a8716\": request timeout"
time="2026-09-13T02:33:05Z" level=warning msg="Request Failed" error="Get \"http://nginx/api/admissions/c9dc1a89300858a78f357e06893aec5bdf60c3980e9888b9fb508b2bcc6fcbda\": request timeout"
time="2026-09-13T02:33:05Z" level=warning msg="Request Failed" error="Get \"http://nginx/api/admissions/c0051981550f69f0bd4734e9465efaad600803c43cc41f9dad0d568bf60ec0b8\": request timeout"
time="2026-09-13T02:33:06Z" level=warning msg="Request Failed" error="Get \"http://nginx/api/admissions/c249ea9638a6660b5bb16f24b5131af611a001fc85c80f0f65dca760957b966d\": request timeout"
time="2026-09-13T02:33:06Z" level=warning msg="Request Failed" error="Get \"http://nginx/api/admissions/b0f2334a94a52cc781e4dece187aaa84a5ef9d97b39add7c5976cd179d72a8af\": request timeout"
time="2026-09-13T02:33:06Z" level=warning msg="Request Failed" error="Get \"http://nginx/api/admissions/1e26fd3de6ab9a61805cfa47834490735ff32a34506217ecabf8ca19f6cd439a\": request timeout"
time="2026-09-13T02:33:06Z" level=warning msg="Request Failed" error="Get \"http://nginx/api/admissions/83aa33ea998e34475569d6b510a549662d31172322f1a33faf938c3e721db849\": request timeout"
time="2026-09-13T02:33:06Z" level=warning msg="Request Failed" error="Get \"http://nginx/api/admissions/3bdf56469dd76762a1f4f838081e54e2643103623eb5f29432153d2e48d8389d\": request timeout"
time="2026-09-13T02:33:06Z" level=warning msg="Request Failed" error="Get \"http://nginx/api/admissions/cacb6f2189deb0bb9600d3d7aa36fd60cdfa6dce3d877db155079b5322881a07\": request timeout"
time="2026-09-13T02:33:06Z" level=warning msg="Request Failed" error="Get \"http://nginx/api/admissions/e17a2abcc5af9e1bf3fb3cd6ebc4728abdead74b213dd81c92ed6c75c32b7774\": request timeout"
time="2026-09-13T02:33:06Z" level=warning msg="Request Failed" error="Get \"http://nginx/api/admissions/7a12867613025a85cbb31b906f10a47dca17b9fe48e5dbcfa147d0cc2d45cbd0\": request timeout"
time="2026-09-13T02:33:06Z" level=warning msg="Request Failed" error="Get \"http://nginx/api/admissions/214089dfc3e29aa753264a96512659ac997757860fa6b53076aea55dfba564e8\": request timeout"
time="2026-09-13T02:33:06Z" level=warning msg="Request Failed" error="Get \"http://nginx/api/admissions/76f120c71bc4ae401a9fcf0f94e07b303e59d12f947ff49334495bce4e1a79d6\": request timeout"
time="2026-09-13T02:33:06Z" level=warning msg="Request Failed" error="Get \"http://nginx/api/admissions/4f01519a9cc1344cf364ff8a4d98eeaafce45e6de9e62329abc2f02664d9a057\": request timeout"
time="2026-09-13T02:33:06Z" level=warning msg="Request Failed" error="Get \"http://nginx/api/admissions/a99241b6fb09c98cc426921da8e6654834b9c2ff024ed017d49de7e69e9370b7\": request timeout"
time="2026-09-13T02:33:06Z" level=warning msg="Request Failed" error="Get \"http://nginx/api/admissions/528dd059dd4776e5ae74dc1cf88565de6856929c774f360f947d8aa633ac91c9\": request timeout"
time="2026-09-13T02:33:06Z" level=warning msg="Request Failed" error="Get \"http://nginx/api/admissions/36eb7982e09bed25c101fee614294913f7573284f0ad851ca631c081ae2e83ff\": request timeout"
time="2026-09-13T02:33:06Z" level=warning msg="Request Failed" error="Get \"http://nginx/api/admissions/99de155b07dada92f67f019b712323942256e5999ad3513c703ba81afe4dfe66\": request timeout"
time="2026-09-13T02:33:06Z" level=warning msg="Request Failed" error="Get \"http://nginx/api/admissions/e7e690ffad0d616db6d7ee48a0c77ebc91c8ef883edea13db56662131e3813e2\": request timeout"
time="2026-09-13T02:33:06Z" level=warning msg="Request Failed" error="Get \"http://nginx/api/admissions/7563322ecfeb82da7d2fa06ffc763d8d23fb4fc084de708c9f56d08e7fc39edd\": request timeout"
time="2026-09-13T02:33:06Z" level=warning msg="Request Failed" error="Get \"http://nginx/api/admissions/34adf6f94e0f2eadb7731e70500fdd11e379fd6d32c6ac1e09922b941997cc01\": request timeout"

running (1m43.9s), 01792/02018 VUs, 2325 complete and 0 interrupted iterations
browsers ??[ 100% ] 02018/02018 VUs  1m0s  100.00 iters/s
time="2026-09-13T02:33:06Z" level=warning msg="Request Failed" error="Get \"http://nginx/api/admissions/00b6019e76ee5a6bd7bd5c3303062735788a784ad1b70a41fb3b9a48e39132c7\": request timeout"
time="2026-09-13T02:33:06Z" level=warning msg="Request Failed" error="Get \"http://nginx/api/admissions/a26c1e5fbad50af58019386d8b5c48fe4bf8968bf12d427aa0b6b56d2f75f33c\": request timeout"
time="2026-09-13T02:33:06Z" level=warning msg="Request Failed" error="Get \"http://nginx/api/admissions/e2d9e01b933c1614ed64c69a17139a5b37517d414b8eaea5c8a360ec82ba6e20\": request timeout"
time="2026-09-13T02:33:06Z" level=warning msg="Request Failed" error="Get \"http://nginx/api/admissions/86d0e143eb8970386cfef48086018ab4a110d7dda213e4b1ba2b86d0cba3c594\": request timeout"
time="2026-09-13T02:33:06Z" level=warning msg="Request Failed" error="Get \"http://nginx/api/admissions/4498fe67d8edf9a85c80b045c66dd75dcfd5cb87efc8f1e626febcc2c2f48e08\": request timeout"
time="2026-09-13T02:33:06Z" level=warning msg="Request Failed" error="Get \"http://nginx/api/admissions/5a662321579672d02ad73f958094b255bf4ca2fd02297e378ed93388f102ce60\": request timeout"
time="2026-09-13T02:33:06Z" level=warning msg="Request Failed" error="Get \"http://nginx/api/admissions/413506738a0ef22b5ca49d435b525b2143cfc5100060ec60fcb08baeb162fe60\": request timeout"
time="2026-09-13T02:33:06Z" level=warning msg="Request Failed" error="Get \"http://nginx/api/admissions/574d97d2a5b83df6f6d949a3788b2a5f13cb1d4dea90d3aa26c0acde18b0402c\": request timeout"
time="2026-09-13T02:33:06Z" level=warning msg="Request Failed" error="Get \"http://nginx/api/admissions/218453443a393cd8e9446f04654301a0c2eafbcafaac58739a943de44334ca06\": request timeout"
time="2026-09-13T02:33:06Z" level=warning msg="Request Failed" error="Get \"http://nginx/api/admissions/efb72e6b54e499faf948a5aaea7506f8a73c7db21126841f75443a7d9b2ea23f\": request timeout"
time="2026-09-13T02:33:06Z" level=warning msg="Request Failed" error="Get \"http://nginx/api/admissions/e251392dcc837b656d0b635b6db51f4335784331cea7ad321cc7e8cf7692026e\": request timeout"
time="2026-09-13T02:33:06Z" level=warning msg="Request Failed" error="Get \"http://nginx/api/admissions/162cb6dc4ff9a60048830b5634c6d865c0584663e5b696f37f9ae753d6af4b5b\": request timeout"
time="2026-09-13T02:33:06Z" level=warning msg="Request Failed" error="Get \"http://nginx/api/admissions/6199b4bead1c21860f0514f7adb34362ed42c74eaa107b80d2fbd62f341ae2b6\": request timeout"
time="2026-09-13T02:33:06Z" level=warning msg="Request Failed" error="Get \"http://nginx/api/admissions/d19b7901568e74c6623f311762fb16333264f5e469118cdb935452b2d30e6915\": request timeout"
time="2026-09-13T02:33:06Z" level=warning msg="Request Failed" error="Get \"http://nginx/api/admissions/ef8a9967952f4da8d47d3f928b362816fd07e957156443851f2ccc966d71ef39\": request timeout"
time="2026-09-13T02:33:06Z" level=warning msg="Request Failed" error="Get \"http://nginx/api/admissions/66934ddb0d87b9fdfb8bb575a69fa34d53e923bb29d1c5249f8216dcaaf107d6\": request timeout"
time="2026-09-13T02:33:06Z" level=warning msg="Request Failed" error="Get \"http://nginx/api/admissions/f4eea0f207ff89655e2ed5dfbc775f3ba6173ee84328771461673da019ffdda5\": request timeout"
time="2026-09-13T02:33:06Z" level=warning msg="Request Failed" error="Get \"http://nginx/api/admissions/c97dbd1b62d8aba0e7b831d007b89f0b073533fde8aed5090bcdea2e81449557\": request timeout"
time="2026-09-13T02:33:06Z" level=warning msg="Request Failed" error="Get \"http://nginx/api/admissions/637ee363c5629ced1185c8daf082701a61c6823880e36ad9ad3d399837fe88e9\": request timeout"
time="2026-09-13T02:33:06Z" level=warning msg="Request Failed" error="Get \"http://nginx/api/admissions/2e08dddd116ce52c67499f36d0075adc2532c99f004c86a9868daeda01091206\": request timeout"
time="2026-09-13T02:33:06Z" level=warning msg="Request Failed" error="Get \"http://nginx/api/admissions/d80b16f69bb9f8b6b5c9ce41afe9701787c301376b6d3634ea97fad58a9be7fd\": request timeout"
time="2026-09-13T02:33:06Z" level=warning msg="Request Failed" error="Get \"http://nginx/api/admissions/f89d4640fbbc5c52987620ff4cc2d130b0013c855a9b7ee340ea231aa2951216\": request timeout"
time="2026-09-13T02:33:06Z" level=warning msg="Request Failed" error="Get \"http://nginx/api/admissions/70f154d58808855da5aa44d0f5f33c43df58bcaa39f272dc13a112fb2153cab9\": request timeout"
time="2026-09-13T02:33:06Z" level=warning msg="Request Failed" error="Get \"http://nginx/api/admissions/d8f109f67139a31b993e2dac125136f25772531cdf3db374e47a11e07d594bff\": request timeout"
time="2026-09-13T02:33:06Z" level=warning msg="Request Failed" error="Get \"http://nginx/api/admissions/7bffe1fac09a8ef9d686f7e18a04df09a94ded489ea7142955cf108eed7ad2ae\": request timeout"
time="2026-09-13T02:33:06Z" level=warning msg="Request Failed" error="Get \"http://nginx/api/admissions/b34d36a5913118f76a3aa40cc83305fdbf716a25176d94228e5ed056d6b9f5fe\": request timeout"
time="2026-09-13T02:33:06Z" level=warning msg="Request Failed" error="Get \"http://nginx/api/admissions/9f9c48cbf951e4fc027b69d5e7a1d6fe0ffdd90347ea2236c015adbaa2e2aeef\": request timeout"
time="2026-09-13T02:33:06Z" level=warning msg="Request Failed" error="Get \"http://nginx/api/admissions/1db7ea59e5f0b9579195782615911f3ad3459640a44798a3c29be3882f5a5385\": request timeout"
time="2026-09-13T02:33:06Z" level=warning msg="Request Failed" error="Get \"http://nginx/api/admissions/c2c26847276b7be2b9a9565e0d8fa1674d6804f392a5af81a96f48acfeb0ede4\": request timeout"
time="2026-09-13T02:33:06Z" level=warning msg="Request Failed" error="Get \"http://nginx/api/admissions/dc9fb3269a4f98cece54be6df150b969be795e7d7f5face0d7c1d59cf29e20ea\": request timeout"
time="2026-09-13T02:33:06Z" level=warning msg="Request Failed" error="Get \"http://nginx/api/admissions/154a2c976418bf73d1f96fbecfd614d2ca6a0ce2e46f9b0c67695cf79be381b9\": request timeout"
time="2026-09-13T02:33:06Z" level=warning msg="Request Failed" error="Get \"http://nginx/api/admissions/800b22f750afad53f90ef60964b504cd74da708252159b5efe98ca425f0abad5\": request timeout"
time="2026-09-13T02:33:06Z" level=warning msg="Request Failed" error="Get \"http://nginx/api/admissions/3eb2d899878c9a07793a6194dd4cebbc3f8d44003a144a0e5995d72440ef1852\": request timeout"
time="2026-09-13T02:33:06Z" level=warning msg="Request Failed" error="Get \"http://nginx/api/admissions/cd0983eb626ccdb6b2bb2a4a27b7e0b5cf645dc35b371231654393fe13bc837d\": request timeout"
time="2026-09-13T02:33:06Z" level=warning msg="Request Failed" error="Get \"http://nginx/api/admissions/0e34a6387503566956db21d8fcfc783bf89126ad6d135547926d2451eb655b34\": request timeout"
time="2026-09-13T02:33:06Z" level=warning msg="Request Failed" error="Get \"http://nginx/api/admissions/e5b1d3d2b502e5dc54c2c9cb3de99aa4591d5bf0ba6c47014b2e3b55476b4531\": request timeout"
time="2026-09-13T02:33:06Z" level=warning msg="Request Failed" error="Get \"http://nginx/api/admissions/73a02e5b00567c9ad1950c84ca586227a8f4c2ead97a990efa385bd44717c71c\": request timeout"
time="2026-09-13T02:33:06Z" level=warning msg="Request Failed" error="Get \"http://nginx/api/admissions/5160b86a9c01386384811a2158d4cbae0407f70dfd69e2a941c2d08aa904aad1\": request timeout"
time="2026-09-13T02:33:06Z" level=warning msg="Request Failed" error="Get \"http://nginx/api/admissions/ae1088dacc0e25624d0f1c70280025e068cd7b894926d328c2f187e70e167168\": request timeout"
time="2026-09-13T02:33:06Z" level=warning msg="Request Failed" error="Get \"http://nginx/api/admissions/ba30b2658d67ff698ef55bbf98f448c77598b945814e24f99e59fe250708351e\": request timeout"
time="2026-09-13T02:33:06Z" level=warning msg="Request Failed" error="Get \"http://nginx/api/admissions/40f65161885183171ff09917f4890bbe5ff2975a75eb9b2f1f36f39a308d3459\": request timeout"
time="2026-09-13T02:33:06Z" level=warning msg="Request Failed" error="Get \"http://nginx/api/admissions/2df7214c6707484d2cdf594e627b3b991a171ef34395cd686313659a7b185be1\": request timeout"
time="2026-09-13T02:33:06Z" level=warning msg="Request Failed" error="Get \"http://nginx/api/admissions/cca9e268c684a4f3abc9e5cae95653b2994636be1cc74e0726ff8d08d24d91b6\": request timeout"
time="2026-09-13T02:33:06Z" level=warning msg="Request Failed" error="Get \"http://nginx/api/admissions/dd5eb830f30160601db781b2d9952cac3bf35a318cfb9648048d7ed0030ced35\": request timeout"
time="2026-09-13T02:33:06Z" level=warning msg="Request Failed" error="Get \"http://nginx/api/admissions/1adb88573513a358f5ed5474bf87325025bf9aaa6304e6800f5fa8200ce60e23\": request timeout"
time="2026-09-13T02:33:06Z" level=warning msg="Request Failed" error="Get \"http://nginx/api/admissions/215df9b9e57c099c59f0a54c9eb9de64e7d8a7f97625e1a3e50bbebb4aac56a3\": request timeout"
time="2026-09-13T02:33:06Z" level=warning msg="Request Failed" error="Get \"http://nginx/api/admissions/dae242ba0617634587f77f4723c172eab2897167358608a98e25b75c10c98698\": request timeout"
time="2026-09-13T02:33:06Z" level=warning msg="Request Failed" error="Get \"http://nginx/api/admissions/8474455660c01e668baee80861c9d171e564d3a7d83167eec980d43574cb1310\": request timeout"
time="2026-09-13T02:33:06Z" level=warning msg="Request Failed" error="Get \"http://nginx/api/admissions/5a2ec25c73ce51476283f7a8af26e5167bc2bba117a5e2a18766eea3fd5900be\": request timeout"
time="2026-09-13T02:33:06Z" level=warning msg="Request Failed" error="Get \"http://nginx/api/admissions/07be8324496722a61e1d881714efae742172150e4a1c2018f06d5bfafa12c54b\": request timeout"
time="2026-09-13T02:33:06Z" level=warning msg="Request Failed" error="Get \"http://nginx/api/admissions/96298e8257ba6a88a068e90e774bfb51a5d29ee1d245256ad0d3ad62d932e693\": request timeout"
time="2026-09-13T02:33:06Z" level=warning msg="Request Failed" error="Get \"http://nginx/api/admissions/fc5b139fedef9d51b64875d9f7f8408b4ac74b650b6c274f53c868656bf61a55\": request timeout"
time="2026-09-13T02:33:06Z" level=warning msg="Request Failed" error="Get \"http://nginx/api/admissions/aa521c454184df789bee5e28e3e9067cb3f71884dbffd62d4801cc761f50a5a2\": request timeout"
time="2026-09-13T02:33:06Z" level=warning msg="Request Failed" error="Get \"http://nginx/api/admissions/d8c2b265b3b9211680cadea1d78c98c400c0441a4f75bb5c2e6a4e8467512930\": request timeout"
time="2026-09-13T02:33:06Z" level=warning msg="Request Failed" error="Get \"http://nginx/api/admissions/1fb1a5da42ceabd9f860c8fbcc2f0b3cf1433f3da8039892b96f160c6e8e026d\": request timeout"
time="2026-09-13T02:33:06Z" level=warning msg="Request Failed" error="Get \"http://nginx/api/admissions/1b3f9770412eced894f19b327648dc451f9ca39c565e8d09860065beceb98928\": request timeout"
time="2026-09-13T02:33:06Z" level=warning msg="Request Failed" error="Get \"http://nginx/api/admissions/1edace211fa86c5e2f9583c237e58c43985a6f9843fec6d87b0fc9895b0c24ea\": request timeout"
time="2026-09-13T02:33:06Z" level=warning msg="Request Failed" error="Get \"http://nginx/api/admissions/c41bf6e20661608713015e0385b069db177f5503df256edf5df95e611b675a5b\": request timeout"
time="2026-09-13T02:33:06Z" level=warning msg="Request Failed" error="Get \"http://nginx/api/admissions/841f32639aa1f9419742ecfdca54b796736de8fc82f3a9d0a68ecc10f0072d2b\": request timeout"
time="2026-09-13T02:33:07Z" level=warning msg="Request Failed" error="Get \"http://nginx/api/admissions/56d1971b15534a1974a6f48532bbc1f998cd7032754482c537cdac4d37721353\": request timeout"
time="2026-09-13T02:33:07Z" level=warning msg="Request Failed" error="Get \"http://nginx/api/admissions/2a5c1b8f3ef907c2f97aa7dfe515e7277a58e9d05ee624c55faf0e8fbcf03aca\": request timeout"
time="2026-09-13T02:33:07Z" level=warning msg="Request Failed" error="Get \"http://nginx/api/admissions/a3bd9912dc6e09b6472c7fab1e8503be62126c4a4740799d490ed2378c6fbe83\": request timeout"
time="2026-09-13T02:33:07Z" level=warning msg="Request Failed" error="Get \"http://nginx/api/admissions/7402bf0fb0e8b41393cf0341757224adbac22d247d7ecd4844179d1b23ebc87f\": request timeout"
time="2026-09-13T02:33:07Z" level=warning msg="Request Failed" error="Get \"http://nginx/api/admissions/ea7304c1fbcff2ab678de32355abe92b7ea0d9c2825ad75345959879261d5f0b\": request timeout"
time="2026-09-13T02:33:07Z" level=warning msg="Request Failed" error="Get \"http://nginx/api/admissions/16e582ead268d7b6d4984eaa9be6c3dab0715a510a990377b18e0849b8894ebf\": request timeout"
time="2026-09-13T02:33:07Z" level=warning msg="Request Failed" error="Get \"http://nginx/api/admissions/990a5c272884b8f77e2f23388bfc1cae372f7c2e9ce0c61abddefe1eeff6368e\": request timeout"
time="2026-09-13T02:33:07Z" level=warning msg="Request Failed" error="Get \"http://nginx/api/admissions/dbfb11202deed12c2ff4cb06f948495484706523db22ac58899c8873bcb4641e\": request timeout"
time="2026-09-13T02:33:07Z" level=warning msg="Request Failed" error="Get \"http://nginx/api/admissions/c3565d0a3cbc85d4e83e5b81f40e78db6312322f5c057a19cc696286b69f4e6f\": request timeout"
time="2026-09-13T02:33:07Z" level=warning msg="Request Failed" error="Get \"http://nginx/api/admissions/e20b7d971f1610a310e0a415b4bac1e7b7e8db407e81768822c37054969795aa\": request timeout"
time="2026-09-13T02:33:07Z" level=warning msg="Request Failed" error="Get \"http://nginx/api/admissions/0c61203d900ac2b9d7e4505345b2f1201c123726f3264c2688d06faabaf63710\": request timeout"
time="2026-09-13T02:33:07Z" level=warning msg="Request Failed" error="Get \"http://nginx/api/admissions/55b14f40d1b4e7104a1377d742fa095a0bb99da02dc4f03bcb5a5f79232b90b9\": request timeout"
time="2026-09-13T02:33:07Z" level=warning msg="Request Failed" error="Get \"http://nginx/api/admissions/38671617eafdb7b4429753bb16a35d11c982d8e0d65b936a1093837eb3e74d7b\": request timeout"
time="2026-09-13T02:33:07Z" level=warning msg="Request Failed" error="Get \"http://nginx/api/admissions/dee1d4cae66c8460076cd76ad92c1091ac11c875089ee2ad603476982c1c53c0\": request timeout"
time="2026-09-13T02:33:07Z" level=warning msg="Request Failed" error="Get \"http://nginx/api/admissions/360473bde313ebc2a2175f5c9a4241d612d7f263cb0f67d38a061d815a16742a\": request timeout"
time="2026-09-13T02:33:07Z" level=warning msg="Request Failed" error="Get \"http://nginx/api/admissions/c1fd65298accf7f993ef7720c80dd587778873b14eed9774d28fb908b8aefd20\": request timeout"
time="2026-09-13T02:33:07Z" level=warning msg="Request Failed" error="Get \"http://nginx/api/admissions/14cb33dd191dc5e9ddcd74399589308c269f11a118c7a26691f98769a47d7503\": request timeout"
time="2026-09-13T02:33:07Z" level=warning msg="Request Failed" error="Get \"http://nginx/api/admissions/c348bf87b8334cb40e710fb93aa2d977283a92c472fb6c2c61a54e9481bd1df8\": request timeout"
time="2026-09-13T02:33:07Z" level=warning msg="Request Failed" error="Get \"http://nginx/api/admissions/4c85e2e77ba78cff9806b82fe5931092e6c98254e9c1f3ef57566f9cbd7f40c7\": request timeout"
time="2026-09-13T02:33:07Z" level=warning msg="Request Failed" error="Get \"http://nginx/api/admissions/619c2c687d583d2f63d7d7eb33cdf69bc41b88fe6766d301ff3484f2dccab90a\": request timeout"
time="2026-09-13T02:33:07Z" level=warning msg="Request Failed" error="Get \"http://nginx/api/admissions/c2598342d6ce3578b40eb2d8d65f6c135d7587c29038945f22769995cf749489\": request timeout"
time="2026-09-13T02:33:07Z" level=warning msg="Request Failed" error="Get \"http://nginx/api/admissions/4316ff384554b933e021a3c1a9f0fca3bf09b72a05072f7e85dae629d9694a76\": request timeout"
time="2026-09-13T02:33:07Z" level=warning msg="Request Failed" error="Get \"http://nginx/api/admissions/df15c85552b3128dd147f81710f0d41753bdac631913d920bd5946c2a9d41a78\": request timeout"
time="2026-09-13T02:33:07Z" level=warning msg="Request Failed" error="Get \"http://nginx/api/admissions/9a7417057be0a699383acdfe81500b3568b1434a74ab4daee1af005c06edc6dd\": request timeout"
time="2026-09-13T02:33:07Z" level=warning msg="Request Failed" error="Get \"http://nginx/api/admissions/c1d3252a2efb7e195e9239ecdce48cc69c83306439118743a3b3273b3f2c5f78\": request timeout"
time="2026-09-13T02:33:07Z" level=warning msg="Request Failed" error="Get \"http://nginx/api/admissions/8dbbc656cecd7fe7276edea7eb7546b3b8ffdf789e436f4d5e93daeb129aa364\": request timeout"
time="2026-09-13T02:33:07Z" level=warning msg="Request Failed" error="Get \"http://nginx/api/admissions/875b9fe37ec9e745ddaab6ee9212b61a2419f2239cb5ee4c0d0f77abbe2f9a11\": request timeout"
time="2026-09-13T02:33:07Z" level=warning msg="Request Failed" error="Get \"http://nginx/api/admissions/4a59c6275020a672cc1fd89c903aa66fb017c51d7719f35e91d0837fc31b274e\": request timeout"
time="2026-09-13T02:33:07Z" level=warning msg="Request Failed" error="Get \"http://nginx/api/admissions/b7986cb1a108ead96f63f1bfe39efed4fecd41c766913f40c5d47c1a5fdab807\": request timeout"
time="2026-09-13T02:33:07Z" level=warning msg="Request Failed" error="Get \"http://nginx/api/admissions/968df357e428824370c0c08041efbce76233ef40cb97253df729516a8bc7d947\": request timeout"
time="2026-09-13T02:33:07Z" level=warning msg="Request Failed" error="Get \"http://nginx/api/admissions/009350e047c2bc553b57c44c203528a2b5ed526c29faf82df23c0eab90701fd9\": request timeout"
time="2026-09-13T02:33:07Z" level=warning msg="Request Failed" error="Get \"http://nginx/api/admissions/20791ec4f580b51da415886768ef74034c4de4bc66cca473ceb8f41d45cdb6dd\": request timeout"
time="2026-09-13T02:33:07Z" level=warning msg="Request Failed" error="Get \"http://nginx/api/admissions/9d07143f0fb8b0b422d9a2e1f17efbf253e720710fe38acce13d28b53e02d505\": request timeout"
time="2026-09-13T02:33:07Z" level=warning msg="Request Failed" error="Get \"http://nginx/api/admissions/c790137c8cb72e7563aaead6e0615a52bb77b70d799fb3c287163652cdc808ce\": request timeout"

running (1m44.9s), 01786/02018 VUs, 2331 complete and 0 interrupted iterations
browsers ??[ 100% ] 02018/02018 VUs  1m0s  100.00 iters/s
time="2026-09-13T02:33:07Z" level=warning msg="Request Failed" error="Get \"http://nginx/api/admissions/1df10aee0c60512b03c58dee71321c50eef3e1e202375944127ee24c41b4bd33\": request timeout"
time="2026-09-13T02:33:07Z" level=warning msg="Request Failed" error="Get \"http://nginx/api/admissions/12c649440ee507f26518c600b42d8a9788fc6000f03fc48a09ad701091143019\": request timeout"
time="2026-09-13T02:33:07Z" level=warning msg="Request Failed" error="Get \"http://nginx/api/admissions/807f6c06aaf00000517ed9eae5d617e34aab940a368341716af1314ca6cd95f1\": request timeout"
time="2026-09-13T02:33:07Z" level=warning msg="Request Failed" error="Get \"http://nginx/api/admissions/3ed0c1dc1c037f081ea1889ef68e472230fbe3162db72e1bf1e836b2ad7d4d26\": request timeout"
time="2026-09-13T02:33:07Z" level=warning msg="Request Failed" error="Get \"http://nginx/api/admissions/041e41397e2cd0c60b310aee621a28e4ae4a8f7f1763ec9511dfed04bb280ff0\": request timeout"
time="2026-09-13T02:33:07Z" level=warning msg="Request Failed" error="Get \"http://nginx/api/admissions/e7081561cd79d2f83e657f28867535901e09578f6b9b2b42a2185d43312def3e\": request timeout"
time="2026-09-13T02:33:07Z" level=warning msg="Request Failed" error="Get \"http://nginx/api/admissions/91aa2f31dacb2109f881f7b03a774180c378171b83f08fa7c243ad8735bd7af0\": request timeout"
time="2026-09-13T02:33:07Z" level=warning msg="Request Failed" error="Get \"http://nginx/api/admissions/41ab44013519ccbfb3502425a14198fe71467e2b1c75c0c5ab654f0142d993d1\": request timeout"
time="2026-09-13T02:33:07Z" level=warning msg="Request Failed" error="Get \"http://nginx/api/admissions/4e790dea1d5056a668db0e2ffebed3844c865b308dc9b457ff47dd6bc63bac06\": request timeout"
time="2026-09-13T02:33:07Z" level=warning msg="Request Failed" error="Get \"http://nginx/api/admissions/f2df2330893338b6ceb047e47984a0eb6a117eaa4b3f095d8eb92c7e79602998\": request timeout"
time="2026-09-13T02:33:07Z" level=warning msg="Request Failed" error="Get \"http://nginx/api/admissions/c7f1ea71239a984edf33b48ee865d9354430a918fc36b5b2a1e3802da4a82b59\": request timeout"
time="2026-09-13T02:33:07Z" level=warning msg="Request Failed" error="Get \"http://nginx/api/admissions/b61dfe9762dd66185ca77c1e0fb474c52e7f4d548544c11334d391be6bfe5011\": request timeout"
time="2026-09-13T02:33:07Z" level=warning msg="Request Failed" error="Get \"http://nginx/api/admissions/5ce373fb4305f2cdb6ee4506c0dd43b65dbf5af5d7180d29e74210d6e9c8badd\": request timeout"
time="2026-09-13T02:33:07Z" level=warning msg="Request Failed" error="Get \"http://nginx/api/admissions/e46bc7cc5c4391d36788254f85d6cfec461663d275a968e876f13a38afd1950c\": request timeout"
time="2026-09-13T02:33:07Z" level=warning msg="Request Failed" error="Get \"http://nginx/api/admissions/57c7eb04d7b7586d18d87fb914bd2479dc4e253de11352a2f7e26fc2881553f9\": request timeout"
time="2026-09-13T02:33:07Z" level=warning msg="Request Failed" error="Get \"http://nginx/api/admissions/698a2e43eb43f4a246260fa644eea5d871d1d1f0d9120aca4875eb1d87c68975\": request timeout"
time="2026-09-13T02:33:07Z" level=warning msg="Request Failed" error="Get \"http://nginx/api/admissions/1617774fea4082253673f0ccdb75590ce9f160303409d2fbcf219fe5f8a8b76d\": request timeout"
time="2026-09-13T02:33:07Z" level=warning msg="Request Failed" error="Get \"http://nginx/api/admissions/ac80ac868b2ceb647773aecfe5d9a338f1a4dff51a127e0570ac65b759f7abb1\": request timeout"
time="2026-09-13T02:33:07Z" level=warning msg="Request Failed" error="Get \"http://nginx/api/admissions/8689944b4f88981a850654deb0cabcba34093be141b999e6f8285e983bbe6db6\": request timeout"
time="2026-09-13T02:33:07Z" level=warning msg="Request Failed" error="Get \"http://nginx/api/admissions/af659a32d5485eb17f917c36167e6376ba9565dae230a84d0089e65c5c44e290\": request timeout"
time="2026-09-13T02:33:07Z" level=warning msg="Request Failed" error="Get \"http://nginx/api/admissions/8bb28b66008b477533635b5bcad47c3b79193aa29cb9f4245d189a0b8a0fb19b\": request timeout"
time="2026-09-13T02:33:07Z" level=warning msg="Request Failed" error="Get \"http://nginx/api/admissions/8c3f601c98c40e06cceafa0922c68134d4b34c3527a9f934fda12f9a2b5957f6\": request timeout"
time="2026-09-13T02:33:07Z" level=warning msg="Request Failed" error="Get \"http://nginx/api/admissions/29770992c6781e4815da4aec2e8d82af52d4425e9f9d504dc84566bba220dccd\": request timeout"
time="2026-09-13T02:33:07Z" level=warning msg="Request Failed" error="Get \"http://nginx/api/admissions/e0da74f38d9213a722b99ca8d7728bb4f401929b2b75949f4757b0b62f4a171a\": request timeout"
time="2026-09-13T02:33:07Z" level=warning msg="Request Failed" error="Get \"http://nginx/api/admissions/a3b61fc666e3f33d18adf7fc5fd02220c3ab316d6afd187d3b506c9f08fd8c93\": request timeout"
time="2026-09-13T02:33:07Z" level=warning msg="Request Failed" error="Get \"http://nginx/api/admissions/2ff60bfee7a83ec205b23c347546c4f76d52497edda9f13a69badab3af542863\": request timeout"
time="2026-09-13T02:33:07Z" level=warning msg="Request Failed" error="Get \"http://nginx/api/admissions/c25169d2a4271017d399239fe3d19ea5614af74160b828909e1d5bf194bebed2\": request timeout"
time="2026-09-13T02:33:07Z" level=warning msg="Request Failed" error="Get \"http://nginx/api/admissions/625dd117eaede7fa1a0dd4b1849840277e72afd1e705feaa70459fdcb15b9949\": request timeout"
time="2026-09-13T02:33:07Z" level=warning msg="Request Failed" error="Get \"http://nginx/api/admissions/26d57036144e62c38f9117263779bebfebed521de449dfc27ac689a1ba22323d\": request timeout"
time="2026-09-13T02:33:07Z" level=warning msg="Request Failed" error="Get \"http://nginx/api/admissions/e931ee046de0396da6656b4b4d4eed05b5d1b4022dcf0d683a02dcedb7493436\": request timeout"
time="2026-09-13T02:33:07Z" level=warning msg="Request Failed" error="Get \"http://nginx/api/admissions/6b8fef48eb9a92194a3f464bc2f9986165115e9e7eb1d8fa0d33d49d509b081f\": request timeout"
time="2026-09-13T02:33:07Z" level=warning msg="Request Failed" error="Get \"http://nginx/api/admissions/99fa78a74099e9d597b0910c28a30dbce12af42dc85f18519615d2ed1d317e4c\": request timeout"
time="2026-09-13T02:33:07Z" level=warning msg="Request Failed" error="Get \"http://nginx/api/admissions/11d78f260ea2299d211b38ce2328cae28374045d9319c8d49f18de072206c8b7\": request timeout"
time="2026-09-13T02:33:07Z" level=warning msg="Request Failed" error="Get \"http://nginx/api/admissions/922e9664cd2f0cbcf670d1a3e6288efacf72c71e5761bab5726ff524bc147efb\": request timeout"
time="2026-09-13T02:33:07Z" level=warning msg="Request Failed" error="Get \"http://nginx/api/admissions/6e75f3141325af39825e6f323fae365c225adea8320ed967d771f491aaad5778\": request timeout"
time="2026-09-13T02:33:07Z" level=warning msg="Request Failed" error="Get \"http://nginx/api/admissions/0252d58c80981ad7ccae5b4e9b1e08e7ad5fd8cb759cea02b7a6033afd8541b7\": request timeout"
time="2026-09-13T02:33:07Z" level=warning msg="Request Failed" error="Get \"http://nginx/api/admissions/33d3e4c3de3896b9693b8e13dbbb04b2430f86f0e2fba533f6ca7dea279e87a3\": request timeout"
time="2026-09-13T02:33:07Z" level=warning msg="Request Failed" error="Get \"http://nginx/api/admissions/4c7b6abd6d6fc67f62640000e458cc81fd1684310f998593e89c0863c6c6c65b\": request timeout"
time="2026-09-13T02:33:07Z" level=warning msg="Request Failed" error="Get \"http://nginx/api/admissions/a1d709a7a2efd2890dd29985dc53f21411a6563036ae2c4d778d742bf9de7d2d\": request timeout"
time="2026-09-13T02:33:07Z" level=warning msg="Request Failed" error="Get \"http://nginx/api/admissions/73a2e46ccb5cf0daba94c6bc1590c9b6630c01ef2dd9b1768e8c3c183c3cc447\": request timeout"
time="2026-09-13T02:33:07Z" level=warning msg="Request Failed" error="Get \"http://nginx/api/admissions/a53143c285a0f3b73469b11728f897f704c39a2aabfab465ae791567ecf4155d\": request timeout"
time="2026-09-13T02:33:07Z" level=warning msg="Request Failed" error="Get \"http://nginx/api/admissions/bcee671bf99d9888395dfd5639e3e152fc525daa366097186ce08ad7ac99d4ef\": request timeout"
time="2026-09-13T02:33:07Z" level=warning msg="Request Failed" error="Get \"http://nginx/api/admissions/7265b1b34199a46fd75ca9c2fda395999c692b8daa427d3973b997e6c64907d4\": request timeout"
time="2026-09-13T02:33:07Z" level=warning msg="Request Failed" error="Get \"http://nginx/api/admissions/8e982e05b9cb823db0a1644d0629bbf5f2f8fdc8f4b304407086d70a28312503\": request timeout"
time="2026-09-13T02:33:07Z" level=warning msg="Request Failed" error="Get \"http://nginx/api/admissions/b01ab1b5ded38c7c89e40140095a851194302ce1caf75779489691d8c888fb7a\": request timeout"
time="2026-09-13T02:33:07Z" level=warning msg="Request Failed" error="Get \"http://nginx/api/admissions/72f9cf1e0ac287568947270a96d2dd05ef135bb2edad19b300ba616a17710dd7\": request timeout"
time="2026-09-13T02:33:07Z" level=warning msg="Request Failed" error="Get \"http://nginx/api/admissions/c4d2cf22871a1b21e7ceddd05bf8358bf535003b927fc64b8bcf4df821d801a2\": request timeout"
time="2026-09-13T02:33:07Z" level=warning msg="Request Failed" error="Get \"http://nginx/api/admissions/b4d0d810e2e070bae48dae1d9d6f2d4e5ec48b3539023c40809c001b1d12f5f3\": request timeout"
time="2026-09-13T02:33:07Z" level=warning msg="Request Failed" error="Get \"http://nginx/api/admissions/c15a192050145a9f8bf87dc492bd7c87ce55effdd6d02d7c3fa54a7fc4db076a\": request timeout"
time="2026-09-13T02:33:07Z" level=warning msg="Request Failed" error="Get \"http://nginx/api/admissions/5a5a49e08f71ec345817363cf097329d1cdc40efbd9ceeda07e614f911ce8f46\": request timeout"
time="2026-09-13T02:33:07Z" level=warning msg="Request Failed" error="Get \"http://nginx/api/admissions/f0e337a60e1aa51960f7baf2c7c0a5ee5064edc7db156a9b6fa914c9e6157933\": request timeout"
time="2026-09-13T02:33:07Z" level=warning msg="Request Failed" error="Get \"http://nginx/api/admissions/7ecb0a480a668732f48167b4f034524c410245ecf91b9c59be05d6f346991b7b\": request timeout"
time="2026-09-13T02:33:07Z" level=warning msg="Request Failed" error="Get \"http://nginx/api/admissions/e4ae74f04f9790115c6ca7a9c53029904fa1d2c9a28656c4c247ebcac77a685a\": request timeout"
time="2026-09-13T02:33:07Z" level=warning msg="Request Failed" error="Get \"http://nginx/api/admissions/55a1ff649b5c88bbb115de3534612217493f9e56de2f904582e28da178b0e8f6\": request timeout"
time="2026-09-13T02:33:07Z" level=warning msg="Request Failed" error="Get \"http://nginx/api/admissions/8ff894fc59053626568dd67fcc3ea499048970725eadf2ed09a22e49f514c059\": request timeout"
time="2026-09-13T02:33:07Z" level=warning msg="Request Failed" error="Get \"http://nginx/api/admissions/0a2c0fb991613430f852bec1550660e3e2cb742e4eaa838e70b47021e8fa75a9\": request timeout"
time="2026-09-13T02:33:07Z" level=warning msg="Request Failed" error="Get \"http://nginx/api/admissions/32a8f9832753bc51a0c2bf7dd060429c831f3101e50236c42d22325880ca4ca1\": request timeout"
time="2026-09-13T02:33:07Z" level=warning msg="Request Failed" error="Get \"http://nginx/api/admissions/2901a27048103174e9c55ff49d1c3696c872388628d4b41958f21dca8edeaaaa\": request timeout"
time="2026-09-13T02:33:07Z" level=warning msg="Request Failed" error="Get \"http://nginx/api/admissions/74f7bdff2e30e14982b484c59c446fb418a0d1696831a1c8aed0712411c9410e\": request timeout"
time="2026-09-13T02:33:07Z" level=warning msg="Request Failed" error="Get \"http://nginx/api/admissions/4c4774c8c0cfc76a7866eb5329e5b7b4e5bdd65836192c648c7d4b73dac546d6\": request timeout"
time="2026-09-13T02:33:07Z" level=warning msg="Request Failed" error="Get \"http://nginx/api/admissions/3f235480a707138ecc3f1be647b83cf0cc910038fce22810f7a9770435b957f1\": request timeout"
time="2026-09-13T02:33:07Z" level=warning msg="Request Failed" error="Get \"http://nginx/api/admissions/3fe3ef62270ad6cc9b7407667a7e4e5fd4e74e4efacb84bc1e864ffecf191ac1\": request timeout"
time="2026-09-13T02:33:07Z" level=warning msg="Request Failed" error="Get \"http://nginx/api/admissions/8acbce19f66130d779a56c698996a7e0a012416b3f9727eab74f3727c2c0a91d\": request timeout"
time="2026-09-13T02:33:07Z" level=warning msg="Request Failed" error="Get \"http://nginx/api/admissions/b956cc46a9310aa9c3ead251aa71acf8fbbdca9504e4d95b33ad6b2ab1324195\": request timeout"
time="2026-09-13T02:33:07Z" level=warning msg="Request Failed" error="Get \"http://nginx/api/admissions/7531906fa1023e43c11ec9c27716178f8bc509fdddc87bf12d6c2501e8aed11e\": request timeout"
time="2026-09-13T02:33:07Z" level=warning msg="Request Failed" error="Get \"http://nginx/api/admissions/dd1a9f640f56b867e75c64581e521e13744006b60079717f10b0ac7269ec879f\": request timeout"
time="2026-09-13T02:33:07Z" level=warning msg="Request Failed" error="Get \"http://nginx/api/admissions/68b942d3492e55d49801b63c1a876b26763caaca70cf6dcdb99c511d5433c0f5\": request timeout"
time="2026-09-13T02:33:08Z" level=warning msg="Request Failed" error="Get \"http://nginx/api/admissions/e7a08f5590ccc507ecdda496f3122b2b3b748f3bd1af9e5feddc645396fd9412\": request timeout"
time="2026-09-13T02:33:08Z" level=warning msg="Request Failed" error="Get \"http://nginx/api/admissions/c05b861bed76a6f6a0475a71e2c961fbf9ae468e36283ea37b29b2d7d2bd878c\": request timeout"
time="2026-09-13T02:33:08Z" level=warning msg="Request Failed" error="Get \"http://nginx/api/admissions/382d18018292607c8e96642e46688c6ce6bf6da63b7db75e07c23bac0244ca40\": request timeout"
time="2026-09-13T02:33:08Z" level=warning msg="Request Failed" error="Get \"http://nginx/api/admissions/792a403893b7b59850cfc598a8253648b66bf1e354b5a6ba7d5fdf9399e1546c\": request timeout"
time="2026-09-13T02:33:08Z" level=warning msg="Request Failed" error="Get \"http://nginx/api/admissions/fb2f5b515d584313c189d45e23a98af9c604b7a9e48e2ecdc49572bb47fd7aa0\": request timeout"
time="2026-09-13T02:33:08Z" level=warning msg="Request Failed" error="Get \"http://nginx/api/admissions/6d94bdc5f6d1c90262c6dc70fe7fbd0fefcdd7c97310d29468721adebfb642da\": request timeout"
time="2026-09-13T02:33:08Z" level=warning msg="Request Failed" error="Get \"http://nginx/api/admissions/42a42cb77525fd7fe4b7a48abb48586a41802d6a56af4ceebdb7ce19c84481d6\": request timeout"
time="2026-09-13T02:33:08Z" level=warning msg="Request Failed" error="Get \"http://nginx/api/admissions/c4ffd9c140d12dc88e98ce473902471808ca8199794686a4c592b13d286d5e6a\": request timeout"
time="2026-09-13T02:33:08Z" level=warning msg="Request Failed" error="Get \"http://nginx/api/admissions/7bf66b4045974322cb03112606aca35e46f0531a549dc2e267164298141ec29f\": request timeout"
time="2026-09-13T02:33:08Z" level=warning msg="Request Failed" error="Get \"http://nginx/api/admissions/6d0c2c2dde2d7c5406c4d41fe5800dce722c8f05f9cb54298d923165eaa0f9dd\": request timeout"
time="2026-09-13T02:33:08Z" level=warning msg="Request Failed" error="Get \"http://nginx/api/admissions/a0d44df4ae26e3527446f7b8b1a8701a6c5b84274bd26efac501068784f56300\": request timeout"
time="2026-09-13T02:33:08Z" level=warning msg="Request Failed" error="Get \"http://nginx/api/admissions/c367cc7a4d017bb6b0d07362c1abad9138336052606bc8366d8d9b54598b1dae\": request timeout"
time="2026-09-13T02:33:08Z" level=warning msg="Request Failed" error="Get \"http://nginx/api/admissions/c93eabf9fd9027f0461dbac91cdb5448fe6afa7953161bd44616ce873128dd5d\": request timeout"
time="2026-09-13T02:33:08Z" level=warning msg="Request Failed" error="Get \"http://nginx/api/admissions/9d6f9317d7886290e23c37a491487b392f1ee4c29b4ccf5da5444a570dd70dd7\": request timeout"
time="2026-09-13T02:33:08Z" level=warning msg="Request Failed" error="Get \"http://nginx/api/admissions/81fbc5d3f014b3d63f094e3055e5b40282aae7db13eb9cf07800938868acd045\": request timeout"

running (1m45.9s), 01778/02018 VUs, 2339 complete and 0 interrupted iterations
browsers ??[ 100% ] 02018/02018 VUs  1m0s  100.00 iters/s
time="2026-09-13T02:33:08Z" level=warning msg="Request Failed" error="Get \"http://nginx/api/admissions/13839806e042819a8605aeccd4c4b5c48c780904126880f001faf82fad33e437\": request timeout"
time="2026-09-13T02:33:08Z" level=warning msg="Request Failed" error="Get \"http://nginx/api/admissions/3109b5d8645a367903f6cb1b5edd93b77dc4febf12a5ae8e7635fe5d6934a656\": request timeout"
time="2026-09-13T02:33:08Z" level=warning msg="Request Failed" error="Get \"http://nginx/api/admissions/42bfd0719f8efd7982b2da3b725ea2089602be5efc9443fc08e2df4f95bb3ca5\": request timeout"
time="2026-09-13T02:33:08Z" level=warning msg="Request Failed" error="Get \"http://nginx/api/admissions/caec5f6c0c11bff3a8b8f1a3f8c971708bf92bdf730a3467453d3128aebf3c47\": request timeout"
time="2026-09-13T02:33:08Z" level=warning msg="Request Failed" error="Get \"http://nginx/api/admissions/155733c1e84ed8ba8e991299f513d3c9981516a68db3af6668da98132008efb0\": request timeout"
time="2026-09-13T02:33:08Z" level=warning msg="Request Failed" error="Get \"http://nginx/api/admissions/5b5104972f267d2932978e8801203dbefb63d6c48ca22ed085634d713bc1c5e5\": request timeout"
time="2026-09-13T02:33:08Z" level=warning msg="Request Failed" error="Get \"http://nginx/api/admissions/bf7438701b1825ad561795700d5e3fb51224278a89cd59fae312e284cadf0e64\": request timeout"
time="2026-09-13T02:33:08Z" level=warning msg="Request Failed" error="Get \"http://nginx/api/admissions/85077cc08d51e1ff0279afc604ef8eef2f9a044c73148be5a27022416314beda\": request timeout"
time="2026-09-13T02:33:08Z" level=warning msg="Request Failed" error="Get \"http://nginx/api/admissions/dbeba573eb2eea47d61a81cbbeb5b7dfda5024c886179449cc873e6adb6d591d\": request timeout"
time="2026-09-13T02:33:08Z" level=warning msg="Request Failed" error="Get \"http://nginx/api/admissions/6410d30ec89edd0fb39a43966ea9e2fef71ad17131a94400622411323d1f031a\": request timeout"
time="2026-09-13T02:33:08Z" level=warning msg="Request Failed" error="Get \"http://nginx/api/admissions/74aa8828e8acd69c2410c18318f6ef5b4941e2449562e79d20fc0035832cb089\": request timeout"
time="2026-09-13T02:33:08Z" level=warning msg="Request Failed" error="Get \"http://nginx/api/admissions/3c6a1ad0c52d1f2231b4c14a27aa2e00761aa6eb7f05de9cb45a02a6ceed3962\": request timeout"
time="2026-09-13T02:33:08Z" level=warning msg="Request Failed" error="Get \"http://nginx/api/admissions/eba5bac4b118ba7117d03a9679d6a39589ad6999531a15e0b14c4fab72aa6c3b\": request timeout"
time="2026-09-13T02:33:08Z" level=warning msg="Request Failed" error="Get \"http://nginx/api/admissions/c2f9f76db3da3f2473c8631e1c02831358e568f19d30b4512473d1a3b52e055f\": request timeout"
time="2026-09-13T02:33:08Z" level=warning msg="Request Failed" error="Get \"http://nginx/api/admissions/e4fb3601e5d27586148949c8a94bd0639c988df15a180dc25977c05dc1429a8a\": request timeout"
time="2026-09-13T02:33:08Z" level=warning msg="Request Failed" error="Get \"http://nginx/api/admissions/89a946e36990a70de3bf9f78130631a15e29a6c9bdadd42a65ae38ecce337065\": request timeout"
time="2026-09-13T02:33:08Z" level=warning msg="Request Failed" error="Get \"http://nginx/api/admissions/de05cbad16dd3869bda9d44dabb0d0b7e674091437ea53641628745e7b7e72bc\": request timeout"
time="2026-09-13T02:33:08Z" level=warning msg="Request Failed" error="Get \"http://nginx/api/admissions/d984e503a7556392644afd92bbc51df6ca12236350e9af032cc8db34304f0796\": request timeout"
time="2026-09-13T02:33:08Z" level=warning msg="Request Failed" error="Get \"http://nginx/api/admissions/7f72f6ef16d1bebf631da03c63e7532fe6e995a8d1ee7d4680c4e2b2c038229e\": request timeout"
time="2026-09-13T02:33:08Z" level=warning msg="Request Failed" error="Get \"http://nginx/api/admissions/cc5055316c1773541f88cb3e4a3853ecf8972a1156d303f3b08ec54939d85595\": request timeout"
time="2026-09-13T02:33:08Z" level=warning msg="Request Failed" error="Get \"http://nginx/api/admissions/8acbb23e2b9427a9573ccb18ea95fe78a6bd558fa5037f1819169b1b7893fd7d\": request timeout"
time="2026-09-13T02:33:08Z" level=warning msg="Request Failed" error="Get \"http://nginx/api/admissions/eea8eaf5da83843070ab21186cabccbb974a0fcf4f3a352bd350a337a5ce3e52\": request timeout"
time="2026-09-13T02:33:08Z" level=warning msg="Request Failed" error="Get \"http://nginx/api/admissions/7ed4ca5944c850aa8eb27ab5b683b081530b9bb9e0933bdac1fa7da1d86dda90\": request timeout"
time="2026-09-13T02:33:08Z" level=warning msg="Request Failed" error="Get \"http://nginx/api/admissions/a1490c367e665ac72aecf35be3ea8f9bf78828b721c157335cd32afc9dc5b478\": request timeout"
time="2026-09-13T02:33:08Z" level=warning msg="Request Failed" error="Get \"http://nginx/api/admissions/86e02875ab75650d117d1c06857d65d12a10abdfb069fcd1821fc41b25b09db8\": request timeout"
time="2026-09-13T02:33:08Z" level=warning msg="Request Failed" error="Get \"http://nginx/api/admissions/5baa3e4374229557385bba6b944c1546a0cf8a8ef238a1192e51430ae9bc3ca8\": request timeout"
time="2026-09-13T02:33:08Z" level=warning msg="Request Failed" error="Get \"http://nginx/api/admissions/b1c93252e26ad4ae73fbf7fc4f3e1f98e2b4aeb3af5e482801d93c5bc2af9d65\": request timeout"
time="2026-09-13T02:33:08Z" level=warning msg="Request Failed" error="Get \"http://nginx/api/admissions/61fac3c39545d4f1a3940fb6f9c1d253560e99d0454312a0d731b28d61613ac3\": request timeout"
time="2026-09-13T02:33:08Z" level=warning msg="Request Failed" error="Get \"http://nginx/api/admissions/1bfff9c3cc454fb02902bb26e013442e31a04dfcf47c4e2410d564a26b53948a\": request timeout"
time="2026-09-13T02:33:08Z" level=warning msg="Request Failed" error="Get \"http://nginx/api/admissions/c01561752946ad48447724bef81eabd8c74cf0c1cf4da9497812e5573ab7fe77\": request timeout"
time="2026-09-13T02:33:09Z" level=warning msg="Request Failed" error="Get \"http://nginx/api/admissions/96474208a3320599df6df2e93887c9a23e8995b33a791dab098cab74166f9b26\": request timeout"
time="2026-09-13T02:33:09Z" level=warning msg="Request Failed" error="Get \"http://nginx/api/admissions/77623868b6a0c9b867ae813370542b0cdd5e5a7c93b2d26eabe5a4d9cf5c8913\": request timeout"
time="2026-09-13T02:33:09Z" level=warning msg="Request Failed" error="Get \"http://nginx/api/admissions/e4d1abb26ae2979039caaf9563144039f37bcd62a0d31d00844d3d217ed1b8fb\": request timeout"
time="2026-09-13T02:33:09Z" level=warning msg="Request Failed" error="Get \"http://nginx/api/admissions/956a0662ad9492d5172b634b301b8f80c1a67a6ee266a4d216805a6e62babbde\": request timeout"
time="2026-09-13T02:33:09Z" level=warning msg="Request Failed" error="Get \"http://nginx/api/admissions/2328fb1f84ad2263a53e36aecb48603e54042fbc8ac372a5a306ed8d7cf21cd4\": request timeout"
time="2026-09-13T02:33:09Z" level=warning msg="Request Failed" error="Get \"http://nginx/api/admissions/fc47b677f87b32fd956364a4ed2d058892c161d3ee3185778898e07542b404ba\": request timeout"
time="2026-09-13T02:33:09Z" level=warning msg="Request Failed" error="Get \"http://nginx/api/admissions/beb864e53e5bc3d32572d1013a63ff046defb9d25925b6f4166dcec84d713f36\": request timeout"
time="2026-09-13T02:33:09Z" level=warning msg="Request Failed" error="Get \"http://nginx/api/admissions/a718d320d7d546fc07f9dc9c4d6fdcf1bcc136942dac2a2a582fdf592907986e\": request timeout"
time="2026-09-13T02:33:09Z" level=warning msg="Request Failed" error="Get \"http://nginx/api/admissions/375393d60399da8ed54373ff102eef7b742c97fae14f69c7151f95f783cb874a\": request timeout"
time="2026-09-13T02:33:09Z" level=warning msg="Request Failed" error="Get \"http://nginx/api/admissions/d9364cfeba400b3c18f3def5333221ec6baa6b0f803683c570ecb0741e0d623c\": request timeout"
time="2026-09-13T02:33:09Z" level=warning msg="Request Failed" error="Get \"http://nginx/api/admissions/a93fd875605544390e24aec81100fe03310973172562752097cf832a5694b100\": request timeout"
time="2026-09-13T02:33:09Z" level=warning msg="Request Failed" error="Get \"http://nginx/api/admissions/5a47e26a478fdff618fbf3083b6fb35660c5d060a00f8dd1b96f862964993af3\": request timeout"
time="2026-09-13T02:33:09Z" level=warning msg="Request Failed" error="Get \"http://nginx/api/admissions/d3c39483eb35d055c65e2ee9f8f846c5172bf3c6c34504292de636dab11ac08c\": request timeout"
time="2026-09-13T02:33:09Z" level=warning msg="Request Failed" error="Get \"http://nginx/api/admissions/42f99ae402d883721bf57f1934ceffbeee8d2137e40ceef9f94af3bce21b6901\": request timeout"
time="2026-09-13T02:33:09Z" level=warning msg="Request Failed" error="Get \"http://nginx/api/admissions/8a542b0c071d48a0e435419a2356339a1c3fa12f1de8f63b7e73c05c28beb104\": request timeout"
time="2026-09-13T02:33:09Z" level=warning msg="Request Failed" error="Get \"http://nginx/api/admissions/e40665b2fc890cf5a25e446b9be44276a8435f3aef73f3f70ebdc424226f0445\": request timeout"
time="2026-09-13T02:33:09Z" level=warning msg="Request Failed" error="Get \"http://nginx/api/admissions/11d5ccbb9991e8142022e6c88e7cd0513c3f277490025153738f5297b7509462\": request timeout"
time="2026-09-13T02:33:09Z" level=warning msg="Request Failed" error="Get \"http://nginx/api/admissions/4d5e2c14c42fd1dea11f821a1f6b278ebfe7410e0b23d831b450a48c3b66e267\": request timeout"
time="2026-09-13T02:33:09Z" level=warning msg="Request Failed" error="Get \"http://nginx/api/admissions/b554dc24efe4cb362d2c860b2e51a62d154a269ede2930f6646ed42bbc47f716\": request timeout"
time="2026-09-13T02:33:09Z" level=warning msg="Request Failed" error="Get \"http://nginx/api/admissions/60c09c3bda3dc959a0f67d3fb0a3a268f98f47f288bf793ecfa08b26dcb6821a\": request timeout"
time="2026-09-13T02:33:09Z" level=warning msg="Request Failed" error="Get \"http://nginx/api/admissions/5d1fc77d169709734899d7c2c70c34023f92ea6b8c2c0889b4121e81421118a0\": request timeout"
time="2026-09-13T02:33:09Z" level=warning msg="Request Failed" error="Get \"http://nginx/api/admissions/310f0117271c5ef87d9764ca8d9e5ff6e41c1e24812f15c42d02af78753d6a18\": request timeout"
time="2026-09-13T02:33:09Z" level=warning msg="Request Failed" error="Get \"http://nginx/api/admissions/fd1122d0e709ad6a6af941cbb194203bbba11e005a7347df6fb13da75bc79b8c\": request timeout"
time="2026-09-13T02:33:09Z" level=warning msg="Request Failed" error="Get \"http://nginx/api/admissions/f7380591541f5729e47906dfac3211a4d8df9bffde31a9344fe964b410449749\": request timeout"
time="2026-09-13T02:33:09Z" level=warning msg="Request Failed" error="Get \"http://nginx/api/admissions/742c9ec8db96760dc3781ea05c9849733cfb86b243963e73badf886e4ed569ab\": request timeout"
time="2026-09-13T02:33:09Z" level=warning msg="Request Failed" error="Get \"http://nginx/api/admissions/ac2c77f21e5fc97ba0172a69626fb400046d01c2cf5ee2b84b4ebe0c5c434dc7\": request timeout"
time="2026-09-13T02:33:09Z" level=warning msg="Request Failed" error="Get \"http://nginx/api/admissions/81195c707c05422ff41ca999688dbd124b02a1024884b18273918be929638008\": request timeout"

running (1m46.9s), 01769/02018 VUs, 2348 complete and 0 interrupted iterations
browsers ??[ 100% ] 02018/02018 VUs  1m0s  100.00 iters/s
time="2026-09-13T02:33:09Z" level=warning msg="Request Failed" error="Get \"http://nginx/api/admissions/025ed124fb584d021f3a370d11a53e4b00e6b8467c6361dd59ce404c600f2464\": request timeout"
time="2026-09-13T02:33:09Z" level=warning msg="Request Failed" error="Get \"http://nginx/api/admissions/d1813588be7d8175dfa69a03f34c8e1daf086b285a0595deb0979c752ddeb714\": request timeout"
time="2026-09-13T02:33:09Z" level=warning msg="Request Failed" error="Get \"http://nginx/api/admissions/0c12d73eb75578229c57c2c65caf0359f378f38a1fa7a1f1c8584b413a4d687f\": request timeout"
time="2026-09-13T02:33:09Z" level=warning msg="Request Failed" error="Get \"http://nginx/api/admissions/02e26d848b7dab2b3064527aa8c83036dc9cf37c0ee005da45388eb3b14d89ff\": request timeout"
time="2026-09-13T02:33:09Z" level=warning msg="Request Failed" error="Get \"http://nginx/api/admissions/1b6e15c5597a125e387ee7f9fc95b52daf9de320f79729e853073ba0ed6c5038\": request timeout"
time="2026-09-13T02:33:09Z" level=warning msg="Request Failed" error="Get \"http://nginx/api/admissions/8f9e88eaaa6c883d8372411b00e3bb40b50615ec56e14697c6905375d2120961\": request timeout"
time="2026-09-13T02:33:09Z" level=warning msg="Request Failed" error="Get \"http://nginx/api/admissions/de31432a15fba144709191f9b76aac6777c45f8a6da118fe28d95fc9216159c3\": request timeout"
time="2026-09-13T02:33:09Z" level=warning msg="Request Failed" error="Get \"http://nginx/api/admissions/bc242081e6bb59d793a0f2aa840279c698b753375c1e054546f8ccb91594bea1\": request timeout"
time="2026-09-13T02:33:09Z" level=warning msg="Request Failed" error="Get \"http://nginx/api/admissions/3cdace1dc3450b6c4714794ff8aea93153b6d9308604e4d01591b18c3038fa06\": request timeout"
time="2026-09-13T02:33:09Z" level=warning msg="Request Failed" error="Get \"http://nginx/api/admissions/5a9672f2b0cc58a4b1e2dadf1c2ee923e63ef87d98b514d0f9999617fc2d217d\": request timeout"
time="2026-09-13T02:33:09Z" level=warning msg="Request Failed" error="Get \"http://nginx/api/admissions/ab659362674e73d57e33bfeea6b1c222d17dc057e9349eddd60fc2e57a5c75b0\": request timeout"
time="2026-09-13T02:33:09Z" level=warning msg="Request Failed" error="Get \"http://nginx/api/admissions/14454969185e6d22e1a4dbec630d7c7c9c73e8bcdafae6cbbb0d4a8a04d4c4d5\": request timeout"
time="2026-09-13T02:33:09Z" level=warning msg="Request Failed" error="Get \"http://nginx/api/admissions/922a36acd2fed221bce893f8a9baa7e8470dc310832fa96b8a8450cda903a028\": request timeout"
time="2026-09-13T02:33:09Z" level=warning msg="Request Failed" error="Get \"http://nginx/api/admissions/f05ee6f2495cd2841a57f748d3b178f639028475f366fe52934eee55d1ced998\": request timeout"
time="2026-09-13T02:33:09Z" level=warning msg="Request Failed" error="Get \"http://nginx/api/admissions/95c7f2c4e475b23e77873013c10c91914eb8b5468934405be6f12dc14b5bdcf9\": request timeout"
time="2026-09-13T02:33:09Z" level=warning msg="Request Failed" error="Get \"http://nginx/api/admissions/2fa70db962441ab846879cbd27f30e11df92ef1b29705f248e0e3507b6ccb3d0\": request timeout"
time="2026-09-13T02:33:09Z" level=warning msg="Request Failed" error="Get \"http://nginx/api/admissions/0bd24f7703607158ec3915c15ff61a9c92c53abf536d8b8ff211f6157c5b36a7\": request timeout"
time="2026-09-13T02:33:09Z" level=warning msg="Request Failed" error="Get \"http://nginx/api/admissions/0b5cbcabf2afe4d33a908d6a86a20c1f760dddf7b4e8feb2faf940d20c983a50\": request timeout"
time="2026-09-13T02:33:09Z" level=warning msg="Request Failed" error="Get \"http://nginx/api/admissions/10ab9cb67eef9dea6464d113e9de3170bce641369e47bfa70d31bf2c7f525a42\": request timeout"
time="2026-09-13T02:33:09Z" level=warning msg="Request Failed" error="Get \"http://nginx/api/admissions/9df5d8da93e68da13eea89021e00401b426db7cc58c4befeb32baaeb3eb641c2\": request timeout"
time="2026-09-13T02:33:09Z" level=warning msg="Request Failed" error="Get \"http://nginx/api/admissions/4b6e351226aba9475200f7e09aec3ce9d030777df0210342e9d18370163d4b2e\": request timeout"
time="2026-09-13T02:33:09Z" level=warning msg="Request Failed" error="Get \"http://nginx/api/admissions/078406d458096db2de9cbd693211b095cdd53e3fd467758310bebb41c77773db\": request timeout"
time="2026-09-13T02:33:09Z" level=warning msg="Request Failed" error="Get \"http://nginx/api/admissions/d15b0940147e55a94eebb0acc4a1adda8321fd6f28ca40826fe685c449db7db6\": request timeout"
time="2026-09-13T02:33:09Z" level=warning msg="Request Failed" error="Get \"http://nginx/api/admissions/c38107835415baed6672c1097ded0704d04d3997d36d6bd171fab34a4e2b70ed\": request timeout"
time="2026-09-13T02:33:09Z" level=warning msg="Request Failed" error="Get \"http://nginx/api/admissions/9b9fcd399503321e5c038ee6a9b517bfcb3a822369b4bb0dae929f5c5565d7b2\": request timeout"
time="2026-09-13T02:33:09Z" level=warning msg="Request Failed" error="Get \"http://nginx/api/admissions/5a438766c96dcb96d531fb6be14524700feabeec37982cf23be2afcc8292bfac\": request timeout"
time="2026-09-13T02:33:09Z" level=warning msg="Request Failed" error="Get \"http://nginx/api/admissions/89c16a0cfc10ff202970ad62078f1458b4580ce85ba8baf2efbce596670695ef\": request timeout"
time="2026-09-13T02:33:09Z" level=warning msg="Request Failed" error="Get \"http://nginx/api/admissions/348eeeb277d2aa164a4f840761a2b9a4a7e94867eea2ffc3cfd177615d5dcd96\": request timeout"
time="2026-09-13T02:33:09Z" level=warning msg="Request Failed" error="Get \"http://nginx/api/admissions/49d2d44bdcac7b42235c92d6c3707bb50d3c810ac731b33139317e81c34947b4\": request timeout"
time="2026-09-13T02:33:09Z" level=warning msg="Request Failed" error="Get \"http://nginx/api/admissions/7e2dbdb2672d3a85327a24966a644ee12c572da3d9d754c9e613c244acedfd5e\": request timeout"
time="2026-09-13T02:33:09Z" level=warning msg="Request Failed" error="Get \"http://nginx/api/admissions/25b5d7778dbed56b4098f8560445a783038e1bf9c7f787fb3a50cc80b1778877\": request timeout"
time="2026-09-13T02:33:09Z" level=warning msg="Request Failed" error="Get \"http://nginx/api/admissions/ca2367ee9f824142199ca8259908bdd99d98fe56afbd619a20a64cb475f24261\": request timeout"
time="2026-09-13T02:33:09Z" level=warning msg="Request Failed" error="Get \"http://nginx/api/admissions/a62e88234aeb3ce08f17f5ee7fe93eff17f46dfdbfa27b6ef2ed78d00ae70cc6\": request timeout"
time="2026-09-13T02:33:09Z" level=warning msg="Request Failed" error="Get \"http://nginx/api/admissions/80a28231b897916d0586d8950906e2933f13c27361d1f89b8767daac169f2a63\": request timeout"
time="2026-09-13T02:33:09Z" level=warning msg="Request Failed" error="Get \"http://nginx/api/admissions/12c942abbe98c28b3557b8c1fc5bad7d94d118bbcd2b4106c0df77da8997c096\": request timeout"
time="2026-09-13T02:33:09Z" level=warning msg="Request Failed" error="Get \"http://nginx/api/admissions/0a9b25bc891a83894201cffce0313717842cdbd730a2841c5db62786f20ee02b\": request timeout"
time="2026-09-13T02:33:09Z" level=warning msg="Request Failed" error="Get \"http://nginx/api/admissions/b9815a387fdfd1f43bcff89ad65c06f3f26be773192b15d8a0fe3de970e0bab1\": request timeout"
time="2026-09-13T02:33:09Z" level=warning msg="Request Failed" error="Get \"http://nginx/api/admissions/de1ca4ba6ec92fd420c41079a49f57af6af1dc3800656e3471906a815481ee53\": request timeout"
time="2026-09-13T02:33:09Z" level=warning msg="Request Failed" error="Get \"http://nginx/api/admissions/6abf05a5660fabeb237a7ec82c50d77bc3f18691e792a78f88628b4219a59ade\": request timeout"

running (1m47.9s), 01768/02018 VUs, 2349 complete and 0 interrupted iterations
browsers ??[ 100% ] 02018/02018 VUs  1m0s  100.00 iters/s
time="2026-09-13T02:33:10Z" level=warning msg="Request Failed" error="Get \"http://nginx/api/admissions/2f4279666150afdcbefb44e80d5b744380f23e319b4def7b9a2802b32d8ad296\": request timeout"
time="2026-09-13T02:33:10Z" level=warning msg="Request Failed" error="Get \"http://nginx/api/admissions/166682a2cbdd110dc4e2f5a437ea51c7131efe0dda8034660941ddb127a2c640\": request timeout"
time="2026-09-13T02:33:10Z" level=warning msg="Request Failed" error="Get \"http://nginx/api/admissions/80bfdb7bf131313831d2fabfde46b737c02d1861b138928728f4568ed0bee3bb\": request timeout"
time="2026-09-13T02:33:10Z" level=warning msg="Request Failed" error="Get \"http://nginx/api/admissions/9f2596a87ed90f1d5981c6007dc62146ec1c304b8d8b5c01358a5e7e6ca74c79\": request timeout"
time="2026-09-13T02:33:10Z" level=warning msg="Request Failed" error="Get \"http://nginx/api/admissions/efa14bed4f64fb8660e961c9764973cbceed6b5ce7a007f0eaa77a056f13a3d9\": request timeout"
time="2026-09-13T02:33:10Z" level=warning msg="Request Failed" error="Get \"http://nginx/api/admissions/7c545aa418dc249b8674b35a56c881af107ccd377878c70a2994b282cc606562\": request timeout"
time="2026-09-13T02:33:10Z" level=warning msg="Request Failed" error="Get \"http://nginx/api/admissions/c826ec36c03bce6b888a5ea639569a0cd5743948d67d02032f223624cb19c9c4\": request timeout"
time="2026-09-13T02:33:10Z" level=warning msg="Request Failed" error="Get \"http://nginx/api/admissions/8821ac07f8172b733c67cd45c4c0fcbb6d18339f9b189693ae605a9faca45500\": request timeout"
time="2026-09-13T02:33:11Z" level=warning msg="Request Failed" error="Get \"http://nginx/api/admissions/0bf472beb6004f39aa7c99e76e25fbc0dadde1f02705e2dbb0835cd6f6bbd2be\": request timeout"
time="2026-09-13T02:33:11Z" level=warning msg="Request Failed" error="Get \"http://nginx/api/admissions/a6a4cce29a21fa45de00b5b0ed2fc24cd8c03bf743d14af2959f58ab0ac6548d\": request timeout"
time="2026-09-13T02:33:11Z" level=warning msg="Request Failed" error="Get \"http://nginx/api/admissions/fb109c998cf5c2f0bf4e01288de63978cb05d9fea1ea616407f0d8c3f402a639\": request timeout"
time="2026-09-13T02:33:11Z" level=warning msg="Request Failed" error="Get \"http://nginx/api/admissions/64d31c84e77297e5f4f8dfe41d999a044d02a177ab2bfa5fb1d1c4b54f6de7b6\": request timeout"
time="2026-09-13T02:33:11Z" level=warning msg="Request Failed" error="Get \"http://nginx/api/admissions/9b000af64d4a194a5d89dc9edb0839802cad889076a2b6d1f0701a29b0371166\": request timeout"
time="2026-09-13T02:33:11Z" level=warning msg="Request Failed" error="Get \"http://nginx/api/admissions/8ddc97ecaae63714c3ead5565b747931c2cb28de39c071b95c4fc679d6f45280\": request timeout"
time="2026-09-13T02:33:11Z" level=warning msg="Request Failed" error="Get \"http://nginx/api/admissions/8b14143d6daa793248c4bc2ebe74902b2d5b4d5154871138ff94e106416920a2\": request timeout"
time="2026-09-13T02:33:11Z" level=warning msg="Request Failed" error="Get \"http://nginx/api/admissions/027b7588786a80aedb2b2b63180dd366937ab30eb707f9e33b5425058d286d9f\": request timeout"
time="2026-09-13T02:33:11Z" level=warning msg="Request Failed" error="Get \"http://nginx/api/admissions/664bd7c69d1ca11edafb50a6bd138c2aa7e3925949eceecfaacb1e320969eb9d\": request timeout"
time="2026-09-13T02:33:11Z" level=warning msg="Request Failed" error="Get \"http://nginx/api/admissions/7973698ea7da19653e48e4679ca6da199de933325b143972477b64bf490e207f\": request timeout"
time="2026-09-13T02:33:11Z" level=warning msg="Request Failed" error="Get \"http://nginx/api/admissions/6d96beb2e6e069728e2dce37704836b4c9bff6f3379d7aeee35d637cd7da0023\": request timeout"
time="2026-09-13T02:33:11Z" level=warning msg="Request Failed" error="Get \"http://nginx/api/admissions/10ce21812fc132a07ca1ddd236f95b39a28fa77cd97b2ca3e60e625a5c2d4ef8\": request timeout"
time="2026-09-13T02:33:11Z" level=warning msg="Request Failed" error="Get \"http://nginx/api/admissions/8427b4da290fc928229a999b2d3540dcfb1b7e26b2ac54eb1e38d6c76ec62e7f\": request timeout"
time="2026-09-13T02:33:11Z" level=warning msg="Request Failed" error="Get \"http://nginx/api/admissions/5933b0a2316738a7e08c6757ba270d1ac985e163401ecfb9642845e1eb8e8161\": request timeout"
time="2026-09-13T02:33:11Z" level=warning msg="Request Failed" error="Get \"http://nginx/api/admissions/78234b3308b3f6f2f5dba4f0fbfeec5a7c24c49c39102f4c1c49eace8a2314ac\": request timeout"
time="2026-09-13T02:33:11Z" level=warning msg="Request Failed" error="Get \"http://nginx/api/admissions/31b8e93206755ec033f3b725f2bbe574da83511fd68e82fcc1eca065c44e0e16\": request timeout"
time="2026-09-13T02:33:11Z" level=warning msg="Request Failed" error="Get \"http://nginx/api/admissions/fab056f577d3784f6ab8315341ca443725c6b75e5239db767df24bf55d831bc1\": request timeout"
time="2026-09-13T02:33:11Z" level=warning msg="Request Failed" error="Get \"http://nginx/api/admissions/24bb91776f7d037d79130b5d8c917195a3e764483e90c77d89dbd2d55033c0fd\": request timeout"
time="2026-09-13T02:33:11Z" level=warning msg="Request Failed" error="Get \"http://nginx/api/admissions/c77a514491de1b208484242dff4b4177d3c5ca63d284900104224495fbc6bad0\": request timeout"
time="2026-09-13T02:33:11Z" level=warning msg="Request Failed" error="Get \"http://nginx/api/admissions/c0c55ec941e7c1bcf2d96d041c553d292633043dbcd1cd63e56dd3766bec1877\": request timeout"
time="2026-09-13T02:33:11Z" level=warning msg="Request Failed" error="Get \"http://nginx/api/admissions/682fac9bc58dacb46b69863babc64b625fa8e7d81317c1efc750ecf3e8ea1393\": request timeout"
time="2026-09-13T02:33:11Z" level=warning msg="Request Failed" error="Get \"http://nginx/api/admissions/d4959d8a4bd87b9c9d28edee7a0d280580932f2dec3450e3dfaf369a9dafa4bd\": request timeout"
time="2026-09-13T02:33:11Z" level=warning msg="Request Failed" error="Get \"http://nginx/api/admissions/56626bbcf08fad0c78a6a41bac58ed9d947b6f2b0e01d9d5dcb1ca097cfbf3cb\": request timeout"
time="2026-09-13T02:33:11Z" level=warning msg="Request Failed" error="Get \"http://nginx/api/admissions/63aa833ba952bf941c8bde6c9b14365006deed173cab2e7a3b5f7da9379ad7c7\": request timeout"

running (1m48.9s), 01768/02018 VUs, 2349 complete and 0 interrupted iterations
browsers ??[ 100% ] 02018/02018 VUs  1m0s  100.00 iters/s
time="2026-09-13T02:33:11Z" level=warning msg="Request Failed" error="Get \"http://nginx/api/admissions/c9277d9ce736d2e9fcd53352174d2dd6c6758ed38368a62328b0997d9d0c90c8\": request timeout"
time="2026-09-13T02:33:11Z" level=warning msg="Request Failed" error="Get \"http://nginx/api/admissions/d67572a43baa454b7025f10409db22eb5c2630ce2144aeca7c1da77762866a0e\": request timeout"
time="2026-09-13T02:33:11Z" level=warning msg="Request Failed" error="Get \"http://nginx/api/admissions/ebbfbfe245a012a635ea30ac5ab9a1a65b8f4573aac2861ccd2776a611451acd\": request timeout"
time="2026-09-13T02:33:11Z" level=warning msg="Request Failed" error="Get \"http://nginx/api/admissions/80a4a849aa74048ae8f8db8a56a5c946e2b46ac195dc514832aff0384ab22027\": request timeout"
time="2026-09-13T02:33:11Z" level=warning msg="Request Failed" error="Get \"http://nginx/api/admissions/8ae7ad156b4135dc2388d3848db9e18050ab78129c9af1fdb8bf2a18861d3294\": request timeout"
time="2026-09-13T02:33:11Z" level=warning msg="Request Failed" error="Get \"http://nginx/api/admissions/0b193af559277dd0a9b4b8e7227620ad4410ea06e16b1c712dcbdbe69fcb8ba3\": request timeout"
time="2026-09-13T02:33:11Z" level=warning msg="Request Failed" error="Get \"http://nginx/api/admissions/533ffe299576280e478e2657a532fd97ad70d744b2f58fc67da5ad681f2f2b2b\": request timeout"
time="2026-09-13T02:33:11Z" level=warning msg="Request Failed" error="Get \"http://nginx/api/admissions/d541e38f87d7c814c8f8e7947a4fb9c91134bd97289bd3029e171c594271ded9\": request timeout"
time="2026-09-13T02:33:11Z" level=warning msg="Request Failed" error="Get \"http://nginx/api/admissions/1fb30651f49b0150daf04daabb8d2d77773584770f8b922726f14e0b1c3a0a24\": request timeout"
time="2026-09-13T02:33:11Z" level=warning msg="Request Failed" error="Get \"http://nginx/api/admissions/1ed06fb96536deb1538870fb0844f29df70e55ddc6cda4fd7774c395021fe949\": request timeout"
time="2026-09-13T02:33:11Z" level=warning msg="Request Failed" error="Get \"http://nginx/api/admissions/c6c4eb86ce3e009c8868d57310cf9ceb4d0f44bc82bc933a607e015d4ec8b540\": request timeout"
time="2026-09-13T02:33:11Z" level=warning msg="Request Failed" error="Get \"http://nginx/api/admissions/1b26da661f98ca9c3c9819ad335c316d485f42cbc8037cab923ffb73be6b0845\": request timeout"
time="2026-09-13T02:33:11Z" level=warning msg="Request Failed" error="Get \"http://nginx/api/admissions/2605f791b55b88e83edde8bd7670e77a22f837cfb36c29804bf5ea7c3fa7bf91\": request timeout"
time="2026-09-13T02:33:11Z" level=warning msg="Request Failed" error="Get \"http://nginx/api/admissions/075daea41a3693391f912dbdaad503ad9a6d1aac703e30149ef6f812567367b8\": request timeout"
time="2026-09-13T02:33:11Z" level=warning msg="Request Failed" error="Get \"http://nginx/api/admissions/8cc0baa9019d365c8257464ffff9f6720df0e102f34a0921d01ec60410363a85\": request timeout"
time="2026-09-13T02:33:11Z" level=warning msg="Request Failed" error="Get \"http://nginx/api/admissions/f83a593870355f9038eead186f1f3d5a96b0808bcde14f6c46cf01cf00889f58\": request timeout"
time="2026-09-13T02:33:11Z" level=warning msg="Request Failed" error="Get \"http://nginx/api/admissions/73b4b0343472710940217e6dc06cc33d1113cf19bddfee2d2f65970235f78c81\": request timeout"
time="2026-09-13T02:33:11Z" level=warning msg="Request Failed" error="Get \"http://nginx/api/admissions/b0f0aa3503cdb5c92b3a4099cac49728d44b7ca69448f85bb28891a6be51adf4\": request timeout"
time="2026-09-13T02:33:11Z" level=warning msg="Request Failed" error="Get \"http://nginx/api/admissions/848b41b9710c3274920b095af69eb880dae2d27aa6a37eac3cdd2f819202338d\": request timeout"
time="2026-09-13T02:33:11Z" level=warning msg="Request Failed" error="Get \"http://nginx/api/admissions/38a07457c265765a9857b399f57116aabf081d36c8ba4d3ba8d85b64d3222c96\": request timeout"
time="2026-09-13T02:33:11Z" level=warning msg="Request Failed" error="Get \"http://nginx/api/admissions/7a335525476397a436b6e72e0da1134aed6e332ed5fca568e169fafd2db6c8f8\": request timeout"
time="2026-09-13T02:33:11Z" level=warning msg="Request Failed" error="Get \"http://nginx/api/admissions/0a66f476b363c548315deb98ac15ba9db9127cec74f44424b926ea2d6162c1eb\": request timeout"
time="2026-09-13T02:33:11Z" level=warning msg="Request Failed" error="Get \"http://nginx/api/admissions/5dabb50e00dd8dbda5df0710072878d6af6d19f01a3d363db94d424b8f9aa78b\": request timeout"
time="2026-09-13T02:33:11Z" level=warning msg="Request Failed" error="Get \"http://nginx/api/admissions/02d52aee2b23ac9adc699f995b899fd29a663587ce472945e77a18dbf5cb2c90\": request timeout"
time="2026-09-13T02:33:11Z" level=warning msg="Request Failed" error="Get \"http://nginx/api/admissions/820060462e416a3b3faeb1fa848516b8f240e989ce5d36eb44452384a93682b4\": request timeout"
time="2026-09-13T02:33:11Z" level=warning msg="Request Failed" error="Get \"http://nginx/api/admissions/704417807393768a86ed09e8b32bf3a70fe1ab4f91aba802b66bbf6e8c8bf19a\": request timeout"
time="2026-09-13T02:33:11Z" level=warning msg="Request Failed" error="Get \"http://nginx/api/admissions/91bf709facb82e4f1fba03838430e17a6f259c67b97e3a66b46ae06e426b5ecf\": request timeout"
time="2026-09-13T02:33:11Z" level=warning msg="Request Failed" error="Get \"http://nginx/api/admissions/3ee15bbc4f31a58ab2990a05e721147804e0887040130f1408682328921f9c35\": request timeout"
time="2026-09-13T02:33:11Z" level=warning msg="Request Failed" error="Get \"http://nginx/api/admissions/94f6d63959dc837decc75ba1aef5c071f64bbaeb978454f70cfcb379b6b8164b\": request timeout"
time="2026-09-13T02:33:11Z" level=warning msg="Request Failed" error="Get \"http://nginx/api/admissions/fd28d48e02e685d66f77c8454fa7e3a26b9d5624fbb681ae96e604b1210e2f5f\": request timeout"
time="2026-09-13T02:33:11Z" level=warning msg="Request Failed" error="Get \"http://nginx/api/admissions/f7c6c81b9c8c191d3addbc9294945265e640ee694f7bd60ed9e5dd19371541dd\": request timeout"
time="2026-09-13T02:33:11Z" level=warning msg="Request Failed" error="Get \"http://nginx/api/admissions/9c2b38bfb6b0ca33bc3e30cf404f05a4e59c404fd04123bec8397421a0e387d0\": request timeout"
time="2026-09-13T02:33:11Z" level=warning msg="Request Failed" error="Get \"http://nginx/api/admissions/416d494cee940e461495b03d86442187de1841bdc46d2928c9b18bd84ba90248\": request timeout"
time="2026-09-13T02:33:11Z" level=warning msg="Request Failed" error="Get \"http://nginx/api/admissions/1b8f07b65749beb61ac25f87e3264ca591ef06cb76be6cfc2b888897b4c8aaa1\": request timeout"
time="2026-09-13T02:33:11Z" level=warning msg="Request Failed" error="Get \"http://nginx/api/admissions/7e8258af65e9892b686050ceae6584561f1e4d18689f831fbfaaef22a2bc34db\": request timeout"
time="2026-09-13T02:33:11Z" level=warning msg="Request Failed" error="Get \"http://nginx/api/admissions/0e5c758c18a5713d15a97bbf4f1606a4ba2bb5c1a059912e88a65c13b91d556e\": request timeout"
time="2026-09-13T02:33:11Z" level=warning msg="Request Failed" error="Get \"http://nginx/api/admissions/779870a3f97e1208635fdacf40113a1fe1e2f504ee569791093de686b72a2d09\": request timeout"
time="2026-09-13T02:33:11Z" level=warning msg="Request Failed" error="Get \"http://nginx/api/admissions/77b358c9f36d73952432c163b25fd03d83cc07172f82c727ae6b1978ddae382b\": request timeout"
time="2026-09-13T02:33:11Z" level=warning msg="Request Failed" error="Get \"http://nginx/api/admissions/f4b01e8d44e318cd82272dd8a1a3d41f97ed9347237a7b740dc6c924012d9591\": request timeout"
time="2026-09-13T02:33:11Z" level=warning msg="Request Failed" error="Get \"http://nginx/api/admissions/d13907c02b7505b0d3320702a247776175b30e8f7d792f3b58daa54a1b67b99d\": request timeout"
time="2026-09-13T02:33:11Z" level=warning msg="Request Failed" error="Get \"http://nginx/api/admissions/ee61d177b5e9a6e56045d2679a9d9f65e4ea3be303b0fd1ab87846aea720c8ff\": request timeout"
time="2026-09-13T02:33:11Z" level=warning msg="Request Failed" error="Get \"http://nginx/api/admissions/11d0724a68f06114e871fab641df66cb672d8b33f825a1cee21ea7dab096444f\": request timeout"
time="2026-09-13T02:33:11Z" level=warning msg="Request Failed" error="Get \"http://nginx/api/admissions/d01748383232e6bfd886c2ed57b3f00c4992aa329f522fb4c71ad03ba5e0681a\": request timeout"
time="2026-09-13T02:33:11Z" level=warning msg="Request Failed" error="Get \"http://nginx/api/admissions/2840edfe5aab33816fc4015ad027c78ad7e1f450a29734fae351bf92008c40e8\": request timeout"
time="2026-09-13T02:33:11Z" level=warning msg="Request Failed" error="Get \"http://nginx/api/admissions/6b6c0cbf5e0c30faa9eba8a384cdde2000698e6723db920c3a06a36c856ea708\": request timeout"
time="2026-09-13T02:33:11Z" level=warning msg="Request Failed" error="Get \"http://nginx/api/admissions/f71eea886e6d443e6a23aecaba7b42f46665a455b73bcba6519a7ea4cbe0f1db\": request timeout"
time="2026-09-13T02:33:11Z" level=warning msg="Request Failed" error="Get \"http://nginx/api/admissions/3bba040e850ec12f06317b5eb26aa405091b21eb4a88ffea5576f069c7f80f14\": request timeout"
time="2026-09-13T02:33:11Z" level=warning msg="Request Failed" error="Get \"http://nginx/api/admissions/da2d406facf287e22675b6b99422eb2b9d458564893a075d389aef4647222702\": request timeout"
time="2026-09-13T02:33:11Z" level=warning msg="Request Failed" error="Get \"http://nginx/api/admissions/43ca89b6619ffb9d9b4961429e33fa96648a9533e780000907c53aaccf0fc728\": request timeout"
time="2026-09-13T02:33:11Z" level=warning msg="Request Failed" error="Get \"http://nginx/api/admissions/9d1f1f60b83551d6cc8e9840c60668c1822afac9def921318f34364b77a3bb1b\": request timeout"
time="2026-09-13T02:33:11Z" level=warning msg="Request Failed" error="Get \"http://nginx/api/admissions/644352f239d80e19c57e7e7544372150389cf6d2bd3b6f086d1ceebceeb176c4\": request timeout"
time="2026-09-13T02:33:11Z" level=warning msg="Request Failed" error="Get \"http://nginx/api/admissions/1cdccab3d8f8643df7c553bff1270353030dbab1d0238f24386d44c3adc3ed14\": request timeout"
time="2026-09-13T02:33:11Z" level=warning msg="Request Failed" error="Get \"http://nginx/api/admissions/9c7e0e8544163a2bf4b8f1e97c583e37b06e8c92280822444b606a37ee447347\": request timeout"
time="2026-09-13T02:33:11Z" level=warning msg="Request Failed" error="Get \"http://nginx/api/admissions/525c8c62e236485b9be3d65f8406117a842a0a4179fe8ba8be08196ba9c26cdd\": request timeout"
time="2026-09-13T02:33:11Z" level=warning msg="Request Failed" error="Get \"http://nginx/api/admissions/95e138d2d9da6cf70d998ae46c370cc66105283ebd2774bd8dad6de447fa686c\": request timeout"
time="2026-09-13T02:33:11Z" level=warning msg="Request Failed" error="Get \"http://nginx/api/admissions/3d87289622fa80013445fde29b5cbe7579b340e7b6152955d69e8c7b9afa9a96\": request timeout"
time="2026-09-13T02:33:11Z" level=warning msg="Request Failed" error="Get \"http://nginx/api/admissions/f4e12caf6bab882f0021960e09eb988786e8c3b32b35247b1789b395a2c8bfe9\": request timeout"
time="2026-09-13T02:33:11Z" level=warning msg="Request Failed" error="Get \"http://nginx/api/admissions/4670021c1919edb26184e1dd38828997ceed27e922932f9455acb1a82be29048\": request timeout"
time="2026-09-13T02:33:11Z" level=warning msg="Request Failed" error="Get \"http://nginx/api/admissions/f5adab5aad236c5a07cc241f5a5640c8299b8dde5a9c3d961032693b97221dc9\": request timeout"
time="2026-09-13T02:33:12Z" level=warning msg="Request Failed" error="Get \"http://nginx/api/admissions/d3a67d50b3bbbaacef05879b7bc709accbb997b2f476a16f495f05daa71f6fc5\": request timeout"
time="2026-09-13T02:33:12Z" level=warning msg="Request Failed" error="Get \"http://nginx/api/admissions/7671deec2bd23a60ae8cc03bb9e0a14b36a95da3e14a334664d801a5292e23dd\": request timeout"
time="2026-09-13T02:33:12Z" level=warning msg="Request Failed" error="Get \"http://nginx/api/admissions/54ce60a5ed73fb82eb69aad325b844c0d279d42cd24ca366edfb93be3803fadb\": request timeout"
time="2026-09-13T02:33:12Z" level=warning msg="Request Failed" error="Get \"http://nginx/api/admissions/5918be2d7410c26d5449064bc02f71e450f8b792b6a193a6c48607cde9d7f4ab\": request timeout"
time="2026-09-13T02:33:12Z" level=warning msg="Request Failed" error="Get \"http://nginx/api/admissions/e0ec0d86effea89192f8e21c55d45aea40cc71ea4746841f25fc437dd9162538\": request timeout"

running (1m49.9s), 01768/02018 VUs, 2349 complete and 0 interrupted iterations
browsers ??[ 100% ] 02018/02018 VUs  1m0s  100.00 iters/s

running (1m50.9s), 01766/02018 VUs, 2351 complete and 0 interrupted iterations
browsers ??[ 100% ] 02018/02018 VUs  1m0s  100.00 iters/s
time="2026-09-13T02:33:14Z" level=warning msg="Request Failed" error="Get \"http://nginx/api/admissions/aa30cce6fad491521724ad881c4e0cfced8aeec820487b0801b702def15e0741\": request timeout"

running (1m51.9s), 01760/02018 VUs, 2357 complete and 0 interrupted iterations
browsers ??[ 100% ] 02018/02018 VUs  1m0s  100.00 iters/s
time="2026-09-13T02:33:14Z" level=warning msg="Request Failed" error="Get \"http://nginx/api/admissions/b95cf64e353fd6a08c418866f29903e702234e43b0537678094ad59092393b63\": request timeout"
time="2026-09-13T02:33:14Z" level=warning msg="Request Failed" error="Get \"http://nginx/api/admissions/5e43674594abebcfa35e2d07087a7027eb80b86823db21316edacf32677e203a\": request timeout"
time="2026-09-13T02:33:14Z" level=warning msg="Request Failed" error="Get \"http://nginx/api/admissions/8dbbbc5e1318bde4121baf2f2d8313d4232eae935f648f0c04d5086b6468bd93\": request timeout"
time="2026-09-13T02:33:14Z" level=warning msg="Request Failed" error="Get \"http://nginx/api/admissions/d1a57ea533f8f92019ccd69e01dba6762cccc4a800175fb41b76c3b6957fb554\": request timeout"
time="2026-09-13T02:33:14Z" level=warning msg="Request Failed" error="Get \"http://nginx/api/admissions/01c268cd2fbb7190fabfd705e5e1867f1c06dac3228b97cfb27502f9f546410a\": request timeout"
time="2026-09-13T02:33:14Z" level=warning msg="Request Failed" error="Get \"http://nginx/api/admissions/6e3e36ac9ae6f3788717968e33aa76ba6dfd6a1cbff1dbd7da828e6c5cb56fea\": request timeout"
time="2026-09-13T02:33:14Z" level=warning msg="Request Failed" error="Get \"http://nginx/api/admissions/e82ccb81efd517b604d34dbe89413ecfd0708dd8a6776c0e69f30183064cd266\": request timeout"
time="2026-09-13T02:33:14Z" level=warning msg="Request Failed" error="Get \"http://nginx/api/admissions/f3924a974f4db04b55777faeb9adab88a18fd28666d780c1785026f35d648e69\": request timeout"
time="2026-09-13T02:33:14Z" level=warning msg="Request Failed" error="Get \"http://nginx/api/admissions/cea3726a5ac800cff5251847bf5d9347ee7bb5cc8056e3f2f03ac8cfdfc7e8c8\": request timeout"
time="2026-09-13T02:33:14Z" level=warning msg="Request Failed" error="Get \"http://nginx/api/admissions/85b82f7a4aac0da0fc0a4b13fe09b580e4f1e33fed55ba5477d77c2394e63325\": request timeout"
time="2026-09-13T02:33:14Z" level=warning msg="Request Failed" error="Get \"http://nginx/api/admissions/62b6df06d20d1a44e08dab6a1ccc48c77caf32f340a6132ed12e406a872e5651\": request timeout"
time="2026-09-13T02:33:14Z" level=warning msg="Request Failed" error="Get \"http://nginx/api/admissions/e5c4df39c57b18efc1aa320f7089253a1192c5945f5a6013f64bdd40e5a259cd\": request timeout"
time="2026-09-13T02:33:14Z" level=warning msg="Request Failed" error="Get \"http://nginx/api/admissions/37f4200d9d673055c7782d91db50b4e642d579f6705e48cc5218cabb73bea959\": request timeout"
time="2026-09-13T02:33:14Z" level=warning msg="Request Failed" error="Get \"http://nginx/api/admissions/9455768f52512c93c27d84dade7f13e97e325943354984386506db4f59eee287\": request timeout"
time="2026-09-13T02:33:14Z" level=warning msg="Request Failed" error="Get \"http://nginx/api/admissions/3ca0aeaa3a0f6edc6e79cc8182b41500cdb6f3ce9323446128ad3dce35712c39\": request timeout"
time="2026-09-13T02:33:14Z" level=warning msg="Request Failed" error="Get \"http://nginx/api/admissions/88b9c2c41a5858edf0fb063ac08d19bd0123bdbda29451866fe158a3bea463f7\": request timeout"
time="2026-09-13T02:33:14Z" level=warning msg="Request Failed" error="Get \"http://nginx/api/admissions/f29cd0e421f975461053ac6b6bfac66255097f2c467c75b81bbdd1444bf74a43\": request timeout"
time="2026-09-13T02:33:14Z" level=warning msg="Request Failed" error="Get \"http://nginx/api/admissions/5721528771b4e78bcc40cc1c2009bdd6ba919b5dbfa03ae184f66902c6f43454\": request timeout"
time="2026-09-13T02:33:14Z" level=warning msg="Request Failed" error="Get \"http://nginx/api/admissions/87f4bbdc4ada4985233b2bdb96cae72f0fb680eb69ce1afca0e8ce75f1a31e8d\": request timeout"
time="2026-09-13T02:33:14Z" level=warning msg="Request Failed" error="Get \"http://nginx/api/admissions/af1f8b6560d626c7fc68c9557c6e28391417711238c6aa2156529c4cab6b6cd1\": request timeout"
time="2026-09-13T02:33:14Z" level=warning msg="Request Failed" error="Get \"http://nginx/api/admissions/981815d29ac39f96d610b80c2b0057aaf1320eb81566480d1f6c8f8a5079ba42\": request timeout"
time="2026-09-13T02:33:14Z" level=warning msg="Request Failed" error="Get \"http://nginx/api/admissions/d88b34295c203b2948d0ba5504415d7a762e1dc7a85129232804899253176456\": request timeout"
time="2026-09-13T02:33:14Z" level=warning msg="Request Failed" error="Get \"http://nginx/api/admissions/c32ea921773b36144f898e02ce14aea3ce20f69d1c725ee348661bde0fa2dbef\": request timeout"
time="2026-09-13T02:33:14Z" level=warning msg="Request Failed" error="Get \"http://nginx/api/admissions/62edfe1c4acbd35b16153f96500c3dee1c3834135c62fcfe02fa31782d0fbf8b\": request timeout"

running (1m52.9s), 01752/02018 VUs, 2365 complete and 0 interrupted iterations
browsers ??[ 100% ] 02018/02018 VUs  1m0s  100.00 iters/s

running (1m53.9s), 01744/02018 VUs, 2373 complete and 0 interrupted iterations
browsers ??[ 100% ] 02018/02018 VUs  1m0s  100.00 iters/s

running (1m54.9s), 01736/02018 VUs, 2381 complete and 0 interrupted iterations
browsers ??[ 100% ] 02018/02018 VUs  1m0s  100.00 iters/s

running (1m55.9s), 01729/02018 VUs, 2388 complete and 0 interrupted iterations
browsers ??[ 100% ] 02018/02018 VUs  1m0s  100.00 iters/s

running (1m56.9s), 01719/02018 VUs, 2398 complete and 0 interrupted iterations
browsers ??[ 100% ] 02018/02018 VUs  1m0s  100.00 iters/s

running (1m57.9s), 01718/02018 VUs, 2399 complete and 0 interrupted iterations
browsers ??[ 100% ] 02018/02018 VUs  1m0s  100.00 iters/s

running (1m58.9s), 01718/02018 VUs, 2399 complete and 0 interrupted iterations
browsers ??[ 100% ] 02018/02018 VUs  1m0s  100.00 iters/s

running (1m59.9s), 01718/02018 VUs, 2399 complete and 0 interrupted iterations
browsers ??[ 100% ] 02018/02018 VUs  1m0s  100.00 iters/s
time="2026-09-13T02:33:22Z" level=warning msg="Request Failed" error="Get \"http://nginx/api/admissions/36cc406685b4a50e15ffe28b4cf8b9e8fe3b375a006693d10940668bb7337a79\": request timeout"
time="2026-09-13T02:33:22Z" level=warning msg="Request Failed" error="Get \"http://nginx/api/admissions/7e8e4ea4c4e22a264952cbdacee99ac17d81af25fa1001962ea179037d2e7524\": request timeout"
time="2026-09-13T02:33:22Z" level=warning msg="Request Failed" error="Get \"http://nginx/api/admissions/e4422486a2c9fee02fe64a240ae3043b9f443151f7cbb8b72559b27e30c7b629\": request timeout"
time="2026-09-13T02:33:22Z" level=warning msg="Request Failed" error="Get \"http://nginx/api/admissions/18582494e21c750834a2d1cf186635fd02fe7d4a9ca5930011b04e28a37b909f\": request timeout"
time="2026-09-13T02:33:22Z" level=warning msg="Request Failed" error="Get \"http://nginx/api/admissions/c9dc06fb9888ea5d46207269116170fdcd5f68e191b6007be5dc4cf3db270111\": request timeout"
time="2026-09-13T02:33:22Z" level=warning msg="Request Failed" error="Get \"http://nginx/api/admissions/ef78140e09f574bec921fdab33afac3241132e0fa4ef95f221326b8ffd617e99\": request timeout"
time="2026-09-13T02:33:22Z" level=warning msg="Request Failed" error="Get \"http://nginx/api/admissions/600509cfc112d6ec9fc29fdf1b549457154baba9e50b1b4e381262fe24e5cafe\": request timeout"
time="2026-09-13T02:33:22Z" level=warning msg="Request Failed" error="Get \"http://nginx/api/admissions/81bec139e563b2025ea0e11ace85d48513415fcbdac76a28f03571ed7d3bd5d0\": request timeout"
time="2026-09-13T02:33:22Z" level=warning msg="Request Failed" error="Get \"http://nginx/api/admissions/2bcc6bc8541222654c33f4fa7b405d5e42f21df6e37dfce0444d3949a0bedfed\": request timeout"
time="2026-09-13T02:33:22Z" level=warning msg="Request Failed" error="Get \"http://nginx/api/admissions/5351330b33d553144caa4bad7bc34cd7cb41dab8a672e1897238de2fae1cfc30\": request timeout"
time="2026-09-13T02:33:22Z" level=warning msg="Request Failed" error="Get \"http://nginx/api/admissions/e751d5933b6f4ab0519ea3f42eba329b0c1c51816cd4ec23cfbe95fa13870331\": request timeout"
time="2026-09-13T02:33:22Z" level=warning msg="Request Failed" error="Get \"http://nginx/api/admissions/caca5ca9457c3f792023ff26f1af0b4e1a4f04cb8b1e2defea0e8517d9fb1502\": request timeout"
time="2026-09-13T02:33:22Z" level=warning msg="Request Failed" error="Get \"http://nginx/api/admissions/233e81d24bd0134fa22241aaaaa45529bf3a0f7c87040fcab39bb71076b49323\": request timeout"
time="2026-09-13T02:33:22Z" level=warning msg="Request Failed" error="Get \"http://nginx/api/admissions/61a855d959868b6384b1a89014a0cea77ba95abc86cdbd516b70fce3f7b2d013\": request timeout"
time="2026-09-13T02:33:22Z" level=warning msg="Request Failed" error="Get \"http://nginx/api/admissions/81171eac0267fdb1251d8d8fed9102db870f97b18b525e1b6dcb08b27e8ae7ff\": request timeout"
time="2026-09-13T02:33:22Z" level=warning msg="Request Failed" error="Get \"http://nginx/api/admissions/6fd30b6a35bb2d2439d846b0567dc39375cefd83c6eb4215092f26b166e1c686\": request timeout"
time="2026-09-13T02:33:22Z" level=warning msg="Request Failed" error="Get \"http://nginx/api/admissions/8f4f1e4cf1c4e505063f7e3df5155cd3c48f55340e8dcd9014e212e246285bec\": request timeout"
time="2026-09-13T02:33:23Z" level=warning msg="Request Failed" error="Get \"http://nginx/api/admissions/871c6cfaa31a5d95d9ec6f9201bdf80f1880928a66a133451172a2fa49cf46cc\": request timeout"
time="2026-09-13T02:33:23Z" level=warning msg="Request Failed" error="Get \"http://nginx/api/admissions/83545068f2228b8a5fc3556fed461f86991d9a52a57a7a3d6582aa0dc74b2be0\": request timeout"
time="2026-09-13T02:33:23Z" level=warning msg="Request Failed" error="Get \"http://nginx/api/admissions/ba1b7ce9d414eb2ae1db81fe6a0bb8f00c4581b98fdeb09c034415d178bd7824\": request timeout"
time="2026-09-13T02:33:23Z" level=warning msg="Request Failed" error="Get \"http://nginx/api/admissions/75cfe45a521b57d9d2d811c17313b47cb476adbb473197faf74a9aede437cf63\": request timeout"
time="2026-09-13T02:33:23Z" level=warning msg="Request Failed" error="Get \"http://nginx/api/admissions/b0f2334a94a52cc781e4dece187aaa84a5ef9d97b39add7c5976cd179d72a8af\": request timeout"
time="2026-09-13T02:33:23Z" level=warning msg="Request Failed" error="Get \"http://nginx/api/admissions/c0051981550f69f0bd4734e9465efaad600803c43cc41f9dad0d568bf60ec0b8\": request timeout"
time="2026-09-13T02:33:23Z" level=warning msg="Request Failed" error="Get \"http://nginx/api/admissions/c9dc1a89300858a78f357e06893aec5bdf60c3980e9888b9fb508b2bcc6fcbda\": request timeout"
time="2026-09-13T02:33:23Z" level=warning msg="Request Failed" error="Get \"http://nginx/api/admissions/1e26fd3de6ab9a61805cfa47834490735ff32a34506217ecabf8ca19f6cd439a\": request timeout"
time="2026-09-13T02:33:23Z" level=warning msg="Request Failed" error="Get \"http://nginx/api/admissions/76526663cbd156c43d979c93a137a9301a3efd077e0ced67dce92bc54a0a8716\": request timeout"
time="2026-09-13T02:33:23Z" level=warning msg="Request Failed" error="Get \"http://nginx/api/admissions/cacb6f2189deb0bb9600d3d7aa36fd60cdfa6dce3d877db155079b5322881a07\": request timeout"
time="2026-09-13T02:33:23Z" level=warning msg="Request Failed" error="Get \"http://nginx/api/admissions/7a12867613025a85cbb31b906f10a47dca17b9fe48e5dbcfa147d0cc2d45cbd0\": request timeout"
time="2026-09-13T02:33:23Z" level=warning msg="Request Failed" error="Get \"http://nginx/api/admissions/214089dfc3e29aa753264a96512659ac997757860fa6b53076aea55dfba564e8\": request timeout"
time="2026-09-13T02:33:23Z" level=warning msg="Request Failed" error="Get \"http://nginx/api/admissions/83aa33ea998e34475569d6b510a549662d31172322f1a33faf938c3e721db849\": request timeout"
time="2026-09-13T02:33:23Z" level=warning msg="Request Failed" error="Get \"http://nginx/api/admissions/3bdf56469dd76762a1f4f838081e54e2643103623eb5f29432153d2e48d8389d\": request timeout"
time="2026-09-13T02:33:23Z" level=warning msg="Request Failed" error="Get \"http://nginx/api/admissions/e17a2abcc5af9e1bf3fb3cd6ebc4728abdead74b213dd81c92ed6c75c32b7774\": request timeout"
time="2026-09-13T02:33:23Z" level=warning msg="Request Failed" error="Get \"http://nginx/api/admissions/c249ea9638a6660b5bb16f24b5131af611a001fc85c80f0f65dca760957b966d\": request timeout"
time="2026-09-13T02:33:23Z" level=warning msg="Request Failed" error="Get \"http://nginx/api/admissions/528dd059dd4776e5ae74dc1cf88565de6856929c774f360f947d8aa633ac91c9\": request timeout"
time="2026-09-13T02:33:23Z" level=warning msg="Request Failed" error="Get \"http://nginx/api/admissions/a99241b6fb09c98cc426921da8e6654834b9c2ff024ed017d49de7e69e9370b7\": request timeout"

running (2m00.9s), 01717/02018 VUs, 2400 complete and 0 interrupted iterations
browsers ??[ 100% ] 02018/02018 VUs  1m0s  100.00 iters/s
time="2026-09-13T02:33:23Z" level=warning msg="Request Failed" error="Get \"http://nginx/api/admissions/e7e690ffad0d616db6d7ee48a0c77ebc91c8ef883edea13db56662131e3813e2\": request timeout"
time="2026-09-13T02:33:23Z" level=warning msg="Request Failed" error="Get \"http://nginx/api/admissions/76f120c71bc4ae401a9fcf0f94e07b303e59d12f947ff49334495bce4e1a79d6\": request timeout"
time="2026-09-13T02:33:23Z" level=warning msg="Request Failed" error="Get \"http://nginx/api/admissions/99de155b07dada92f67f019b712323942256e5999ad3513c703ba81afe4dfe66\": request timeout"
time="2026-09-13T02:33:23Z" level=warning msg="Request Failed" error="Get \"http://nginx/api/admissions/e2d9e01b933c1614ed64c69a17139a5b37517d414b8eaea5c8a360ec82ba6e20\": request timeout"
time="2026-09-13T02:33:23Z" level=warning msg="Request Failed" error="Get \"http://nginx/api/admissions/4f01519a9cc1344cf364ff8a4d98eeaafce45e6de9e62329abc2f02664d9a057\": request timeout"
time="2026-09-13T02:33:23Z" level=warning msg="Request Failed" error="Get \"http://nginx/api/admissions/36eb7982e09bed25c101fee614294913f7573284f0ad851ca631c081ae2e83ff\": request timeout"
time="2026-09-13T02:33:23Z" level=warning msg="Request Failed" error="Get \"http://nginx/api/admissions/00b6019e76ee5a6bd7bd5c3303062735788a784ad1b70a41fb3b9a48e39132c7\": request timeout"
time="2026-09-13T02:33:23Z" level=warning msg="Request Failed" error="Get \"http://nginx/api/admissions/34adf6f94e0f2eadb7731e70500fdd11e379fd6d32c6ac1e09922b941997cc01\": request timeout"
time="2026-09-13T02:33:23Z" level=warning msg="Request Failed" error="Get \"http://nginx/api/admissions/5a662321579672d02ad73f958094b255bf4ca2fd02297e378ed93388f102ce60\": request timeout"
time="2026-09-13T02:33:23Z" level=warning msg="Request Failed" error="Get \"http://nginx/api/admissions/7563322ecfeb82da7d2fa06ffc763d8d23fb4fc084de708c9f56d08e7fc39edd\": request timeout"
time="2026-09-13T02:33:23Z" level=warning msg="Request Failed" error="Get \"http://nginx/api/admissions/4498fe67d8edf9a85c80b045c66dd75dcfd5cb87efc8f1e626febcc2c2f48e08\": request timeout"
time="2026-09-13T02:33:23Z" level=warning msg="Request Failed" error="Get \"http://nginx/api/admissions/efb72e6b54e499faf948a5aaea7506f8a73c7db21126841f75443a7d9b2ea23f\": request timeout"
time="2026-09-13T02:33:23Z" level=warning msg="Request Failed" error="Get \"http://nginx/api/admissions/413506738a0ef22b5ca49d435b525b2143cfc5100060ec60fcb08baeb162fe60\": request timeout"
time="2026-09-13T02:33:23Z" level=warning msg="Request Failed" error="Get \"http://nginx/api/admissions/218453443a393cd8e9446f04654301a0c2eafbcafaac58739a943de44334ca06\": request timeout"
time="2026-09-13T02:33:23Z" level=warning msg="Request Failed" error="Get \"http://nginx/api/admissions/574d97d2a5b83df6f6d949a3788b2a5f13cb1d4dea90d3aa26c0acde18b0402c\": request timeout"
time="2026-09-13T02:33:23Z" level=warning msg="Request Failed" error="Get \"http://nginx/api/admissions/d19b7901568e74c6623f311762fb16333264f5e469118cdb935452b2d30e6915\": request timeout"
time="2026-09-13T02:33:23Z" level=warning msg="Request Failed" error="Get \"http://nginx/api/admissions/86d0e143eb8970386cfef48086018ab4a110d7dda213e4b1ba2b86d0cba3c594\": request timeout"
time="2026-09-13T02:33:23Z" level=warning msg="Request Failed" error="Get \"http://nginx/api/admissions/a26c1e5fbad50af58019386d8b5c48fe4bf8968bf12d427aa0b6b56d2f75f33c\": request timeout"
time="2026-09-13T02:33:23Z" level=warning msg="Request Failed" error="Get \"http://nginx/api/admissions/e251392dcc837b656d0b635b6db51f4335784331cea7ad321cc7e8cf7692026e\": request timeout"
time="2026-09-13T02:33:23Z" level=warning msg="Request Failed" error="Get \"http://nginx/api/admissions/66934ddb0d87b9fdfb8bb575a69fa34d53e923bb29d1c5249f8216dcaaf107d6\": request timeout"
time="2026-09-13T02:33:23Z" level=warning msg="Request Failed" error="Get \"http://nginx/api/admissions/162cb6dc4ff9a60048830b5634c6d865c0584663e5b696f37f9ae753d6af4b5b\": request timeout"
time="2026-09-13T02:33:23Z" level=warning msg="Request Failed" error="Get \"http://nginx/api/admissions/ef8a9967952f4da8d47d3f928b362816fd07e957156443851f2ccc966d71ef39\": request timeout"
time="2026-09-13T02:33:23Z" level=warning msg="Request Failed" error="Get \"http://nginx/api/admissions/6199b4bead1c21860f0514f7adb34362ed42c74eaa107b80d2fbd62f341ae2b6\": request timeout"
time="2026-09-13T02:33:23Z" level=warning msg="Request Failed" error="Get \"http://nginx/api/admissions/2e08dddd116ce52c67499f36d0075adc2532c99f004c86a9868daeda01091206\": request timeout"
time="2026-09-13T02:33:23Z" level=warning msg="Request Failed" error="Get \"http://nginx/api/admissions/f4eea0f207ff89655e2ed5dfbc775f3ba6173ee84328771461673da019ffdda5\": request timeout"
time="2026-09-13T02:33:23Z" level=warning msg="Request Failed" error="Get \"http://nginx/api/admissions/0e34a6387503566956db21d8fcfc783bf89126ad6d135547926d2451eb655b34\": request timeout"
time="2026-09-13T02:33:23Z" level=warning msg="Request Failed" error="Get \"http://nginx/api/admissions/f89d4640fbbc5c52987620ff4cc2d130b0013c855a9b7ee340ea231aa2951216\": request timeout"
time="2026-09-13T02:33:23Z" level=warning msg="Request Failed" error="Get \"http://nginx/api/admissions/800b22f750afad53f90ef60964b504cd74da708252159b5efe98ca425f0abad5\": request timeout"
time="2026-09-13T02:33:23Z" level=warning msg="Request Failed" error="Get \"http://nginx/api/admissions/c2c26847276b7be2b9a9565e0d8fa1674d6804f392a5af81a96f48acfeb0ede4\": request timeout"
time="2026-09-13T02:33:23Z" level=warning msg="Request Failed" error="Get \"http://nginx/api/admissions/637ee363c5629ced1185c8daf082701a61c6823880e36ad9ad3d399837fe88e9\": request timeout"
time="2026-09-13T02:33:23Z" level=warning msg="Request Failed" error="Get \"http://nginx/api/admissions/70f154d58808855da5aa44d0f5f33c43df58bcaa39f272dc13a112fb2153cab9\": request timeout"
time="2026-09-13T02:33:23Z" level=warning msg="Request Failed" error="Get \"http://nginx/api/admissions/cd0983eb626ccdb6b2bb2a4a27b7e0b5cf645dc35b371231654393fe13bc837d\": request timeout"
time="2026-09-13T02:33:23Z" level=warning msg="Request Failed" error="Get \"http://nginx/api/admissions/d8f109f67139a31b993e2dac125136f25772531cdf3db374e47a11e07d594bff\": request timeout"
time="2026-09-13T02:33:23Z" level=warning msg="Request Failed" error="Get \"http://nginx/api/admissions/d80b16f69bb9f8b6b5c9ce41afe9701787c301376b6d3634ea97fad58a9be7fd\": request timeout"
time="2026-09-13T02:33:23Z" level=warning msg="Request Failed" error="Get \"http://nginx/api/admissions/dc9fb3269a4f98cece54be6df150b969be795e7d7f5face0d7c1d59cf29e20ea\": request timeout"
time="2026-09-13T02:33:23Z" level=warning msg="Request Failed" error="Get \"http://nginx/api/admissions/c97dbd1b62d8aba0e7b831d007b89f0b073533fde8aed5090bcdea2e81449557\": request timeout"
time="2026-09-13T02:33:23Z" level=warning msg="Request Failed" error="Get \"http://nginx/api/admissions/ae1088dacc0e25624d0f1c70280025e068cd7b894926d328c2f187e70e167168\": request timeout"
time="2026-09-13T02:33:23Z" level=warning msg="Request Failed" error="Get \"http://nginx/api/admissions/7bffe1fac09a8ef9d686f7e18a04df09a94ded489ea7142955cf108eed7ad2ae\": request timeout"
time="2026-09-13T02:33:23Z" level=warning msg="Request Failed" error="Get \"http://nginx/api/admissions/b34d36a5913118f76a3aa40cc83305fdbf716a25176d94228e5ed056d6b9f5fe\": request timeout"
time="2026-09-13T02:33:23Z" level=warning msg="Request Failed" error="Get \"http://nginx/api/admissions/5160b86a9c01386384811a2158d4cbae0407f70dfd69e2a941c2d08aa904aad1\": request timeout"
time="2026-09-13T02:33:23Z" level=warning msg="Request Failed" error="Get \"http://nginx/api/admissions/3eb2d899878c9a07793a6194dd4cebbc3f8d44003a144a0e5995d72440ef1852\": request timeout"
time="2026-09-13T02:33:23Z" level=warning msg="Request Failed" error="Get \"http://nginx/api/admissions/1db7ea59e5f0b9579195782615911f3ad3459640a44798a3c29be3882f5a5385\": request timeout"
time="2026-09-13T02:33:23Z" level=warning msg="Request Failed" error="Get \"http://nginx/api/admissions/9f9c48cbf951e4fc027b69d5e7a1d6fe0ffdd90347ea2236c015adbaa2e2aeef\": request timeout"
time="2026-09-13T02:33:23Z" level=warning msg="Request Failed" error="Get \"http://nginx/api/admissions/cca9e268c684a4f3abc9e5cae95653b2994636be1cc74e0726ff8d08d24d91b6\": request timeout"
time="2026-09-13T02:33:23Z" level=warning msg="Request Failed" error="Get \"http://nginx/api/admissions/e5b1d3d2b502e5dc54c2c9cb3de99aa4591d5bf0ba6c47014b2e3b55476b4531\": request timeout"
time="2026-09-13T02:33:23Z" level=warning msg="Request Failed" error="Get \"http://nginx/api/admissions/215df9b9e57c099c59f0a54c9eb9de64e7d8a7f97625e1a3e50bbebb4aac56a3\": request timeout"
time="2026-09-13T02:33:23Z" level=warning msg="Request Failed" error="Get \"http://nginx/api/admissions/154a2c976418bf73d1f96fbecfd614d2ca6a0ce2e46f9b0c67695cf79be381b9\": request timeout"
time="2026-09-13T02:33:23Z" level=warning msg="Request Failed" error="Get \"http://nginx/api/admissions/5a2ec25c73ce51476283f7a8af26e5167bc2bba117a5e2a18766eea3fd5900be\": request timeout"
time="2026-09-13T02:33:23Z" level=warning msg="Request Failed" error="Get \"http://nginx/api/admissions/dd5eb830f30160601db781b2d9952cac3bf35a318cfb9648048d7ed0030ced35\": request timeout"
time="2026-09-13T02:33:23Z" level=warning msg="Request Failed" error="Get \"http://nginx/api/admissions/73a02e5b00567c9ad1950c84ca586227a8f4c2ead97a990efa385bd44717c71c\": request timeout"
time="2026-09-13T02:33:23Z" level=warning msg="Request Failed" error="Get \"http://nginx/api/admissions/ba30b2658d67ff698ef55bbf98f448c77598b945814e24f99e59fe250708351e\": request timeout"
time="2026-09-13T02:33:23Z" level=warning msg="Request Failed" error="Get \"http://nginx/api/admissions/1adb88573513a358f5ed5474bf87325025bf9aaa6304e6800f5fa8200ce60e23\": request timeout"
time="2026-09-13T02:33:23Z" level=warning msg="Request Failed" error="Get \"http://nginx/api/admissions/2df7214c6707484d2cdf594e627b3b991a171ef34395cd686313659a7b185be1\": request timeout"
time="2026-09-13T02:33:23Z" level=warning msg="Request Failed" error="Get \"http://nginx/api/admissions/40f65161885183171ff09917f4890bbe5ff2975a75eb9b2f1f36f39a308d3459\": request timeout"
time="2026-09-13T02:33:24Z" level=warning msg="Request Failed" error="Get \"http://nginx/api/admissions/1b3f9770412eced894f19b327648dc451f9ca39c565e8d09860065beceb98928\": request timeout"
time="2026-09-13T02:33:24Z" level=warning msg="Request Failed" error="Get \"http://nginx/api/admissions/d8c2b265b3b9211680cadea1d78c98c400c0441a4f75bb5c2e6a4e8467512930\": request timeout"
time="2026-09-13T02:33:24Z" level=warning msg="Request Failed" error="Get \"http://nginx/api/admissions/dae242ba0617634587f77f4723c172eab2897167358608a98e25b75c10c98698\": request timeout"
time="2026-09-13T02:33:24Z" level=warning msg="Request Failed" error="Get \"http://nginx/api/admissions/c41bf6e20661608713015e0385b069db177f5503df256edf5df95e611b675a5b\": request timeout"
time="2026-09-13T02:33:24Z" level=warning msg="Request Failed" error="Get \"http://nginx/api/admissions/aa521c454184df789bee5e28e3e9067cb3f71884dbffd62d4801cc761f50a5a2\": request timeout"
time="2026-09-13T02:33:24Z" level=warning msg="Request Failed" error="Get \"http://nginx/api/admissions/16e582ead268d7b6d4984eaa9be6c3dab0715a510a990377b18e0849b8894ebf\": request timeout"
time="2026-09-13T02:33:24Z" level=warning msg="Request Failed" error="Get \"http://nginx/api/admissions/07be8324496722a61e1d881714efae742172150e4a1c2018f06d5bfafa12c54b\": request timeout"
time="2026-09-13T02:33:24Z" level=warning msg="Request Failed" error="Get \"http://nginx/api/admissions/1fb1a5da42ceabd9f860c8fbcc2f0b3cf1433f3da8039892b96f160c6e8e026d\": request timeout"
time="2026-09-13T02:33:24Z" level=warning msg="Request Failed" error="Get \"http://nginx/api/admissions/0c61203d900ac2b9d7e4505345b2f1201c123726f3264c2688d06faabaf63710\": request timeout"
time="2026-09-13T02:33:24Z" level=warning msg="Request Failed" error="Get \"http://nginx/api/admissions/841f32639aa1f9419742ecfdca54b796736de8fc82f3a9d0a68ecc10f0072d2b\": request timeout"
time="2026-09-13T02:33:24Z" level=warning msg="Request Failed" error="Get \"http://nginx/api/admissions/8474455660c01e668baee80861c9d171e564d3a7d83167eec980d43574cb1310\": request timeout"
time="2026-09-13T02:33:24Z" level=warning msg="Request Failed" error="Get \"http://nginx/api/admissions/96298e8257ba6a88a068e90e774bfb51a5d29ee1d245256ad0d3ad62d932e693\": request timeout"
time="2026-09-13T02:33:24Z" level=warning msg="Request Failed" error="Get \"http://nginx/api/admissions/a3bd9912dc6e09b6472c7fab1e8503be62126c4a4740799d490ed2378c6fbe83\": request timeout"
time="2026-09-13T02:33:24Z" level=warning msg="Request Failed" error="Get \"http://nginx/api/admissions/ea7304c1fbcff2ab678de32355abe92b7ea0d9c2825ad75345959879261d5f0b\": request timeout"
time="2026-09-13T02:33:24Z" level=warning msg="Request Failed" error="Get \"http://nginx/api/admissions/fc5b139fedef9d51b64875d9f7f8408b4ac74b650b6c274f53c868656bf61a55\": request timeout"
time="2026-09-13T02:33:24Z" level=warning msg="Request Failed" error="Get \"http://nginx/api/admissions/7402bf0fb0e8b41393cf0341757224adbac22d247d7ecd4844179d1b23ebc87f\": request timeout"
time="2026-09-13T02:33:24Z" level=warning msg="Request Failed" error="Get \"http://nginx/api/admissions/c3565d0a3cbc85d4e83e5b81f40e78db6312322f5c057a19cc696286b69f4e6f\": request timeout"
time="2026-09-13T02:33:24Z" level=warning msg="Request Failed" error="Get \"http://nginx/api/admissions/1edace211fa86c5e2f9583c237e58c43985a6f9843fec6d87b0fc9895b0c24ea\": request timeout"
time="2026-09-13T02:33:24Z" level=warning msg="Request Failed" error="Get \"http://nginx/api/admissions/e20b7d971f1610a310e0a415b4bac1e7b7e8db407e81768822c37054969795aa\": request timeout"
time="2026-09-13T02:33:24Z" level=warning msg="Request Failed" error="Get \"http://nginx/api/admissions/2a5c1b8f3ef907c2f97aa7dfe515e7277a58e9d05ee624c55faf0e8fbcf03aca\": request timeout"
time="2026-09-13T02:33:24Z" level=warning msg="Request Failed" error="Get \"http://nginx/api/admissions/56d1971b15534a1974a6f48532bbc1f998cd7032754482c537cdac4d37721353\": request timeout"
time="2026-09-13T02:33:24Z" level=warning msg="Request Failed" error="Get \"http://nginx/api/admissions/dbfb11202deed12c2ff4cb06f948495484706523db22ac58899c8873bcb4641e\": request timeout"
time="2026-09-13T02:33:24Z" level=warning msg="Request Failed" error="Get \"http://nginx/api/admissions/990a5c272884b8f77e2f23388bfc1cae372f7c2e9ce0c61abddefe1eeff6368e\": request timeout"
time="2026-09-13T02:33:24Z" level=warning msg="Request Failed" error="Get \"http://nginx/api/admissions/619c2c687d583d2f63d7d7eb33cdf69bc41b88fe6766d301ff3484f2dccab90a\": request timeout"
time="2026-09-13T02:33:24Z" level=warning msg="Request Failed" error="Get \"http://nginx/api/admissions/dee1d4cae66c8460076cd76ad92c1091ac11c875089ee2ad603476982c1c53c0\": request timeout"
time="2026-09-13T02:33:24Z" level=warning msg="Request Failed" error="Get \"http://nginx/api/admissions/55b14f40d1b4e7104a1377d742fa095a0bb99da02dc4f03bcb5a5f79232b90b9\": request timeout"
time="2026-09-13T02:33:24Z" level=warning msg="Request Failed" error="Get \"http://nginx/api/admissions/360473bde313ebc2a2175f5c9a4241d612d7f263cb0f67d38a061d815a16742a\": request timeout"
time="2026-09-13T02:33:24Z" level=warning msg="Request Failed" error="Get \"http://nginx/api/admissions/20791ec4f580b51da415886768ef74034c4de4bc66cca473ceb8f41d45cdb6dd\": request timeout"

running (2m01.9s), 01710/02018 VUs, 2407 complete and 0 interrupted iterations
browsers ??[ 100% ] 02018/02018 VUs  1m0s  100.00 iters/s
time="2026-09-13T02:33:24Z" level=warning msg="Request Failed" error="Get \"http://nginx/api/admissions/8dbbc656cecd7fe7276edea7eb7546b3b8ffdf789e436f4d5e93daeb129aa364\": request timeout"
time="2026-09-13T02:33:24Z" level=warning msg="Request Failed" error="Get \"http://nginx/api/admissions/4c85e2e77ba78cff9806b82fe5931092e6c98254e9c1f3ef57566f9cbd7f40c7\": request timeout"
time="2026-09-13T02:33:24Z" level=warning msg="Request Failed" error="Get \"http://nginx/api/admissions/14cb33dd191dc5e9ddcd74399589308c269f11a118c7a26691f98769a47d7503\": request timeout"
time="2026-09-13T02:33:24Z" level=warning msg="Request Failed" error="Get \"http://nginx/api/admissions/c1fd65298accf7f993ef7720c80dd587778873b14eed9774d28fb908b8aefd20\": request timeout"
time="2026-09-13T02:33:24Z" level=warning msg="Request Failed" error="Get \"http://nginx/api/admissions/4316ff384554b933e021a3c1a9f0fca3bf09b72a05072f7e85dae629d9694a76\": request timeout"
time="2026-09-13T02:33:24Z" level=warning msg="Request Failed" error="Get \"http://nginx/api/admissions/38671617eafdb7b4429753bb16a35d11c982d8e0d65b936a1093837eb3e74d7b\": request timeout"
time="2026-09-13T02:33:24Z" level=warning msg="Request Failed" error="Get \"http://nginx/api/admissions/4a59c6275020a672cc1fd89c903aa66fb017c51d7719f35e91d0837fc31b274e\": request timeout"
time="2026-09-13T02:33:24Z" level=warning msg="Request Failed" error="Get \"http://nginx/api/admissions/df15c85552b3128dd147f81710f0d41753bdac631913d920bd5946c2a9d41a78\": request timeout"
time="2026-09-13T02:33:24Z" level=warning msg="Request Failed" error="Get \"http://nginx/api/admissions/c2598342d6ce3578b40eb2d8d65f6c135d7587c29038945f22769995cf749489\": request timeout"
time="2026-09-13T02:33:24Z" level=warning msg="Request Failed" error="Get \"http://nginx/api/admissions/009350e047c2bc553b57c44c203528a2b5ed526c29faf82df23c0eab90701fd9\": request timeout"
time="2026-09-13T02:33:24Z" level=warning msg="Request Failed" error="Get \"http://nginx/api/admissions/c348bf87b8334cb40e710fb93aa2d977283a92c472fb6c2c61a54e9481bd1df8\": request timeout"
time="2026-09-13T02:33:24Z" level=warning msg="Request Failed" error="Get \"http://nginx/api/admissions/875b9fe37ec9e745ddaab6ee9212b61a2419f2239cb5ee4c0d0f77abbe2f9a11\": request timeout"
time="2026-09-13T02:33:24Z" level=warning msg="Request Failed" error="Get \"http://nginx/api/admissions/c1d3252a2efb7e195e9239ecdce48cc69c83306439118743a3b3273b3f2c5f78\": request timeout"
time="2026-09-13T02:33:24Z" level=warning msg="Request Failed" error="Get \"http://nginx/api/admissions/12c649440ee507f26518c600b42d8a9788fc6000f03fc48a09ad701091143019\": request timeout"
time="2026-09-13T02:33:24Z" level=warning msg="Request Failed" error="Get \"http://nginx/api/admissions/91aa2f31dacb2109f881f7b03a774180c378171b83f08fa7c243ad8735bd7af0\": request timeout"
time="2026-09-13T02:33:24Z" level=warning msg="Request Failed" error="Get \"http://nginx/api/admissions/9a7417057be0a699383acdfe81500b3568b1434a74ab4daee1af005c06edc6dd\": request timeout"
time="2026-09-13T02:33:24Z" level=warning msg="Request Failed" error="Get \"http://nginx/api/admissions/9d07143f0fb8b0b422d9a2e1f17efbf253e720710fe38acce13d28b53e02d505\": request timeout"
time="2026-09-13T02:33:24Z" level=warning msg="Request Failed" error="Get \"http://nginx/api/admissions/4e790dea1d5056a668db0e2ffebed3844c865b308dc9b457ff47dd6bc63bac06\": request timeout"
time="2026-09-13T02:33:24Z" level=warning msg="Request Failed" error="Get \"http://nginx/api/admissions/807f6c06aaf00000517ed9eae5d617e34aab940a368341716af1314ca6cd95f1\": request timeout"
time="2026-09-13T02:33:24Z" level=warning msg="Request Failed" error="Get \"http://nginx/api/admissions/968df357e428824370c0c08041efbce76233ef40cb97253df729516a8bc7d947\": request timeout"
time="2026-09-13T02:33:24Z" level=warning msg="Request Failed" error="Get \"http://nginx/api/admissions/041e41397e2cd0c60b310aee621a28e4ae4a8f7f1763ec9511dfed04bb280ff0\": request timeout"
time="2026-09-13T02:33:24Z" level=warning msg="Request Failed" error="Get \"http://nginx/api/admissions/f2df2330893338b6ceb047e47984a0eb6a117eaa4b3f095d8eb92c7e79602998\": request timeout"
time="2026-09-13T02:33:24Z" level=warning msg="Request Failed" error="Get \"http://nginx/api/admissions/b7986cb1a108ead96f63f1bfe39efed4fecd41c766913f40c5d47c1a5fdab807\": request timeout"
time="2026-09-13T02:33:24Z" level=warning msg="Request Failed" error="Get \"http://nginx/api/admissions/c790137c8cb72e7563aaead6e0615a52bb77b70d799fb3c287163652cdc808ce\": request timeout"
time="2026-09-13T02:33:24Z" level=warning msg="Request Failed" error="Get \"http://nginx/api/admissions/e7081561cd79d2f83e657f28867535901e09578f6b9b2b42a2185d43312def3e\": request timeout"
time="2026-09-13T02:33:24Z" level=warning msg="Request Failed" error="Get \"http://nginx/api/admissions/1df10aee0c60512b03c58dee71321c50eef3e1e202375944127ee24c41b4bd33\": request timeout"
time="2026-09-13T02:33:24Z" level=warning msg="Request Failed" error="Get \"http://nginx/api/admissions/5ce373fb4305f2cdb6ee4506c0dd43b65dbf5af5d7180d29e74210d6e9c8badd\": request timeout"
time="2026-09-13T02:33:24Z" level=warning msg="Request Failed" error="Get \"http://nginx/api/admissions/ac80ac868b2ceb647773aecfe5d9a338f1a4dff51a127e0570ac65b759f7abb1\": request timeout"
time="2026-09-13T02:33:24Z" level=warning msg="Request Failed" error="Get \"http://nginx/api/admissions/41ab44013519ccbfb3502425a14198fe71467e2b1c75c0c5ab654f0142d993d1\": request timeout"
time="2026-09-13T02:33:24Z" level=warning msg="Request Failed" error="Get \"http://nginx/api/admissions/8bb28b66008b477533635b5bcad47c3b79193aa29cb9f4245d189a0b8a0fb19b\": request timeout"
time="2026-09-13T02:33:24Z" level=warning msg="Request Failed" error="Get \"http://nginx/api/admissions/3ed0c1dc1c037f081ea1889ef68e472230fbe3162db72e1bf1e836b2ad7d4d26\": request timeout"
time="2026-09-13T02:33:24Z" level=warning msg="Request Failed" error="Get \"http://nginx/api/admissions/e0da74f38d9213a722b99ca8d7728bb4f401929b2b75949f4757b0b62f4a171a\": request timeout"
time="2026-09-13T02:33:24Z" level=warning msg="Request Failed" error="Get \"http://nginx/api/admissions/c7f1ea71239a984edf33b48ee865d9354430a918fc36b5b2a1e3802da4a82b59\": request timeout"
time="2026-09-13T02:33:24Z" level=warning msg="Request Failed" error="Get \"http://nginx/api/admissions/2ff60bfee7a83ec205b23c347546c4f76d52497edda9f13a69badab3af542863\": request timeout"
time="2026-09-13T02:33:24Z" level=warning msg="Request Failed" error="Get \"http://nginx/api/admissions/c25169d2a4271017d399239fe3d19ea5614af74160b828909e1d5bf194bebed2\": request timeout"
time="2026-09-13T02:33:24Z" level=warning msg="Request Failed" error="Get \"http://nginx/api/admissions/b61dfe9762dd66185ca77c1e0fb474c52e7f4d548544c11334d391be6bfe5011\": request timeout"
time="2026-09-13T02:33:24Z" level=warning msg="Request Failed" error="Get \"http://nginx/api/admissions/698a2e43eb43f4a246260fa644eea5d871d1d1f0d9120aca4875eb1d87c68975\": request timeout"
time="2026-09-13T02:33:24Z" level=warning msg="Request Failed" error="Get \"http://nginx/api/admissions/29770992c6781e4815da4aec2e8d82af52d4425e9f9d504dc84566bba220dccd\": request timeout"
time="2026-09-13T02:33:24Z" level=warning msg="Request Failed" error="Get \"http://nginx/api/admissions/af659a32d5485eb17f917c36167e6376ba9565dae230a84d0089e65c5c44e290\": request timeout"
time="2026-09-13T02:33:24Z" level=warning msg="Request Failed" error="Get \"http://nginx/api/admissions/e46bc7cc5c4391d36788254f85d6cfec461663d275a968e876f13a38afd1950c\": request timeout"
time="2026-09-13T02:33:24Z" level=warning msg="Request Failed" error="Get \"http://nginx/api/admissions/8689944b4f88981a850654deb0cabcba34093be141b999e6f8285e983bbe6db6\": request timeout"
time="2026-09-13T02:33:24Z" level=warning msg="Request Failed" error="Get \"http://nginx/api/admissions/1617774fea4082253673f0ccdb75590ce9f160303409d2fbcf219fe5f8a8b76d\": request timeout"
time="2026-09-13T02:33:24Z" level=warning msg="Request Failed" error="Get \"http://nginx/api/admissions/6e75f3141325af39825e6f323fae365c225adea8320ed967d771f491aaad5778\": request timeout"
time="2026-09-13T02:33:24Z" level=warning msg="Request Failed" error="Get \"http://nginx/api/admissions/57c7eb04d7b7586d18d87fb914bd2479dc4e253de11352a2f7e26fc2881553f9\": request timeout"
time="2026-09-13T02:33:24Z" level=warning msg="Request Failed" error="Get \"http://nginx/api/admissions/4c7b6abd6d6fc67f62640000e458cc81fd1684310f998593e89c0863c6c6c65b\": request timeout"
time="2026-09-13T02:33:24Z" level=warning msg="Request Failed" error="Get \"http://nginx/api/admissions/26d57036144e62c38f9117263779bebfebed521de449dfc27ac689a1ba22323d\": request timeout"
time="2026-09-13T02:33:24Z" level=warning msg="Request Failed" error="Get \"http://nginx/api/admissions/922e9664cd2f0cbcf670d1a3e6288efacf72c71e5761bab5726ff524bc147efb\": request timeout"
time="2026-09-13T02:33:24Z" level=warning msg="Request Failed" error="Get \"http://nginx/api/admissions/8c3f601c98c40e06cceafa0922c68134d4b34c3527a9f934fda12f9a2b5957f6\": request timeout"
time="2026-09-13T02:33:24Z" level=warning msg="Request Failed" error="Get \"http://nginx/api/admissions/bcee671bf99d9888395dfd5639e3e152fc525daa366097186ce08ad7ac99d4ef\": request timeout"
time="2026-09-13T02:33:24Z" level=warning msg="Request Failed" error="Get \"http://nginx/api/admissions/6b8fef48eb9a92194a3f464bc2f9986165115e9e7eb1d8fa0d33d49d509b081f\": request timeout"
time="2026-09-13T02:33:24Z" level=warning msg="Request Failed" error="Get \"http://nginx/api/admissions/11d78f260ea2299d211b38ce2328cae28374045d9319c8d49f18de072206c8b7\": request timeout"
time="2026-09-13T02:33:24Z" level=warning msg="Request Failed" error="Get \"http://nginx/api/admissions/a3b61fc666e3f33d18adf7fc5fd02220c3ab316d6afd187d3b506c9f08fd8c93\": request timeout"
time="2026-09-13T02:33:24Z" level=warning msg="Request Failed" error="Get \"http://nginx/api/admissions/7265b1b34199a46fd75ca9c2fda395999c692b8daa427d3973b997e6c64907d4\": request timeout"
time="2026-09-13T02:33:24Z" level=warning msg="Request Failed" error="Get \"http://nginx/api/admissions/e931ee046de0396da6656b4b4d4eed05b5d1b4022dcf0d683a02dcedb7493436\": request timeout"
time="2026-09-13T02:33:24Z" level=warning msg="Request Failed" error="Get \"http://nginx/api/admissions/99fa78a74099e9d597b0910c28a30dbce12af42dc85f18519615d2ed1d317e4c\": request timeout"
time="2026-09-13T02:33:24Z" level=warning msg="Request Failed" error="Get \"http://nginx/api/admissions/a53143c285a0f3b73469b11728f897f704c39a2aabfab465ae791567ecf4155d\": request timeout"
time="2026-09-13T02:33:24Z" level=warning msg="Request Failed" error="Get \"http://nginx/api/admissions/a1d709a7a2efd2890dd29985dc53f21411a6563036ae2c4d778d742bf9de7d2d\": request timeout"
time="2026-09-13T02:33:24Z" level=warning msg="Request Failed" error="Get \"http://nginx/api/admissions/33d3e4c3de3896b9693b8e13dbbb04b2430f86f0e2fba533f6ca7dea279e87a3\": request timeout"
time="2026-09-13T02:33:24Z" level=warning msg="Request Failed" error="Get \"http://nginx/api/admissions/0252d58c80981ad7ccae5b4e9b1e08e7ad5fd8cb759cea02b7a6033afd8541b7\": request timeout"
time="2026-09-13T02:33:24Z" level=warning msg="Request Failed" error="Get \"http://nginx/api/admissions/625dd117eaede7fa1a0dd4b1849840277e72afd1e705feaa70459fdcb15b9949\": request timeout"
time="2026-09-13T02:33:24Z" level=warning msg="Request Failed" error="Get \"http://nginx/api/admissions/8e982e05b9cb823db0a1644d0629bbf5f2f8fdc8f4b304407086d70a28312503\": request timeout"
time="2026-09-13T02:33:24Z" level=warning msg="Request Failed" error="Get \"http://nginx/api/admissions/73a2e46ccb5cf0daba94c6bc1590c9b6630c01ef2dd9b1768e8c3c183c3cc447\": request timeout"
time="2026-09-13T02:33:24Z" level=warning msg="Request Failed" error="Get \"http://nginx/api/admissions/c15a192050145a9f8bf87dc492bd7c87ce55effdd6d02d7c3fa54a7fc4db076a\": request timeout"
time="2026-09-13T02:33:24Z" level=warning msg="Request Failed" error="Get \"http://nginx/api/admissions/7ecb0a480a668732f48167b4f034524c410245ecf91b9c59be05d6f346991b7b\": request timeout"
time="2026-09-13T02:33:24Z" level=warning msg="Request Failed" error="Get \"http://nginx/api/admissions/f0e337a60e1aa51960f7baf2c7c0a5ee5064edc7db156a9b6fa914c9e6157933\": request timeout"
time="2026-09-13T02:33:24Z" level=warning msg="Request Failed" error="Get \"http://nginx/api/admissions/c4d2cf22871a1b21e7ceddd05bf8358bf535003b927fc64b8bcf4df821d801a2\": request timeout"
time="2026-09-13T02:33:24Z" level=warning msg="Request Failed" error="Get \"http://nginx/api/admissions/e4ae74f04f9790115c6ca7a9c53029904fa1d2c9a28656c4c247ebcac77a685a\": request timeout"
time="2026-09-13T02:33:24Z" level=warning msg="Request Failed" error="Get \"http://nginx/api/admissions/2901a27048103174e9c55ff49d1c3696c872388628d4b41958f21dca8edeaaaa\": request timeout"
time="2026-09-13T02:33:24Z" level=warning msg="Request Failed" error="Get \"http://nginx/api/admissions/72f9cf1e0ac287568947270a96d2dd05ef135bb2edad19b300ba616a17710dd7\": request timeout"
time="2026-09-13T02:33:24Z" level=warning msg="Request Failed" error="Get \"http://nginx/api/admissions/b01ab1b5ded38c7c89e40140095a851194302ce1caf75779489691d8c888fb7a\": request timeout"
time="2026-09-13T02:33:24Z" level=warning msg="Request Failed" error="Get \"http://nginx/api/admissions/b4d0d810e2e070bae48dae1d9d6f2d4e5ec48b3539023c40809c001b1d12f5f3\": request timeout"
time="2026-09-13T02:33:24Z" level=warning msg="Request Failed" error="Get \"http://nginx/api/admissions/4c4774c8c0cfc76a7866eb5329e5b7b4e5bdd65836192c648c7d4b73dac546d6\": request timeout"
time="2026-09-13T02:33:24Z" level=warning msg="Request Failed" error="Get \"http://nginx/api/admissions/55a1ff649b5c88bbb115de3534612217493f9e56de2f904582e28da178b0e8f6\": request timeout"
time="2026-09-13T02:33:24Z" level=warning msg="Request Failed" error="Get \"http://nginx/api/admissions/8ff894fc59053626568dd67fcc3ea499048970725eadf2ed09a22e49f514c059\": request timeout"
time="2026-09-13T02:33:25Z" level=warning msg="Request Failed" error="Get \"http://nginx/api/admissions/5a5a49e08f71ec345817363cf097329d1cdc40efbd9ceeda07e614f911ce8f46\": request timeout"
time="2026-09-13T02:33:25Z" level=warning msg="Request Failed" error="Get \"http://nginx/api/admissions/32a8f9832753bc51a0c2bf7dd060429c831f3101e50236c42d22325880ca4ca1\": request timeout"
time="2026-09-13T02:33:25Z" level=warning msg="Request Failed" error="Get \"http://nginx/api/admissions/0a2c0fb991613430f852bec1550660e3e2cb742e4eaa838e70b47021e8fa75a9\": request timeout"
time="2026-09-13T02:33:25Z" level=warning msg="Request Failed" error="Get \"http://nginx/api/admissions/74f7bdff2e30e14982b484c59c446fb418a0d1696831a1c8aed0712411c9410e\": request timeout"
time="2026-09-13T02:33:25Z" level=warning msg="Request Failed" error="Get \"http://nginx/api/admissions/7531906fa1023e43c11ec9c27716178f8bc509fdddc87bf12d6c2501e8aed11e\": request timeout"
time="2026-09-13T02:33:25Z" level=warning msg="Request Failed" error="Get \"http://nginx/api/admissions/68b942d3492e55d49801b63c1a876b26763caaca70cf6dcdb99c511d5433c0f5\": request timeout"
time="2026-09-13T02:33:25Z" level=warning msg="Request Failed" error="Get \"http://nginx/api/admissions/8acbce19f66130d779a56c698996a7e0a012416b3f9727eab74f3727c2c0a91d\": request timeout"
time="2026-09-13T02:33:25Z" level=warning msg="Request Failed" error="Get \"http://nginx/api/admissions/3f235480a707138ecc3f1be647b83cf0cc910038fce22810f7a9770435b957f1\": request timeout"
time="2026-09-13T02:33:25Z" level=warning msg="Request Failed" error="Get \"http://nginx/api/admissions/b956cc46a9310aa9c3ead251aa71acf8fbbdca9504e4d95b33ad6b2ab1324195\": request timeout"
time="2026-09-13T02:33:25Z" level=warning msg="Request Failed" error="Get \"http://nginx/api/admissions/3fe3ef62270ad6cc9b7407667a7e4e5fd4e74e4efacb84bc1e864ffecf191ac1\": request timeout"
time="2026-09-13T02:33:25Z" level=warning msg="Request Failed" error="Get \"http://nginx/api/admissions/dd1a9f640f56b867e75c64581e521e13744006b60079717f10b0ac7269ec879f\": request timeout"
time="2026-09-13T02:33:25Z" level=warning msg="Request Failed" error="Get \"http://nginx/api/admissions/fb2f5b515d584313c189d45e23a98af9c604b7a9e48e2ecdc49572bb47fd7aa0\": request timeout"
time="2026-09-13T02:33:25Z" level=warning msg="Request Failed" error="Get \"http://nginx/api/admissions/c05b861bed76a6f6a0475a71e2c961fbf9ae468e36283ea37b29b2d7d2bd878c\": request timeout"
time="2026-09-13T02:33:25Z" level=warning msg="Request Failed" error="Get \"http://nginx/api/admissions/792a403893b7b59850cfc598a8253648b66bf1e354b5a6ba7d5fdf9399e1546c\": request timeout"
time="2026-09-13T02:33:25Z" level=warning msg="Request Failed" error="Get \"http://nginx/api/admissions/382d18018292607c8e96642e46688c6ce6bf6da63b7db75e07c23bac0244ca40\": request timeout"

running (2m02.9s), 01703/02018 VUs, 2414 complete and 0 interrupted iterations
browsers ??[ 100% ] 02018/02018 VUs  1m0s  100.00 iters/s
time="2026-09-13T02:33:25Z" level=warning msg="Request Failed" error="Get \"http://nginx/api/admissions/e7a08f5590ccc507ecdda496f3122b2b3b748f3bd1af9e5feddc645396fd9412\": request timeout"
time="2026-09-13T02:33:25Z" level=warning msg="Request Failed" error="Get \"http://nginx/api/admissions/c93eabf9fd9027f0461dbac91cdb5448fe6afa7953161bd44616ce873128dd5d\": request timeout"
time="2026-09-13T02:33:25Z" level=warning msg="Request Failed" error="Get \"http://nginx/api/admissions/c4ffd9c140d12dc88e98ce473902471808ca8199794686a4c592b13d286d5e6a\": request timeout"
time="2026-09-13T02:33:25Z" level=warning msg="Request Failed" error="Get \"http://nginx/api/admissions/6d0c2c2dde2d7c5406c4d41fe5800dce722c8f05f9cb54298d923165eaa0f9dd\": request timeout"
time="2026-09-13T02:33:25Z" level=warning msg="Request Failed" error="Get \"http://nginx/api/admissions/c367cc7a4d017bb6b0d07362c1abad9138336052606bc8366d8d9b54598b1dae\": request timeout"
time="2026-09-13T02:33:25Z" level=warning msg="Request Failed" error="Get \"http://nginx/api/admissions/42a42cb77525fd7fe4b7a48abb48586a41802d6a56af4ceebdb7ce19c84481d6\": request timeout"
time="2026-09-13T02:33:25Z" level=warning msg="Request Failed" error="Get \"http://nginx/api/admissions/a0d44df4ae26e3527446f7b8b1a8701a6c5b84274bd26efac501068784f56300\": request timeout"
time="2026-09-13T02:33:25Z" level=warning msg="Request Failed" error="Get \"http://nginx/api/admissions/7bf66b4045974322cb03112606aca35e46f0531a549dc2e267164298141ec29f\": request timeout"
time="2026-09-13T02:33:25Z" level=warning msg="Request Failed" error="Get \"http://nginx/api/admissions/6d94bdc5f6d1c90262c6dc70fe7fbd0fefcdd7c97310d29468721adebfb642da\": request timeout"
time="2026-09-13T02:33:25Z" level=warning msg="Request Failed" error="Get \"http://nginx/api/admissions/9d6f9317d7886290e23c37a491487b392f1ee4c29b4ccf5da5444a570dd70dd7\": request timeout"
time="2026-09-13T02:33:25Z" level=warning msg="Request Failed" error="Get \"http://nginx/api/admissions/81fbc5d3f014b3d63f094e3055e5b40282aae7db13eb9cf07800938868acd045\": request timeout"
time="2026-09-13T02:33:25Z" level=warning msg="Request Failed" error="Get \"http://nginx/api/admissions/13839806e042819a8605aeccd4c4b5c48c780904126880f001faf82fad33e437\": request timeout"
time="2026-09-13T02:33:25Z" level=warning msg="Request Failed" error="Get \"http://nginx/api/admissions/3109b5d8645a367903f6cb1b5edd93b77dc4febf12a5ae8e7635fe5d6934a656\": request timeout"
time="2026-09-13T02:33:25Z" level=warning msg="Request Failed" error="Get \"http://nginx/api/admissions/42bfd0719f8efd7982b2da3b725ea2089602be5efc9443fc08e2df4f95bb3ca5\": request timeout"
time="2026-09-13T02:33:25Z" level=warning msg="Request Failed" error="Get \"http://nginx/api/admissions/155733c1e84ed8ba8e991299f513d3c9981516a68db3af6668da98132008efb0\": request timeout"
time="2026-09-13T02:33:25Z" level=warning msg="Request Failed" error="Get \"http://nginx/api/admissions/caec5f6c0c11bff3a8b8f1a3f8c971708bf92bdf730a3467453d3128aebf3c47\": request timeout"
time="2026-09-13T02:33:25Z" level=warning msg="Request Failed" error="Get \"http://nginx/api/admissions/3c6a1ad0c52d1f2231b4c14a27aa2e00761aa6eb7f05de9cb45a02a6ceed3962\": request timeout"
time="2026-09-13T02:33:25Z" level=warning msg="Request Failed" error="Get \"http://nginx/api/admissions/eba5bac4b118ba7117d03a9679d6a39589ad6999531a15e0b14c4fab72aa6c3b\": request timeout"
time="2026-09-13T02:33:25Z" level=warning msg="Request Failed" error="Get \"http://nginx/api/admissions/85077cc08d51e1ff0279afc604ef8eef2f9a044c73148be5a27022416314beda\": request timeout"
time="2026-09-13T02:33:25Z" level=warning msg="Request Failed" error="Get \"http://nginx/api/admissions/bf7438701b1825ad561795700d5e3fb51224278a89cd59fae312e284cadf0e64\": request timeout"
time="2026-09-13T02:33:25Z" level=warning msg="Request Failed" error="Get \"http://nginx/api/admissions/5b5104972f267d2932978e8801203dbefb63d6c48ca22ed085634d713bc1c5e5\": request timeout"
time="2026-09-13T02:33:25Z" level=warning msg="Request Failed" error="Get \"http://nginx/api/admissions/e4fb3601e5d27586148949c8a94bd0639c988df15a180dc25977c05dc1429a8a\": request timeout"
time="2026-09-13T02:33:25Z" level=warning msg="Request Failed" error="Get \"http://nginx/api/admissions/89a946e36990a70de3bf9f78130631a15e29a6c9bdadd42a65ae38ecce337065\": request timeout"
time="2026-09-13T02:33:25Z" level=warning msg="Request Failed" error="Get \"http://nginx/api/admissions/74aa8828e8acd69c2410c18318f6ef5b4941e2449562e79d20fc0035832cb089\": request timeout"
time="2026-09-13T02:33:25Z" level=warning msg="Request Failed" error="Get \"http://nginx/api/admissions/7f72f6ef16d1bebf631da03c63e7532fe6e995a8d1ee7d4680c4e2b2c038229e\": request timeout"
time="2026-09-13T02:33:25Z" level=warning msg="Request Failed" error="Get \"http://nginx/api/admissions/de05cbad16dd3869bda9d44dabb0d0b7e674091437ea53641628745e7b7e72bc\": request timeout"
time="2026-09-13T02:33:25Z" level=warning msg="Request Failed" error="Get \"http://nginx/api/admissions/6410d30ec89edd0fb39a43966ea9e2fef71ad17131a94400622411323d1f031a\": request timeout"
time="2026-09-13T02:33:25Z" level=warning msg="Request Failed" error="Get \"http://nginx/api/admissions/dbeba573eb2eea47d61a81cbbeb5b7dfda5024c886179449cc873e6adb6d591d\": request timeout"
time="2026-09-13T02:33:26Z" level=warning msg="Request Failed" error="Get \"http://nginx/api/admissions/7ed4ca5944c850aa8eb27ab5b683b081530b9bb9e0933bdac1fa7da1d86dda90\": request timeout"
time="2026-09-13T02:33:26Z" level=warning msg="Request Failed" error="Get \"http://nginx/api/admissions/1bfff9c3cc454fb02902bb26e013442e31a04dfcf47c4e2410d564a26b53948a\": request timeout"
time="2026-09-13T02:33:26Z" level=warning msg="Request Failed" error="Get \"http://nginx/api/admissions/eea8eaf5da83843070ab21186cabccbb974a0fcf4f3a352bd350a337a5ce3e52\": request timeout"
time="2026-09-13T02:33:26Z" level=warning msg="Request Failed" error="Get \"http://nginx/api/admissions/8acbb23e2b9427a9573ccb18ea95fe78a6bd558fa5037f1819169b1b7893fd7d\": request timeout"
time="2026-09-13T02:33:26Z" level=warning msg="Request Failed" error="Get \"http://nginx/api/admissions/d984e503a7556392644afd92bbc51df6ca12236350e9af032cc8db34304f0796\": request timeout"
time="2026-09-13T02:33:26Z" level=warning msg="Request Failed" error="Get \"http://nginx/api/admissions/96474208a3320599df6df2e93887c9a23e8995b33a791dab098cab74166f9b26\": request timeout"
time="2026-09-13T02:33:26Z" level=warning msg="Request Failed" error="Get \"http://nginx/api/admissions/c2f9f76db3da3f2473c8631e1c02831358e568f19d30b4512473d1a3b52e055f\": request timeout"
time="2026-09-13T02:33:26Z" level=warning msg="Request Failed" error="Get \"http://nginx/api/admissions/5baa3e4374229557385bba6b944c1546a0cf8a8ef238a1192e51430ae9bc3ca8\": request timeout"
time="2026-09-13T02:33:26Z" level=warning msg="Request Failed" error="Get \"http://nginx/api/admissions/cc5055316c1773541f88cb3e4a3853ecf8972a1156d303f3b08ec54939d85595\": request timeout"
time="2026-09-13T02:33:26Z" level=warning msg="Request Failed" error="Get \"http://nginx/api/admissions/77623868b6a0c9b867ae813370542b0cdd5e5a7c93b2d26eabe5a4d9cf5c8913\": request timeout"
time="2026-09-13T02:33:26Z" level=warning msg="Request Failed" error="Get \"http://nginx/api/admissions/956a0662ad9492d5172b634b301b8f80c1a67a6ee266a4d216805a6e62babbde\": request timeout"
time="2026-09-13T02:33:26Z" level=warning msg="Request Failed" error="Get \"http://nginx/api/admissions/86e02875ab75650d117d1c06857d65d12a10abdfb069fcd1821fc41b25b09db8\": request timeout"
time="2026-09-13T02:33:26Z" level=warning msg="Request Failed" error="Get \"http://nginx/api/admissions/a718d320d7d546fc07f9dc9c4d6fdcf1bcc136942dac2a2a582fdf592907986e\": request timeout"
time="2026-09-13T02:33:26Z" level=warning msg="Request Failed" error="Get \"http://nginx/api/admissions/a1490c367e665ac72aecf35be3ea8f9bf78828b721c157335cd32afc9dc5b478\": request timeout"
time="2026-09-13T02:33:26Z" level=warning msg="Request Failed" error="Get \"http://nginx/api/admissions/5a47e26a478fdff618fbf3083b6fb35660c5d060a00f8dd1b96f862964993af3\": request timeout"
time="2026-09-13T02:33:26Z" level=warning msg="Request Failed" error="Get \"http://nginx/api/admissions/b1c93252e26ad4ae73fbf7fc4f3e1f98e2b4aeb3af5e482801d93c5bc2af9d65\": request timeout"
time="2026-09-13T02:33:26Z" level=warning msg="Request Failed" error="Get \"http://nginx/api/admissions/61fac3c39545d4f1a3940fb6f9c1d253560e99d0454312a0d731b28d61613ac3\": request timeout"
time="2026-09-13T02:33:26Z" level=warning msg="Request Failed" error="Get \"http://nginx/api/admissions/2328fb1f84ad2263a53e36aecb48603e54042fbc8ac372a5a306ed8d7cf21cd4\": request timeout"
time="2026-09-13T02:33:26Z" level=warning msg="Request Failed" error="Get \"http://nginx/api/admissions/8a542b0c071d48a0e435419a2356339a1c3fa12f1de8f63b7e73c05c28beb104\": request timeout"
time="2026-09-13T02:33:26Z" level=warning msg="Request Failed" error="Get \"http://nginx/api/admissions/c01561752946ad48447724bef81eabd8c74cf0c1cf4da9497812e5573ab7fe77\": request timeout"
time="2026-09-13T02:33:26Z" level=warning msg="Request Failed" error="Get \"http://nginx/api/admissions/beb864e53e5bc3d32572d1013a63ff046defb9d25925b6f4166dcec84d713f36\": request timeout"
time="2026-09-13T02:33:26Z" level=warning msg="Request Failed" error="Get \"http://nginx/api/admissions/fc47b677f87b32fd956364a4ed2d058892c161d3ee3185778898e07542b404ba\": request timeout"
time="2026-09-13T02:33:26Z" level=warning msg="Request Failed" error="Get \"http://nginx/api/admissions/d3c39483eb35d055c65e2ee9f8f846c5172bf3c6c34504292de636dab11ac08c\": request timeout"
time="2026-09-13T02:33:26Z" level=warning msg="Request Failed" error="Get \"http://nginx/api/admissions/e4d1abb26ae2979039caaf9563144039f37bcd62a0d31d00844d3d217ed1b8fb\": request timeout"
time="2026-09-13T02:33:26Z" level=warning msg="Request Failed" error="Get \"http://nginx/api/admissions/d9364cfeba400b3c18f3def5333221ec6baa6b0f803683c570ecb0741e0d623c\": request timeout"
time="2026-09-13T02:33:26Z" level=warning msg="Request Failed" error="Get \"http://nginx/api/admissions/a93fd875605544390e24aec81100fe03310973172562752097cf832a5694b100\": request timeout"
time="2026-09-13T02:33:26Z" level=warning msg="Request Failed" error="Get \"http://nginx/api/admissions/42f99ae402d883721bf57f1934ceffbeee8d2137e40ceef9f94af3bce21b6901\": request timeout"

running (2m03.9s), 01694/02018 VUs, 2423 complete and 0 interrupted iterations
browsers ??[ 100% ] 02018/02018 VUs  1m0s  100.00 iters/s
time="2026-09-13T02:33:26Z" level=warning msg="Request Failed" error="Get \"http://nginx/api/admissions/310f0117271c5ef87d9764ca8d9e5ff6e41c1e24812f15c42d02af78753d6a18\": request timeout"
time="2026-09-13T02:33:26Z" level=warning msg="Request Failed" error="Get \"http://nginx/api/admissions/025ed124fb584d021f3a370d11a53e4b00e6b8467c6361dd59ce404c600f2464\": request timeout"
time="2026-09-13T02:33:26Z" level=warning msg="Request Failed" error="Get \"http://nginx/api/admissions/4d5e2c14c42fd1dea11f821a1f6b278ebfe7410e0b23d831b450a48c3b66e267\": request timeout"
time="2026-09-13T02:33:26Z" level=warning msg="Request Failed" error="Get \"http://nginx/api/admissions/b554dc24efe4cb362d2c860b2e51a62d154a269ede2930f6646ed42bbc47f716\": request timeout"
time="2026-09-13T02:33:26Z" level=warning msg="Request Failed" error="Get \"http://nginx/api/admissions/742c9ec8db96760dc3781ea05c9849733cfb86b243963e73badf886e4ed569ab\": request timeout"
time="2026-09-13T02:33:26Z" level=warning msg="Request Failed" error="Get \"http://nginx/api/admissions/11d5ccbb9991e8142022e6c88e7cd0513c3f277490025153738f5297b7509462\": request timeout"
time="2026-09-13T02:33:26Z" level=warning msg="Request Failed" error="Get \"http://nginx/api/admissions/375393d60399da8ed54373ff102eef7b742c97fae14f69c7151f95f783cb874a\": request timeout"
time="2026-09-13T02:33:26Z" level=warning msg="Request Failed" error="Get \"http://nginx/api/admissions/60c09c3bda3dc959a0f67d3fb0a3a268f98f47f288bf793ecfa08b26dcb6821a\": request timeout"
time="2026-09-13T02:33:26Z" level=warning msg="Request Failed" error="Get \"http://nginx/api/admissions/e40665b2fc890cf5a25e446b9be44276a8435f3aef73f3f70ebdc424226f0445\": request timeout"
time="2026-09-13T02:33:26Z" level=warning msg="Request Failed" error="Get \"http://nginx/api/admissions/f7380591541f5729e47906dfac3211a4d8df9bffde31a9344fe964b410449749\": request timeout"
time="2026-09-13T02:33:26Z" level=warning msg="Request Failed" error="Get \"http://nginx/api/admissions/1b6e15c5597a125e387ee7f9fc95b52daf9de320f79729e853073ba0ed6c5038\": request timeout"
time="2026-09-13T02:33:26Z" level=warning msg="Request Failed" error="Get \"http://nginx/api/admissions/5d1fc77d169709734899d7c2c70c34023f92ea6b8c2c0889b4121e81421118a0\": request timeout"
time="2026-09-13T02:33:26Z" level=warning msg="Request Failed" error="Get \"http://nginx/api/admissions/81195c707c05422ff41ca999688dbd124b02a1024884b18273918be929638008\": request timeout"
time="2026-09-13T02:33:26Z" level=warning msg="Request Failed" error="Get \"http://nginx/api/admissions/de31432a15fba144709191f9b76aac6777c45f8a6da118fe28d95fc9216159c3\": request timeout"
time="2026-09-13T02:33:26Z" level=warning msg="Request Failed" error="Get \"http://nginx/api/admissions/02e26d848b7dab2b3064527aa8c83036dc9cf37c0ee005da45388eb3b14d89ff\": request timeout"
time="2026-09-13T02:33:26Z" level=warning msg="Request Failed" error="Get \"http://nginx/api/admissions/8f9e88eaaa6c883d8372411b00e3bb40b50615ec56e14697c6905375d2120961\": request timeout"
time="2026-09-13T02:33:26Z" level=warning msg="Request Failed" error="Get \"http://nginx/api/admissions/ac2c77f21e5fc97ba0172a69626fb400046d01c2cf5ee2b84b4ebe0c5c434dc7\": request timeout"
time="2026-09-13T02:33:26Z" level=warning msg="Request Failed" error="Get \"http://nginx/api/admissions/bc242081e6bb59d793a0f2aa840279c698b753375c1e054546f8ccb91594bea1\": request timeout"
time="2026-09-13T02:33:26Z" level=warning msg="Request Failed" error="Get \"http://nginx/api/admissions/fd1122d0e709ad6a6af941cbb194203bbba11e005a7347df6fb13da75bc79b8c\": request timeout"
time="2026-09-13T02:33:26Z" level=warning msg="Request Failed" error="Get \"http://nginx/api/admissions/d1813588be7d8175dfa69a03f34c8e1daf086b285a0595deb0979c752ddeb714\": request timeout"
time="2026-09-13T02:33:26Z" level=warning msg="Request Failed" error="Get \"http://nginx/api/admissions/3cdace1dc3450b6c4714794ff8aea93153b6d9308604e4d01591b18c3038fa06\": request timeout"
time="2026-09-13T02:33:26Z" level=warning msg="Request Failed" error="Get \"http://nginx/api/admissions/5a9672f2b0cc58a4b1e2dadf1c2ee923e63ef87d98b514d0f9999617fc2d217d\": request timeout"
time="2026-09-13T02:33:26Z" level=warning msg="Request Failed" error="Get \"http://nginx/api/admissions/0c12d73eb75578229c57c2c65caf0359f378f38a1fa7a1f1c8584b413a4d687f\": request timeout"
time="2026-09-13T02:33:26Z" level=warning msg="Request Failed" error="Get \"http://nginx/api/admissions/922a36acd2fed221bce893f8a9baa7e8470dc310832fa96b8a8450cda903a028\": request timeout"
time="2026-09-13T02:33:26Z" level=warning msg="Request Failed" error="Get \"http://nginx/api/admissions/95c7f2c4e475b23e77873013c10c91914eb8b5468934405be6f12dc14b5bdcf9\": request timeout"
time="2026-09-13T02:33:26Z" level=warning msg="Request Failed" error="Get \"http://nginx/api/admissions/0b5cbcabf2afe4d33a908d6a86a20c1f760dddf7b4e8feb2faf940d20c983a50\": request timeout"
time="2026-09-13T02:33:26Z" level=warning msg="Request Failed" error="Get \"http://nginx/api/admissions/ab659362674e73d57e33bfeea6b1c222d17dc057e9349eddd60fc2e57a5c75b0\": request timeout"
time="2026-09-13T02:33:26Z" level=warning msg="Request Failed" error="Get \"http://nginx/api/admissions/9df5d8da93e68da13eea89021e00401b426db7cc58c4befeb32baaeb3eb641c2\": request timeout"
time="2026-09-13T02:33:26Z" level=warning msg="Request Failed" error="Get \"http://nginx/api/admissions/2fa70db962441ab846879cbd27f30e11df92ef1b29705f248e0e3507b6ccb3d0\": request timeout"
time="2026-09-13T02:33:26Z" level=warning msg="Request Failed" error="Get \"http://nginx/api/admissions/d15b0940147e55a94eebb0acc4a1adda8321fd6f28ca40826fe685c449db7db6\": request timeout"
time="2026-09-13T02:33:26Z" level=warning msg="Request Failed" error="Get \"http://nginx/api/admissions/f05ee6f2495cd2841a57f748d3b178f639028475f366fe52934eee55d1ced998\": request timeout"
time="2026-09-13T02:33:26Z" level=warning msg="Request Failed" error="Get \"http://nginx/api/admissions/14454969185e6d22e1a4dbec630d7c7c9c73e8bcdafae6cbbb0d4a8a04d4c4d5\": request timeout"
time="2026-09-13T02:33:26Z" level=warning msg="Request Failed" error="Get \"http://nginx/api/admissions/4b6e351226aba9475200f7e09aec3ce9d030777df0210342e9d18370163d4b2e\": request timeout"
time="2026-09-13T02:33:26Z" level=warning msg="Request Failed" error="Get \"http://nginx/api/admissions/078406d458096db2de9cbd693211b095cdd53e3fd467758310bebb41c77773db\": request timeout"
time="2026-09-13T02:33:26Z" level=warning msg="Request Failed" error="Get \"http://nginx/api/admissions/0bd24f7703607158ec3915c15ff61a9c92c53abf536d8b8ff211f6157c5b36a7\": request timeout"
time="2026-09-13T02:33:26Z" level=warning msg="Request Failed" error="Get \"http://nginx/api/admissions/9b9fcd399503321e5c038ee6a9b517bfcb3a822369b4bb0dae929f5c5565d7b2\": request timeout"
time="2026-09-13T02:33:26Z" level=warning msg="Request Failed" error="Get \"http://nginx/api/admissions/10ab9cb67eef9dea6464d113e9de3170bce641369e47bfa70d31bf2c7f525a42\": request timeout"
time="2026-09-13T02:33:26Z" level=warning msg="Request Failed" error="Get \"http://nginx/api/admissions/5a438766c96dcb96d531fb6be14524700feabeec37982cf23be2afcc8292bfac\": request timeout"
time="2026-09-13T02:33:26Z" level=warning msg="Request Failed" error="Get \"http://nginx/api/admissions/c38107835415baed6672c1097ded0704d04d3997d36d6bd171fab34a4e2b70ed\": request timeout"
time="2026-09-13T02:33:26Z" level=warning msg="Request Failed" error="Get \"http://nginx/api/admissions/89c16a0cfc10ff202970ad62078f1458b4580ce85ba8baf2efbce596670695ef\": request timeout"
time="2026-09-13T02:33:26Z" level=warning msg="Request Failed" error="Get \"http://nginx/api/admissions/25b5d7778dbed56b4098f8560445a783038e1bf9c7f787fb3a50cc80b1778877\": request timeout"
time="2026-09-13T02:33:26Z" level=warning msg="Request Failed" error="Get \"http://nginx/api/admissions/348eeeb277d2aa164a4f840761a2b9a4a7e94867eea2ffc3cfd177615d5dcd96\": request timeout"
time="2026-09-13T02:33:26Z" level=warning msg="Request Failed" error="Get \"http://nginx/api/admissions/49d2d44bdcac7b42235c92d6c3707bb50d3c810ac731b33139317e81c34947b4\": request timeout"
time="2026-09-13T02:33:26Z" level=warning msg="Request Failed" error="Get \"http://nginx/api/admissions/a62e88234aeb3ce08f17f5ee7fe93eff17f46dfdbfa27b6ef2ed78d00ae70cc6\": request timeout"
time="2026-09-13T02:33:26Z" level=warning msg="Request Failed" error="Get \"http://nginx/api/admissions/7e2dbdb2672d3a85327a24966a644ee12c572da3d9d754c9e613c244acedfd5e\": request timeout"
time="2026-09-13T02:33:26Z" level=warning msg="Request Failed" error="Get \"http://nginx/api/admissions/80a28231b897916d0586d8950906e2933f13c27361d1f89b8767daac169f2a63\": request timeout"
time="2026-09-13T02:33:26Z" level=warning msg="Request Failed" error="Get \"http://nginx/api/admissions/12c942abbe98c28b3557b8c1fc5bad7d94d118bbcd2b4106c0df77da8997c096\": request timeout"
time="2026-09-13T02:33:26Z" level=warning msg="Request Failed" error="Get \"http://nginx/api/admissions/ca2367ee9f824142199ca8259908bdd99d98fe56afbd619a20a64cb475f24261\": request timeout"
time="2026-09-13T02:33:26Z" level=warning msg="Request Failed" error="Get \"http://nginx/api/admissions/0a9b25bc891a83894201cffce0313717842cdbd730a2841c5db62786f20ee02b\": request timeout"
time="2026-09-13T02:33:27Z" level=warning msg="Request Failed" error="Get \"http://nginx/api/admissions/b9815a387fdfd1f43bcff89ad65c06f3f26be773192b15d8a0fe3de970e0bab1\": request timeout"
time="2026-09-13T02:33:27Z" level=warning msg="Request Failed" error="Get \"http://nginx/api/admissions/de1ca4ba6ec92fd420c41079a49f57af6af1dc3800656e3471906a815481ee53\": request timeout"
time="2026-09-13T02:33:27Z" level=warning msg="Request Failed" error="Get \"http://nginx/api/admissions/6abf05a5660fabeb237a7ec82c50d77bc3f18691e792a78f88628b4219a59ade\": request timeout"

running (2m04.9s), 01686/02018 VUs, 2431 complete and 0 interrupted iterations
browsers ??[ 100% ] 02018/02018 VUs  1m0s  100.00 iters/s
time="2026-09-13T02:33:27Z" level=warning msg="Request Failed" error="Get \"http://nginx/api/admissions/2f4279666150afdcbefb44e80d5b744380f23e319b4def7b9a2802b32d8ad296\": request timeout"
time="2026-09-13T02:33:27Z" level=warning msg="Request Failed" error="Get \"http://nginx/api/admissions/166682a2cbdd110dc4e2f5a437ea51c7131efe0dda8034660941ddb127a2c640\": request timeout"
time="2026-09-13T02:33:27Z" level=warning msg="Request Failed" error="Get \"http://nginx/api/admissions/9f2596a87ed90f1d5981c6007dc62146ec1c304b8d8b5c01358a5e7e6ca74c79\": request timeout"
time="2026-09-13T02:33:27Z" level=warning msg="Request Failed" error="Get \"http://nginx/api/admissions/80bfdb7bf131313831d2fabfde46b737c02d1861b138928728f4568ed0bee3bb\": request timeout"
time="2026-09-13T02:33:27Z" level=warning msg="Request Failed" error="Get \"http://nginx/api/admissions/c826ec36c03bce6b888a5ea639569a0cd5743948d67d02032f223624cb19c9c4\": request timeout"
time="2026-09-13T02:33:28Z" level=warning msg="Request Failed" error="Get \"http://nginx/api/admissions/efa14bed4f64fb8660e961c9764973cbceed6b5ce7a007f0eaa77a056f13a3d9\": request timeout"
time="2026-09-13T02:33:28Z" level=warning msg="Request Failed" error="Get \"http://nginx/api/admissions/7c545aa418dc249b8674b35a56c881af107ccd377878c70a2994b282cc606562\": request timeout"
time="2026-09-13T02:33:28Z" level=warning msg="Request Failed" error="Get \"http://nginx/api/admissions/a6a4cce29a21fa45de00b5b0ed2fc24cd8c03bf743d14af2959f58ab0ac6548d\": request timeout"
time="2026-09-13T02:33:28Z" level=warning msg="Request Failed" error="Get \"http://nginx/api/admissions/64d31c84e77297e5f4f8dfe41d999a044d02a177ab2bfa5fb1d1c4b54f6de7b6\": request timeout"
time="2026-09-13T02:33:28Z" level=warning msg="Request Failed" error="Get \"http://nginx/api/admissions/8821ac07f8172b733c67cd45c4c0fcbb6d18339f9b189693ae605a9faca45500\": request timeout"
time="2026-09-13T02:33:28Z" level=warning msg="Request Failed" error="Get \"http://nginx/api/admissions/027b7588786a80aedb2b2b63180dd366937ab30eb707f9e33b5425058d286d9f\": request timeout"
time="2026-09-13T02:33:28Z" level=warning msg="Request Failed" error="Get \"http://nginx/api/admissions/8b14143d6daa793248c4bc2ebe74902b2d5b4d5154871138ff94e106416920a2\": request timeout"
time="2026-09-13T02:33:28Z" level=warning msg="Request Failed" error="Get \"http://nginx/api/admissions/0bf472beb6004f39aa7c99e76e25fbc0dadde1f02705e2dbb0835cd6f6bbd2be\": request timeout"
time="2026-09-13T02:33:28Z" level=warning msg="Request Failed" error="Get \"http://nginx/api/admissions/5933b0a2316738a7e08c6757ba270d1ac985e163401ecfb9642845e1eb8e8161\": request timeout"
time="2026-09-13T02:33:28Z" level=warning msg="Request Failed" error="Get \"http://nginx/api/admissions/8427b4da290fc928229a999b2d3540dcfb1b7e26b2ac54eb1e38d6c76ec62e7f\": request timeout"
time="2026-09-13T02:33:28Z" level=warning msg="Request Failed" error="Get \"http://nginx/api/admissions/fb109c998cf5c2f0bf4e01288de63978cb05d9fea1ea616407f0d8c3f402a639\": request timeout"
time="2026-09-13T02:33:28Z" level=warning msg="Request Failed" error="Get \"http://nginx/api/admissions/9b000af64d4a194a5d89dc9edb0839802cad889076a2b6d1f0701a29b0371166\": request timeout"
time="2026-09-13T02:33:28Z" level=warning msg="Request Failed" error="Get \"http://nginx/api/admissions/7973698ea7da19653e48e4679ca6da199de933325b143972477b64bf490e207f\": request timeout"
time="2026-09-13T02:33:28Z" level=warning msg="Request Failed" error="Get \"http://nginx/api/admissions/fab056f577d3784f6ab8315341ca443725c6b75e5239db767df24bf55d831bc1\": request timeout"

running (2m05.9s), 01679/02018 VUs, 2438 complete and 0 interrupted iterations
browsers ??[ 100% ] 02018/02018 VUs  1m0s  100.00 iters/s
time="2026-09-13T02:33:28Z" level=warning msg="Request Failed" error="Get \"http://nginx/api/admissions/8ddc97ecaae63714c3ead5565b747931c2cb28de39c071b95c4fc679d6f45280\": request timeout"
time="2026-09-13T02:33:28Z" level=warning msg="Request Failed" error="Get \"http://nginx/api/admissions/24bb91776f7d037d79130b5d8c917195a3e764483e90c77d89dbd2d55033c0fd\": request timeout"
time="2026-09-13T02:33:28Z" level=warning msg="Request Failed" error="Get \"http://nginx/api/admissions/664bd7c69d1ca11edafb50a6bd138c2aa7e3925949eceecfaacb1e320969eb9d\": request timeout"
time="2026-09-13T02:33:28Z" level=warning msg="Request Failed" error="Get \"http://nginx/api/admissions/78234b3308b3f6f2f5dba4f0fbfeec5a7c24c49c39102f4c1c49eace8a2314ac\": request timeout"
time="2026-09-13T02:33:28Z" level=warning msg="Request Failed" error="Get \"http://nginx/api/admissions/31b8e93206755ec033f3b725f2bbe574da83511fd68e82fcc1eca065c44e0e16\": request timeout"
time="2026-09-13T02:33:28Z" level=warning msg="Request Failed" error="Get \"http://nginx/api/admissions/c0c55ec941e7c1bcf2d96d041c553d292633043dbcd1cd63e56dd3766bec1877\": request timeout"
time="2026-09-13T02:33:28Z" level=warning msg="Request Failed" error="Get \"http://nginx/api/admissions/6d96beb2e6e069728e2dce37704836b4c9bff6f3379d7aeee35d637cd7da0023\": request timeout"
time="2026-09-13T02:33:28Z" level=warning msg="Request Failed" error="Get \"http://nginx/api/admissions/10ce21812fc132a07ca1ddd236f95b39a28fa77cd97b2ca3e60e625a5c2d4ef8\": request timeout"
time="2026-09-13T02:33:28Z" level=warning msg="Request Failed" error="Get \"http://nginx/api/admissions/1b26da661f98ca9c3c9819ad335c316d485f42cbc8037cab923ffb73be6b0845\": request timeout"
time="2026-09-13T02:33:28Z" level=warning msg="Request Failed" error="Get \"http://nginx/api/admissions/d4959d8a4bd87b9c9d28edee7a0d280580932f2dec3450e3dfaf369a9dafa4bd\": request timeout"
time="2026-09-13T02:33:28Z" level=warning msg="Request Failed" error="Get \"http://nginx/api/admissions/d67572a43baa454b7025f10409db22eb5c2630ce2144aeca7c1da77762866a0e\": request timeout"
time="2026-09-13T02:33:28Z" level=warning msg="Request Failed" error="Get \"http://nginx/api/admissions/56626bbcf08fad0c78a6a41bac58ed9d947b6f2b0e01d9d5dcb1ca097cfbf3cb\": request timeout"
time="2026-09-13T02:33:28Z" level=warning msg="Request Failed" error="Get \"http://nginx/api/admissions/80a4a849aa74048ae8f8db8a56a5c946e2b46ac195dc514832aff0384ab22027\": request timeout"
time="2026-09-13T02:33:28Z" level=warning msg="Request Failed" error="Get \"http://nginx/api/admissions/b0f0aa3503cdb5c92b3a4099cac49728d44b7ca69448f85bb28891a6be51adf4\": request timeout"
time="2026-09-13T02:33:28Z" level=warning msg="Request Failed" error="Get \"http://nginx/api/admissions/c77a514491de1b208484242dff4b4177d3c5ca63d284900104224495fbc6bad0\": request timeout"
time="2026-09-13T02:33:28Z" level=warning msg="Request Failed" error="Get \"http://nginx/api/admissions/848b41b9710c3274920b095af69eb880dae2d27aa6a37eac3cdd2f819202338d\": request timeout"
time="2026-09-13T02:33:28Z" level=warning msg="Request Failed" error="Get \"http://nginx/api/admissions/533ffe299576280e478e2657a532fd97ad70d744b2f58fc67da5ad681f2f2b2b\": request timeout"
time="2026-09-13T02:33:28Z" level=warning msg="Request Failed" error="Get \"http://nginx/api/admissions/682fac9bc58dacb46b69863babc64b625fa8e7d81317c1efc750ecf3e8ea1393\": request timeout"
time="2026-09-13T02:33:28Z" level=warning msg="Request Failed" error="Get \"http://nginx/api/admissions/d541e38f87d7c814c8f8e7947a4fb9c91134bd97289bd3029e171c594271ded9\": request timeout"
time="2026-09-13T02:33:28Z" level=warning msg="Request Failed" error="Get \"http://nginx/api/admissions/63aa833ba952bf941c8bde6c9b14365006deed173cab2e7a3b5f7da9379ad7c7\": request timeout"
time="2026-09-13T02:33:28Z" level=warning msg="Request Failed" error="Get \"http://nginx/api/admissions/7a335525476397a436b6e72e0da1134aed6e332ed5fca568e169fafd2db6c8f8\": request timeout"
time="2026-09-13T02:33:28Z" level=warning msg="Request Failed" error="Get \"http://nginx/api/admissions/8cc0baa9019d365c8257464ffff9f6720df0e102f34a0921d01ec60410363a85\": request timeout"
time="2026-09-13T02:33:28Z" level=warning msg="Request Failed" error="Get \"http://nginx/api/admissions/c6c4eb86ce3e009c8868d57310cf9ceb4d0f44bc82bc933a607e015d4ec8b540\": request timeout"
time="2026-09-13T02:33:28Z" level=warning msg="Request Failed" error="Get \"http://nginx/api/admissions/1ed06fb96536deb1538870fb0844f29df70e55ddc6cda4fd7774c395021fe949\": request timeout"
time="2026-09-13T02:33:28Z" level=warning msg="Request Failed" error="Get \"http://nginx/api/admissions/c9277d9ce736d2e9fcd53352174d2dd6c6758ed38368a62328b0997d9d0c90c8\": request timeout"
time="2026-09-13T02:33:28Z" level=warning msg="Request Failed" error="Get \"http://nginx/api/admissions/f83a593870355f9038eead186f1f3d5a96b0808bcde14f6c46cf01cf00889f58\": request timeout"
time="2026-09-13T02:33:28Z" level=warning msg="Request Failed" error="Get \"http://nginx/api/admissions/ebbfbfe245a012a635ea30ac5ab9a1a65b8f4573aac2861ccd2776a611451acd\": request timeout"
time="2026-09-13T02:33:28Z" level=warning msg="Request Failed" error="Get \"http://nginx/api/admissions/2605f791b55b88e83edde8bd7670e77a22f837cfb36c29804bf5ea7c3fa7bf91\": request timeout"
time="2026-09-13T02:33:28Z" level=warning msg="Request Failed" error="Get \"http://nginx/api/admissions/1fb30651f49b0150daf04daabb8d2d77773584770f8b922726f14e0b1c3a0a24\": request timeout"
time="2026-09-13T02:33:28Z" level=warning msg="Request Failed" error="Get \"http://nginx/api/admissions/075daea41a3693391f912dbdaad503ad9a6d1aac703e30149ef6f812567367b8\": request timeout"
time="2026-09-13T02:33:28Z" level=warning msg="Request Failed" error="Get \"http://nginx/api/admissions/8ae7ad156b4135dc2388d3848db9e18050ab78129c9af1fdb8bf2a18861d3294\": request timeout"
time="2026-09-13T02:33:28Z" level=warning msg="Request Failed" error="Get \"http://nginx/api/admissions/0b193af559277dd0a9b4b8e7227620ad4410ea06e16b1c712dcbdbe69fcb8ba3\": request timeout"
time="2026-09-13T02:33:28Z" level=warning msg="Request Failed" error="Get \"http://nginx/api/admissions/820060462e416a3b3faeb1fa848516b8f240e989ce5d36eb44452384a93682b4\": request timeout"
time="2026-09-13T02:33:28Z" level=warning msg="Request Failed" error="Get \"http://nginx/api/admissions/704417807393768a86ed09e8b32bf3a70fe1ab4f91aba802b66bbf6e8c8bf19a\": request timeout"
time="2026-09-13T02:33:28Z" level=warning msg="Request Failed" error="Get \"http://nginx/api/admissions/5dabb50e00dd8dbda5df0710072878d6af6d19f01a3d363db94d424b8f9aa78b\": request timeout"
time="2026-09-13T02:33:28Z" level=warning msg="Request Failed" error="Get \"http://nginx/api/admissions/38a07457c265765a9857b399f57116aabf081d36c8ba4d3ba8d85b64d3222c96\": request timeout"
time="2026-09-13T02:33:28Z" level=warning msg="Request Failed" error="Get \"http://nginx/api/admissions/91bf709facb82e4f1fba03838430e17a6f259c67b97e3a66b46ae06e426b5ecf\": request timeout"
time="2026-09-13T02:33:28Z" level=warning msg="Request Failed" error="Get \"http://nginx/api/admissions/94f6d63959dc837decc75ba1aef5c071f64bbaeb978454f70cfcb379b6b8164b\": request timeout"
time="2026-09-13T02:33:28Z" level=warning msg="Request Failed" error="Get \"http://nginx/api/admissions/73b4b0343472710940217e6dc06cc33d1113cf19bddfee2d2f65970235f78c81\": request timeout"
time="2026-09-13T02:33:28Z" level=warning msg="Request Failed" error="Get \"http://nginx/api/admissions/02d52aee2b23ac9adc699f995b899fd29a663587ce472945e77a18dbf5cb2c90\": request timeout"
time="2026-09-13T02:33:28Z" level=warning msg="Request Failed" error="Get \"http://nginx/api/admissions/0a66f476b363c548315deb98ac15ba9db9127cec74f44424b926ea2d6162c1eb\": request timeout"
time="2026-09-13T02:33:28Z" level=warning msg="Request Failed" error="Get \"http://nginx/api/admissions/fd28d48e02e685d66f77c8454fa7e3a26b9d5624fbb681ae96e604b1210e2f5f\": request timeout"
time="2026-09-13T02:33:28Z" level=warning msg="Request Failed" error="Get \"http://nginx/api/admissions/f7c6c81b9c8c191d3addbc9294945265e640ee694f7bd60ed9e5dd19371541dd\": request timeout"
time="2026-09-13T02:33:28Z" level=warning msg="Request Failed" error="Get \"http://nginx/api/admissions/9c2b38bfb6b0ca33bc3e30cf404f05a4e59c404fd04123bec8397421a0e387d0\": request timeout"
time="2026-09-13T02:33:28Z" level=warning msg="Request Failed" error="Get \"http://nginx/api/admissions/3ee15bbc4f31a58ab2990a05e721147804e0887040130f1408682328921f9c35\": request timeout"
time="2026-09-13T02:33:28Z" level=warning msg="Request Failed" error="Get \"http://nginx/api/admissions/0e5c758c18a5713d15a97bbf4f1606a4ba2bb5c1a059912e88a65c13b91d556e\": request timeout"
time="2026-09-13T02:33:28Z" level=warning msg="Request Failed" error="Get \"http://nginx/api/admissions/d13907c02b7505b0d3320702a247776175b30e8f7d792f3b58daa54a1b67b99d\": request timeout"
time="2026-09-13T02:33:28Z" level=warning msg="Request Failed" error="Get \"http://nginx/api/admissions/416d494cee940e461495b03d86442187de1841bdc46d2928c9b18bd84ba90248\": request timeout"
time="2026-09-13T02:33:28Z" level=warning msg="Request Failed" error="Get \"http://nginx/api/admissions/11d0724a68f06114e871fab641df66cb672d8b33f825a1cee21ea7dab096444f\": request timeout"
time="2026-09-13T02:33:28Z" level=warning msg="Request Failed" error="Get \"http://nginx/api/admissions/7e8258af65e9892b686050ceae6584561f1e4d18689f831fbfaaef22a2bc34db\": request timeout"
time="2026-09-13T02:33:28Z" level=warning msg="Request Failed" error="Get \"http://nginx/api/admissions/779870a3f97e1208635fdacf40113a1fe1e2f504ee569791093de686b72a2d09\": request timeout"
time="2026-09-13T02:33:28Z" level=warning msg="Request Failed" error="Get \"http://nginx/api/admissions/1b8f07b65749beb61ac25f87e3264ca591ef06cb76be6cfc2b888897b4c8aaa1\": request timeout"
time="2026-09-13T02:33:28Z" level=warning msg="Request Failed" error="Get \"http://nginx/api/admissions/d01748383232e6bfd886c2ed57b3f00c4992aa329f522fb4c71ad03ba5e0681a\": request timeout"
time="2026-09-13T02:33:28Z" level=warning msg="Request Failed" error="Get \"http://nginx/api/admissions/2840edfe5aab33816fc4015ad027c78ad7e1f450a29734fae351bf92008c40e8\": request timeout"
time="2026-09-13T02:33:28Z" level=warning msg="Request Failed" error="Get \"http://nginx/api/admissions/3bba040e850ec12f06317b5eb26aa405091b21eb4a88ffea5576f069c7f80f14\": request timeout"
time="2026-09-13T02:33:28Z" level=warning msg="Request Failed" error="Get \"http://nginx/api/admissions/77b358c9f36d73952432c163b25fd03d83cc07172f82c727ae6b1978ddae382b\": request timeout"
time="2026-09-13T02:33:28Z" level=warning msg="Request Failed" error="Get \"http://nginx/api/admissions/ee61d177b5e9a6e56045d2679a9d9f65e4ea3be303b0fd1ab87846aea720c8ff\": request timeout"
time="2026-09-13T02:33:28Z" level=warning msg="Request Failed" error="Get \"http://nginx/api/admissions/6b6c0cbf5e0c30faa9eba8a384cdde2000698e6723db920c3a06a36c856ea708\": request timeout"
time="2026-09-13T02:33:28Z" level=warning msg="Request Failed" error="Get \"http://nginx/api/admissions/f4b01e8d44e318cd82272dd8a1a3d41f97ed9347237a7b740dc6c924012d9591\": request timeout"
time="2026-09-13T02:33:28Z" level=warning msg="Request Failed" error="Get \"http://nginx/api/admissions/da2d406facf287e22675b6b99422eb2b9d458564893a075d389aef4647222702\": request timeout"
time="2026-09-13T02:33:28Z" level=warning msg="Request Failed" error="Get \"http://nginx/api/admissions/f71eea886e6d443e6a23aecaba7b42f46665a455b73bcba6519a7ea4cbe0f1db\": request timeout"
time="2026-09-13T02:33:28Z" level=warning msg="Request Failed" error="Get \"http://nginx/api/admissions/9d1f1f60b83551d6cc8e9840c60668c1822afac9def921318f34364b77a3bb1b\": request timeout"
time="2026-09-13T02:33:29Z" level=warning msg="Request Failed" error="Get \"http://nginx/api/admissions/43ca89b6619ffb9d9b4961429e33fa96648a9533e780000907c53aaccf0fc728\": request timeout"
time="2026-09-13T02:33:29Z" level=warning msg="Request Failed" error="Get \"http://nginx/api/admissions/644352f239d80e19c57e7e7544372150389cf6d2bd3b6f086d1ceebceeb176c4\": request timeout"
time="2026-09-13T02:33:29Z" level=warning msg="Request Failed" error="Get \"http://nginx/api/admissions/3d87289622fa80013445fde29b5cbe7579b340e7b6152955d69e8c7b9afa9a96\": request timeout"
time="2026-09-13T02:33:29Z" level=warning msg="Request Failed" error="Get \"http://nginx/api/admissions/1cdccab3d8f8643df7c553bff1270353030dbab1d0238f24386d44c3adc3ed14\": request timeout"
time="2026-09-13T02:33:29Z" level=warning msg="Request Failed" error="Get \"http://nginx/api/admissions/9c7e0e8544163a2bf4b8f1e97c583e37b06e8c92280822444b606a37ee447347\": request timeout"
time="2026-09-13T02:33:29Z" level=warning msg="Request Failed" error="Get \"http://nginx/api/admissions/525c8c62e236485b9be3d65f8406117a842a0a4179fe8ba8be08196ba9c26cdd\": request timeout"
time="2026-09-13T02:33:29Z" level=warning msg="Request Failed" error="Get \"http://nginx/api/admissions/f4e12caf6bab882f0021960e09eb988786e8c3b32b35247b1789b395a2c8bfe9\": request timeout"
time="2026-09-13T02:33:29Z" level=warning msg="Request Failed" error="Get \"http://nginx/api/admissions/95e138d2d9da6cf70d998ae46c370cc66105283ebd2774bd8dad6de447fa686c\": request timeout"
time="2026-09-13T02:33:29Z" level=warning msg="Request Failed" error="Get \"http://nginx/api/admissions/4670021c1919edb26184e1dd38828997ceed27e922932f9455acb1a82be29048\": request timeout"
time="2026-09-13T02:33:29Z" level=warning msg="Request Failed" error="Get \"http://nginx/api/admissions/f5adab5aad236c5a07cc241f5a5640c8299b8dde5a9c3d961032693b97221dc9\": request timeout"
time="2026-09-13T02:33:29Z" level=warning msg="Request Failed" error="Get \"http://nginx/api/admissions/7671deec2bd23a60ae8cc03bb9e0a14b36a95da3e14a334664d801a5292e23dd\": request timeout"
time="2026-09-13T02:33:29Z" level=warning msg="Request Failed" error="Get \"http://nginx/api/admissions/d3a67d50b3bbbaacef05879b7bc709accbb997b2f476a16f495f05daa71f6fc5\": request timeout"
time="2026-09-13T02:33:29Z" level=warning msg="Request Failed" error="Get \"http://nginx/api/admissions/54ce60a5ed73fb82eb69aad325b844c0d279d42cd24ca366edfb93be3803fadb\": request timeout"

running (2m06.9s), 01670/02018 VUs, 2447 complete and 0 interrupted iterations
browsers ??[ 100% ] 02018/02018 VUs  1m0s  100.00 iters/s
time="2026-09-13T02:33:29Z" level=warning msg="Request Failed" error="Get \"http://nginx/api/admissions/5918be2d7410c26d5449064bc02f71e450f8b792b6a193a6c48607cde9d7f4ab\": request timeout"
time="2026-09-13T02:33:29Z" level=warning msg="Request Failed" error="Get \"http://nginx/api/admissions/e0ec0d86effea89192f8e21c55d45aea40cc71ea4746841f25fc437dd9162538\": request timeout"

running (2m07.9s), 01668/02018 VUs, 2449 complete and 0 interrupted iterations
browsers ??[ 100% ] 02018/02018 VUs  1m0s  100.00 iters/s

running (2m08.9s), 01668/02018 VUs, 2449 complete and 0 interrupted iterations
browsers ??[ 100% ] 02018/02018 VUs  1m0s  100.00 iters/s
time="2026-09-13T02:33:31Z" level=warning msg="Request Failed" error="Get \"http://nginx/api/admissions/aa30cce6fad491521724ad881c4e0cfced8aeec820487b0801b702def15e0741\": request timeout"
time="2026-09-13T02:33:31Z" level=warning msg="Request Failed" error="Get \"http://nginx/api/admissions/b95cf64e353fd6a08c418866f29903e702234e43b0537678094ad59092393b63\": request timeout"
time="2026-09-13T02:33:31Z" level=warning msg="Request Failed" error="Get \"http://nginx/api/admissions/5e43674594abebcfa35e2d07087a7027eb80b86823db21316edacf32677e203a\": request timeout"
time="2026-09-13T02:33:31Z" level=warning msg="Request Failed" error="Get \"http://nginx/api/admissions/8dbbbc5e1318bde4121baf2f2d8313d4232eae935f648f0c04d5086b6468bd93\": request timeout"
time="2026-09-13T02:33:31Z" level=warning msg="Request Failed" error="Get \"http://nginx/api/admissions/cea3726a5ac800cff5251847bf5d9347ee7bb5cc8056e3f2f03ac8cfdfc7e8c8\": request timeout"
time="2026-09-13T02:33:31Z" level=warning msg="Request Failed" error="Get \"http://nginx/api/admissions/d1a57ea533f8f92019ccd69e01dba6762cccc4a800175fb41b76c3b6957fb554\": request timeout"
time="2026-09-13T02:33:31Z" level=warning msg="Request Failed" error="Get \"http://nginx/api/admissions/e82ccb81efd517b604d34dbe89413ecfd0708dd8a6776c0e69f30183064cd266\": request timeout"
time="2026-09-13T02:33:31Z" level=warning msg="Request Failed" error="Get \"http://nginx/api/admissions/e5c4df39c57b18efc1aa320f7089253a1192c5945f5a6013f64bdd40e5a259cd\": request timeout"
time="2026-09-13T02:33:31Z" level=warning msg="Request Failed" error="Get \"http://nginx/api/admissions/01c268cd2fbb7190fabfd705e5e1867f1c06dac3228b97cfb27502f9f546410a\": request timeout"
time="2026-09-13T02:33:31Z" level=warning msg="Request Failed" error="Get \"http://nginx/api/admissions/62b6df06d20d1a44e08dab6a1ccc48c77caf32f340a6132ed12e406a872e5651\": request timeout"
time="2026-09-13T02:33:31Z" level=warning msg="Request Failed" error="Get \"http://nginx/api/admissions/6e3e36ac9ae6f3788717968e33aa76ba6dfd6a1cbff1dbd7da828e6c5cb56fea\": request timeout"
time="2026-09-13T02:33:31Z" level=warning msg="Request Failed" error="Get \"http://nginx/api/admissions/f3924a974f4db04b55777faeb9adab88a18fd28666d780c1785026f35d648e69\": request timeout"
time="2026-09-13T02:33:31Z" level=warning msg="Request Failed" error="Get \"http://nginx/api/admissions/37f4200d9d673055c7782d91db50b4e642d579f6705e48cc5218cabb73bea959\": request timeout"
time="2026-09-13T02:33:31Z" level=warning msg="Request Failed" error="Get \"http://nginx/api/admissions/85b82f7a4aac0da0fc0a4b13fe09b580e4f1e33fed55ba5477d77c2394e63325\": request timeout"
time="2026-09-13T02:33:31Z" level=warning msg="Request Failed" error="Get \"http://nginx/api/admissions/f29cd0e421f975461053ac6b6bfac66255097f2c467c75b81bbdd1444bf74a43\": request timeout"
time="2026-09-13T02:33:31Z" level=warning msg="Request Failed" error="Get \"http://nginx/api/admissions/9455768f52512c93c27d84dade7f13e97e325943354984386506db4f59eee287\": request timeout"
time="2026-09-13T02:33:31Z" level=warning msg="Request Failed" error="Get \"http://nginx/api/admissions/5721528771b4e78bcc40cc1c2009bdd6ba919b5dbfa03ae184f66902c6f43454\": request timeout"
time="2026-09-13T02:33:31Z" level=warning msg="Request Failed" error="Get \"http://nginx/api/admissions/88b9c2c41a5858edf0fb063ac08d19bd0123bdbda29451866fe158a3bea463f7\": request timeout"
time="2026-09-13T02:33:31Z" level=warning msg="Request Failed" error="Get \"http://nginx/api/admissions/3ca0aeaa3a0f6edc6e79cc8182b41500cdb6f3ce9323446128ad3dce35712c39\": request timeout"
time="2026-09-13T02:33:31Z" level=warning msg="Request Failed" error="Get \"http://nginx/api/admissions/af1f8b6560d626c7fc68c9557c6e28391417711238c6aa2156529c4cab6b6cd1\": request timeout"
time="2026-09-13T02:33:31Z" level=warning msg="Request Failed" error="Get \"http://nginx/api/admissions/87f4bbdc4ada4985233b2bdb96cae72f0fb680eb69ce1afca0e8ce75f1a31e8d\": request timeout"
time="2026-09-13T02:33:31Z" level=warning msg="Request Failed" error="Get \"http://nginx/api/admissions/981815d29ac39f96d610b80c2b0057aaf1320eb81566480d1f6c8f8a5079ba42\": request timeout"
time="2026-09-13T02:33:32Z" level=warning msg="Request Failed" error="Get \"http://nginx/api/admissions/d88b34295c203b2948d0ba5504415d7a762e1dc7a85129232804899253176456\": request timeout"
time="2026-09-13T02:33:32Z" level=warning msg="Request Failed" error="Get \"http://nginx/api/admissions/c32ea921773b36144f898e02ce14aea3ce20f69d1c725ee348661bde0fa2dbef\": request timeout"
time="2026-09-13T02:33:32Z" level=warning msg="Request Failed" error="Get \"http://nginx/api/admissions/62edfe1c4acbd35b16153f96500c3dee1c3834135c62fcfe02fa31782d0fbf8b\": request timeout"

running (2m09.9s), 01668/02018 VUs, 2449 complete and 0 interrupted iterations
browsers ??[ 100% ] 02018/02018 VUs  1m0s  100.00 iters/s

running (2m10.9s), 01667/02018 VUs, 2450 complete and 0 interrupted iterations
browsers ??[ 100% ] 02018/02018 VUs  1m0s  100.00 iters/s

running (2m11.9s), 01660/02018 VUs, 2457 complete and 0 interrupted iterations
browsers ??[ 100% ] 02018/02018 VUs  1m0s  100.00 iters/s

running (2m12.9s), 01654/02018 VUs, 2463 complete and 0 interrupted iterations
browsers ??[ 100% ] 02018/02018 VUs  1m0s  100.00 iters/s

running (2m13.9s), 01644/02018 VUs, 2473 complete and 0 interrupted iterations
browsers ??[ 100% ] 02018/02018 VUs  1m0s  100.00 iters/s

running (2m14.9s), 01637/02018 VUs, 2480 complete and 0 interrupted iterations
browsers ??[ 100% ] 02018/02018 VUs  1m0s  100.00 iters/s

running (2m15.9s), 01631/02018 VUs, 2486 complete and 0 interrupted iterations
browsers ??[ 100% ] 02018/02018 VUs  1m0s  100.00 iters/s

running (2m16.9s), 01621/02018 VUs, 2496 complete and 0 interrupted iterations
browsers ??[ 100% ] 02018/02018 VUs  1m0s  100.00 iters/s
time="2026-09-13T02:33:39Z" level=warning msg="Request Failed" error="Get \"http://nginx/api/admissions/36cc406685b4a50e15ffe28b4cf8b9e8fe3b375a006693d10940668bb7337a79\": request timeout"
time="2026-09-13T02:33:39Z" level=warning msg="Request Failed" error="Get \"http://nginx/api/admissions/7e8e4ea4c4e22a264952cbdacee99ac17d81af25fa1001962ea179037d2e7524\": request timeout"
time="2026-09-13T02:33:39Z" level=warning msg="Request Failed" error="Get \"http://nginx/api/admissions/e4422486a2c9fee02fe64a240ae3043b9f443151f7cbb8b72559b27e30c7b629\": request timeout"
time="2026-09-13T02:33:39Z" level=warning msg="Request Failed" error="Get \"http://nginx/api/admissions/18582494e21c750834a2d1cf186635fd02fe7d4a9ca5930011b04e28a37b909f\": request timeout"
time="2026-09-13T02:33:39Z" level=warning msg="Request Failed" error="Get \"http://nginx/api/admissions/c9dc06fb9888ea5d46207269116170fdcd5f68e191b6007be5dc4cf3db270111\": request timeout"
time="2026-09-13T02:33:39Z" level=warning msg="Request Failed" error="Get \"http://nginx/api/admissions/600509cfc112d6ec9fc29fdf1b549457154baba9e50b1b4e381262fe24e5cafe\": request timeout"
time="2026-09-13T02:33:39Z" level=warning msg="Request Failed" error="Get \"http://nginx/api/admissions/2bcc6bc8541222654c33f4fa7b405d5e42f21df6e37dfce0444d3949a0bedfed\": request timeout"
time="2026-09-13T02:33:39Z" level=warning msg="Request Failed" error="Get \"http://nginx/api/admissions/ef78140e09f574bec921fdab33afac3241132e0fa4ef95f221326b8ffd617e99\": request timeout"
time="2026-09-13T02:33:39Z" level=warning msg="Request Failed" error="Get \"http://nginx/api/admissions/5351330b33d553144caa4bad7bc34cd7cb41dab8a672e1897238de2fae1cfc30\": request timeout"
time="2026-09-13T02:33:39Z" level=warning msg="Request Failed" error="Get \"http://nginx/api/admissions/81bec139e563b2025ea0e11ace85d48513415fcbdac76a28f03571ed7d3bd5d0\": request timeout"
time="2026-09-13T02:33:39Z" level=warning msg="Request Failed" error="Get \"http://nginx/api/admissions/233e81d24bd0134fa22241aaaaa45529bf3a0f7c87040fcab39bb71076b49323\": request timeout"
time="2026-09-13T02:33:39Z" level=warning msg="Request Failed" error="Get \"http://nginx/api/admissions/caca5ca9457c3f792023ff26f1af0b4e1a4f04cb8b1e2defea0e8517d9fb1502\": request timeout"
time="2026-09-13T02:33:39Z" level=warning msg="Request Failed" error="Get \"http://nginx/api/admissions/81171eac0267fdb1251d8d8fed9102db870f97b18b525e1b6dcb08b27e8ae7ff\": request timeout"
time="2026-09-13T02:33:39Z" level=warning msg="Request Failed" error="Get \"http://nginx/api/admissions/61a855d959868b6384b1a89014a0cea77ba95abc86cdbd516b70fce3f7b2d013\": request timeout"
time="2026-09-13T02:33:39Z" level=warning msg="Request Failed" error="Get \"http://nginx/api/admissions/e751d5933b6f4ab0519ea3f42eba329b0c1c51816cd4ec23cfbe95fa13870331\": request timeout"
time="2026-09-13T02:33:40Z" level=warning msg="Request Failed" error="Get \"http://nginx/api/admissions/8f4f1e4cf1c4e505063f7e3df5155cd3c48f55340e8dcd9014e212e246285bec\": request timeout"
time="2026-09-13T02:33:40Z" level=warning msg="Request Failed" error="Get \"http://nginx/api/admissions/6fd30b6a35bb2d2439d846b0567dc39375cefd83c6eb4215092f26b166e1c686\": request timeout"
time="2026-09-13T02:33:40Z" level=warning msg="Request Failed" error="Get \"http://nginx/api/admissions/b0f2334a94a52cc781e4dece187aaa84a5ef9d97b39add7c5976cd179d72a8af\": request timeout"
time="2026-09-13T02:33:40Z" level=warning msg="Request Failed" error="Get \"http://nginx/api/admissions/871c6cfaa31a5d95d9ec6f9201bdf80f1880928a66a133451172a2fa49cf46cc\": request timeout"
time="2026-09-13T02:33:40Z" level=warning msg="Request Failed" error="Get \"http://nginx/api/admissions/83545068f2228b8a5fc3556fed461f86991d9a52a57a7a3d6582aa0dc74b2be0\": request timeout"
time="2026-09-13T02:33:40Z" level=warning msg="Request Failed" error="Get \"http://nginx/api/admissions/c0051981550f69f0bd4734e9465efaad600803c43cc41f9dad0d568bf60ec0b8\": request timeout"
time="2026-09-13T02:33:40Z" level=warning msg="Request Failed" error="Get \"http://nginx/api/admissions/1e26fd3de6ab9a61805cfa47834490735ff32a34506217ecabf8ca19f6cd439a\": request timeout"
time="2026-09-13T02:33:40Z" level=warning msg="Request Failed" error="Get \"http://nginx/api/admissions/c9dc1a89300858a78f357e06893aec5bdf60c3980e9888b9fb508b2bcc6fcbda\": request timeout"
time="2026-09-13T02:33:40Z" level=warning msg="Request Failed" error="Get \"http://nginx/api/admissions/75cfe45a521b57d9d2d811c17313b47cb476adbb473197faf74a9aede437cf63\": request timeout"
time="2026-09-13T02:33:40Z" level=warning msg="Request Failed" error="Get \"http://nginx/api/admissions/7a12867613025a85cbb31b906f10a47dca17b9fe48e5dbcfa147d0cc2d45cbd0\": request timeout"
time="2026-09-13T02:33:40Z" level=warning msg="Request Failed" error="Get \"http://nginx/api/admissions/cacb6f2189deb0bb9600d3d7aa36fd60cdfa6dce3d877db155079b5322881a07\": request timeout"
time="2026-09-13T02:33:40Z" level=warning msg="Request Failed" error="Get \"http://nginx/api/admissions/ba1b7ce9d414eb2ae1db81fe6a0bb8f00c4581b98fdeb09c034415d178bd7824\": request timeout"
time="2026-09-13T02:33:40Z" level=warning msg="Request Failed" error="Get \"http://nginx/api/admissions/214089dfc3e29aa753264a96512659ac997757860fa6b53076aea55dfba564e8\": request timeout"
time="2026-09-13T02:33:40Z" level=warning msg="Request Failed" error="Get \"http://nginx/api/admissions/76526663cbd156c43d979c93a137a9301a3efd077e0ced67dce92bc54a0a8716\": request timeout"
time="2026-09-13T02:33:40Z" level=warning msg="Request Failed" error="Get \"http://nginx/api/admissions/528dd059dd4776e5ae74dc1cf88565de6856929c774f360f947d8aa633ac91c9\": request timeout"

running (2m17.9s), 01618/02018 VUs, 2499 complete and 0 interrupted iterations
browsers ??[ 100% ] 02018/02018 VUs  1m0s  100.00 iters/s
time="2026-09-13T02:33:40Z" level=warning msg="Request Failed" error="Get \"http://nginx/api/admissions/a99241b6fb09c98cc426921da8e6654834b9c2ff024ed017d49de7e69e9370b7\": request timeout"
time="2026-09-13T02:33:40Z" level=warning msg="Request Failed" error="Get \"http://nginx/api/admissions/e17a2abcc5af9e1bf3fb3cd6ebc4728abdead74b213dd81c92ed6c75c32b7774\": request timeout"
time="2026-09-13T02:33:40Z" level=warning msg="Request Failed" error="Get \"http://nginx/api/admissions/83aa33ea998e34475569d6b510a549662d31172322f1a33faf938c3e721db849\": request timeout"
time="2026-09-13T02:33:40Z" level=warning msg="Request Failed" error="Get \"http://nginx/api/admissions/e7e690ffad0d616db6d7ee48a0c77ebc91c8ef883edea13db56662131e3813e2\": request timeout"
time="2026-09-13T02:33:40Z" level=warning msg="Request Failed" error="Get \"http://nginx/api/admissions/3bdf56469dd76762a1f4f838081e54e2643103623eb5f29432153d2e48d8389d\": request timeout"
time="2026-09-13T02:33:40Z" level=warning msg="Request Failed" error="Get \"http://nginx/api/admissions/99de155b07dada92f67f019b712323942256e5999ad3513c703ba81afe4dfe66\": request timeout"
time="2026-09-13T02:33:40Z" level=warning msg="Request Failed" error="Get \"http://nginx/api/admissions/e2d9e01b933c1614ed64c69a17139a5b37517d414b8eaea5c8a360ec82ba6e20\": request timeout"
time="2026-09-13T02:33:40Z" level=warning msg="Request Failed" error="Get \"http://nginx/api/admissions/76f120c71bc4ae401a9fcf0f94e07b303e59d12f947ff49334495bce4e1a79d6\": request timeout"
time="2026-09-13T02:33:40Z" level=warning msg="Request Failed" error="Get \"http://nginx/api/admissions/c249ea9638a6660b5bb16f24b5131af611a001fc85c80f0f65dca760957b966d\": request timeout"
time="2026-09-13T02:33:40Z" level=warning msg="Request Failed" error="Get \"http://nginx/api/admissions/5a662321579672d02ad73f958094b255bf4ca2fd02297e378ed93388f102ce60\": request timeout"
time="2026-09-13T02:33:40Z" level=warning msg="Request Failed" error="Get \"http://nginx/api/admissions/efb72e6b54e499faf948a5aaea7506f8a73c7db21126841f75443a7d9b2ea23f\": request timeout"
time="2026-09-13T02:33:40Z" level=warning msg="Request Failed" error="Get \"http://nginx/api/admissions/d19b7901568e74c6623f311762fb16333264f5e469118cdb935452b2d30e6915\": request timeout"
time="2026-09-13T02:33:40Z" level=warning msg="Request Failed" error="Get \"http://nginx/api/admissions/00b6019e76ee5a6bd7bd5c3303062735788a784ad1b70a41fb3b9a48e39132c7\": request timeout"
time="2026-09-13T02:33:40Z" level=warning msg="Request Failed" error="Get \"http://nginx/api/admissions/4498fe67d8edf9a85c80b045c66dd75dcfd5cb87efc8f1e626febcc2c2f48e08\": request timeout"
time="2026-09-13T02:33:40Z" level=warning msg="Request Failed" error="Get \"http://nginx/api/admissions/218453443a393cd8e9446f04654301a0c2eafbcafaac58739a943de44334ca06\": request timeout"
time="2026-09-13T02:33:40Z" level=warning msg="Request Failed" error="Get \"http://nginx/api/admissions/36eb7982e09bed25c101fee614294913f7573284f0ad851ca631c081ae2e83ff\": request timeout"
time="2026-09-13T02:33:40Z" level=warning msg="Request Failed" error="Get \"http://nginx/api/admissions/413506738a0ef22b5ca49d435b525b2143cfc5100060ec60fcb08baeb162fe60\": request timeout"
time="2026-09-13T02:33:40Z" level=warning msg="Request Failed" error="Get \"http://nginx/api/admissions/66934ddb0d87b9fdfb8bb575a69fa34d53e923bb29d1c5249f8216dcaaf107d6\": request timeout"
time="2026-09-13T02:33:40Z" level=warning msg="Request Failed" error="Get \"http://nginx/api/admissions/4f01519a9cc1344cf364ff8a4d98eeaafce45e6de9e62329abc2f02664d9a057\": request timeout"
time="2026-09-13T02:33:40Z" level=warning msg="Request Failed" error="Get \"http://nginx/api/admissions/34adf6f94e0f2eadb7731e70500fdd11e379fd6d32c6ac1e09922b941997cc01\": request timeout"
time="2026-09-13T02:33:40Z" level=warning msg="Request Failed" error="Get \"http://nginx/api/admissions/574d97d2a5b83df6f6d949a3788b2a5f13cb1d4dea90d3aa26c0acde18b0402c\": request timeout"
time="2026-09-13T02:33:40Z" level=warning msg="Request Failed" error="Get \"http://nginx/api/admissions/7563322ecfeb82da7d2fa06ffc763d8d23fb4fc084de708c9f56d08e7fc39edd\": request timeout"
time="2026-09-13T02:33:40Z" level=warning msg="Request Failed" error="Get \"http://nginx/api/admissions/e251392dcc837b656d0b635b6db51f4335784331cea7ad321cc7e8cf7692026e\": request timeout"
time="2026-09-13T02:33:40Z" level=warning msg="Request Failed" error="Get \"http://nginx/api/admissions/86d0e143eb8970386cfef48086018ab4a110d7dda213e4b1ba2b86d0cba3c594\": request timeout"
time="2026-09-13T02:33:40Z" level=warning msg="Request Failed" error="Get \"http://nginx/api/admissions/162cb6dc4ff9a60048830b5634c6d865c0584663e5b696f37f9ae753d6af4b5b\": request timeout"
time="2026-09-13T02:33:40Z" level=warning msg="Request Failed" error="Get \"http://nginx/api/admissions/0e34a6387503566956db21d8fcfc783bf89126ad6d135547926d2451eb655b34\": request timeout"
time="2026-09-13T02:33:40Z" level=warning msg="Request Failed" error="Get \"http://nginx/api/admissions/a26c1e5fbad50af58019386d8b5c48fe4bf8968bf12d427aa0b6b56d2f75f33c\": request timeout"
time="2026-09-13T02:33:40Z" level=warning msg="Request Failed" error="Get \"http://nginx/api/admissions/ae1088dacc0e25624d0f1c70280025e068cd7b894926d328c2f187e70e167168\": request timeout"
time="2026-09-13T02:33:40Z" level=warning msg="Request Failed" error="Get \"http://nginx/api/admissions/800b22f750afad53f90ef60964b504cd74da708252159b5efe98ca425f0abad5\": request timeout"
time="2026-09-13T02:33:40Z" level=warning msg="Request Failed" error="Get \"http://nginx/api/admissions/5160b86a9c01386384811a2158d4cbae0407f70dfd69e2a941c2d08aa904aad1\": request timeout"
time="2026-09-13T02:33:40Z" level=warning msg="Request Failed" error="Get \"http://nginx/api/admissions/2e08dddd116ce52c67499f36d0075adc2532c99f004c86a9868daeda01091206\": request timeout"
time="2026-09-13T02:33:40Z" level=warning msg="Request Failed" error="Get \"http://nginx/api/admissions/cd0983eb626ccdb6b2bb2a4a27b7e0b5cf645dc35b371231654393fe13bc837d\": request timeout"
time="2026-09-13T02:33:40Z" level=warning msg="Request Failed" error="Get \"http://nginx/api/admissions/ef8a9967952f4da8d47d3f928b362816fd07e957156443851f2ccc966d71ef39\": request timeout"
time="2026-09-13T02:33:40Z" level=warning msg="Request Failed" error="Get \"http://nginx/api/admissions/c2c26847276b7be2b9a9565e0d8fa1674d6804f392a5af81a96f48acfeb0ede4\": request timeout"
time="2026-09-13T02:33:40Z" level=warning msg="Request Failed" error="Get \"http://nginx/api/admissions/f4eea0f207ff89655e2ed5dfbc775f3ba6173ee84328771461673da019ffdda5\": request timeout"
time="2026-09-13T02:33:40Z" level=warning msg="Request Failed" error="Get \"http://nginx/api/admissions/cca9e268c684a4f3abc9e5cae95653b2994636be1cc74e0726ff8d08d24d91b6\": request timeout"
time="2026-09-13T02:33:40Z" level=warning msg="Request Failed" error="Get \"http://nginx/api/admissions/6199b4bead1c21860f0514f7adb34362ed42c74eaa107b80d2fbd62f341ae2b6\": request timeout"
time="2026-09-13T02:33:40Z" level=warning msg="Request Failed" error="Get \"http://nginx/api/admissions/f89d4640fbbc5c52987620ff4cc2d130b0013c855a9b7ee340ea231aa2951216\": request timeout"
time="2026-09-13T02:33:40Z" level=warning msg="Request Failed" error="Get \"http://nginx/api/admissions/dc9fb3269a4f98cece54be6df150b969be795e7d7f5face0d7c1d59cf29e20ea\": request timeout"
time="2026-09-13T02:33:40Z" level=warning msg="Request Failed" error="Get \"http://nginx/api/admissions/5a2ec25c73ce51476283f7a8af26e5167bc2bba117a5e2a18766eea3fd5900be\": request timeout"
time="2026-09-13T02:33:40Z" level=warning msg="Request Failed" error="Get \"http://nginx/api/admissions/d8f109f67139a31b993e2dac125136f25772531cdf3db374e47a11e07d594bff\": request timeout"
time="2026-09-13T02:33:40Z" level=warning msg="Request Failed" error="Get \"http://nginx/api/admissions/3eb2d899878c9a07793a6194dd4cebbc3f8d44003a144a0e5995d72440ef1852\": request timeout"
time="2026-09-13T02:33:40Z" level=warning msg="Request Failed" error="Get \"http://nginx/api/admissions/70f154d58808855da5aa44d0f5f33c43df58bcaa39f272dc13a112fb2153cab9\": request timeout"
time="2026-09-13T02:33:40Z" level=warning msg="Request Failed" error="Get \"http://nginx/api/admissions/215df9b9e57c099c59f0a54c9eb9de64e7d8a7f97625e1a3e50bbebb4aac56a3\": request timeout"
time="2026-09-13T02:33:40Z" level=warning msg="Request Failed" error="Get \"http://nginx/api/admissions/637ee363c5629ced1185c8daf082701a61c6823880e36ad9ad3d399837fe88e9\": request timeout"
time="2026-09-13T02:33:40Z" level=warning msg="Request Failed" error="Get \"http://nginx/api/admissions/7bffe1fac09a8ef9d686f7e18a04df09a94ded489ea7142955cf108eed7ad2ae\": request timeout"
time="2026-09-13T02:33:40Z" level=warning msg="Request Failed" error="Get \"http://nginx/api/admissions/b34d36a5913118f76a3aa40cc83305fdbf716a25176d94228e5ed056d6b9f5fe\": request timeout"
time="2026-09-13T02:33:40Z" level=warning msg="Request Failed" error="Get \"http://nginx/api/admissions/d80b16f69bb9f8b6b5c9ce41afe9701787c301376b6d3634ea97fad58a9be7fd\": request timeout"
time="2026-09-13T02:33:40Z" level=warning msg="Request Failed" error="Get \"http://nginx/api/admissions/e5b1d3d2b502e5dc54c2c9cb3de99aa4591d5bf0ba6c47014b2e3b55476b4531\": request timeout"
time="2026-09-13T02:33:40Z" level=warning msg="Request Failed" error="Get \"http://nginx/api/admissions/1db7ea59e5f0b9579195782615911f3ad3459640a44798a3c29be3882f5a5385\": request timeout"
time="2026-09-13T02:33:41Z" level=warning msg="Request Failed" error="Get \"http://nginx/api/admissions/c97dbd1b62d8aba0e7b831d007b89f0b073533fde8aed5090bcdea2e81449557\": request timeout"
time="2026-09-13T02:33:41Z" level=warning msg="Request Failed" error="Get \"http://nginx/api/admissions/9f9c48cbf951e4fc027b69d5e7a1d6fe0ffdd90347ea2236c015adbaa2e2aeef\": request timeout"
time="2026-09-13T02:33:41Z" level=warning msg="Request Failed" error="Get \"http://nginx/api/admissions/dd5eb830f30160601db781b2d9952cac3bf35a318cfb9648048d7ed0030ced35\": request timeout"
time="2026-09-13T02:33:41Z" level=warning msg="Request Failed" error="Get \"http://nginx/api/admissions/1b3f9770412eced894f19b327648dc451f9ca39c565e8d09860065beceb98928\": request timeout"
time="2026-09-13T02:33:41Z" level=warning msg="Request Failed" error="Get \"http://nginx/api/admissions/16e582ead268d7b6d4984eaa9be6c3dab0715a510a990377b18e0849b8894ebf\": request timeout"
time="2026-09-13T02:33:41Z" level=warning msg="Request Failed" error="Get \"http://nginx/api/admissions/154a2c976418bf73d1f96fbecfd614d2ca6a0ce2e46f9b0c67695cf79be381b9\": request timeout"
time="2026-09-13T02:33:41Z" level=warning msg="Request Failed" error="Get \"http://nginx/api/admissions/0c61203d900ac2b9d7e4505345b2f1201c123726f3264c2688d06faabaf63710\": request timeout"
time="2026-09-13T02:33:41Z" level=warning msg="Request Failed" error="Get \"http://nginx/api/admissions/1adb88573513a358f5ed5474bf87325025bf9aaa6304e6800f5fa8200ce60e23\": request timeout"
time="2026-09-13T02:33:41Z" level=warning msg="Request Failed" error="Get \"http://nginx/api/admissions/73a02e5b00567c9ad1950c84ca586227a8f4c2ead97a990efa385bd44717c71c\": request timeout"
time="2026-09-13T02:33:41Z" level=warning msg="Request Failed" error="Get \"http://nginx/api/admissions/c41bf6e20661608713015e0385b069db177f5503df256edf5df95e611b675a5b\": request timeout"
time="2026-09-13T02:33:41Z" level=warning msg="Request Failed" error="Get \"http://nginx/api/admissions/2df7214c6707484d2cdf594e627b3b991a171ef34395cd686313659a7b185be1\": request timeout"
time="2026-09-13T02:33:41Z" level=warning msg="Request Failed" error="Get \"http://nginx/api/admissions/40f65161885183171ff09917f4890bbe5ff2975a75eb9b2f1f36f39a308d3459\": request timeout"
time="2026-09-13T02:33:41Z" level=warning msg="Request Failed" error="Get \"http://nginx/api/admissions/d8c2b265b3b9211680cadea1d78c98c400c0441a4f75bb5c2e6a4e8467512930\": request timeout"
time="2026-09-13T02:33:41Z" level=warning msg="Request Failed" error="Get \"http://nginx/api/admissions/ba30b2658d67ff698ef55bbf98f448c77598b945814e24f99e59fe250708351e\": request timeout"
time="2026-09-13T02:33:41Z" level=warning msg="Request Failed" error="Get \"http://nginx/api/admissions/dae242ba0617634587f77f4723c172eab2897167358608a98e25b75c10c98698\": request timeout"
time="2026-09-13T02:33:41Z" level=warning msg="Request Failed" error="Get \"http://nginx/api/admissions/841f32639aa1f9419742ecfdca54b796736de8fc82f3a9d0a68ecc10f0072d2b\": request timeout"
time="2026-09-13T02:33:41Z" level=warning msg="Request Failed" error="Get \"http://nginx/api/admissions/aa521c454184df789bee5e28e3e9067cb3f71884dbffd62d4801cc761f50a5a2\": request timeout"
time="2026-09-13T02:33:41Z" level=warning msg="Request Failed" error="Get \"http://nginx/api/admissions/ea7304c1fbcff2ab678de32355abe92b7ea0d9c2825ad75345959879261d5f0b\": request timeout"
time="2026-09-13T02:33:41Z" level=warning msg="Request Failed" error="Get \"http://nginx/api/admissions/a3bd9912dc6e09b6472c7fab1e8503be62126c4a4740799d490ed2378c6fbe83\": request timeout"
time="2026-09-13T02:33:41Z" level=warning msg="Request Failed" error="Get \"http://nginx/api/admissions/c3565d0a3cbc85d4e83e5b81f40e78db6312322f5c057a19cc696286b69f4e6f\": request timeout"
time="2026-09-13T02:33:41Z" level=warning msg="Request Failed" error="Get \"http://nginx/api/admissions/1fb1a5da42ceabd9f860c8fbcc2f0b3cf1433f3da8039892b96f160c6e8e026d\": request timeout"
time="2026-09-13T02:33:41Z" level=warning msg="Request Failed" error="Get \"http://nginx/api/admissions/e20b7d971f1610a310e0a415b4bac1e7b7e8db407e81768822c37054969795aa\": request timeout"
time="2026-09-13T02:33:41Z" level=warning msg="Request Failed" error="Get \"http://nginx/api/admissions/7402bf0fb0e8b41393cf0341757224adbac22d247d7ecd4844179d1b23ebc87f\": request timeout"
time="2026-09-13T02:33:41Z" level=warning msg="Request Failed" error="Get \"http://nginx/api/admissions/07be8324496722a61e1d881714efae742172150e4a1c2018f06d5bfafa12c54b\": request timeout"

running (2m18.9s), 01618/02018 VUs, 2499 complete and 0 interrupted iterations
browsers ??[ 100% ] 02018/02018 VUs  1m0s  100.00 iters/s
time="2026-09-13T02:33:41Z" level=warning msg="Request Failed" error="Get \"http://nginx/api/admissions/20791ec4f580b51da415886768ef74034c4de4bc66cca473ceb8f41d45cdb6dd\": request timeout"
time="2026-09-13T02:33:41Z" level=warning msg="Request Failed" error="Get \"http://nginx/api/admissions/96298e8257ba6a88a068e90e774bfb51a5d29ee1d245256ad0d3ad62d932e693\": request timeout"
time="2026-09-13T02:33:41Z" level=warning msg="Request Failed" error="Get \"http://nginx/api/admissions/2a5c1b8f3ef907c2f97aa7dfe515e7277a58e9d05ee624c55faf0e8fbcf03aca\": request timeout"
time="2026-09-13T02:33:41Z" level=warning msg="Request Failed" error="Get \"http://nginx/api/admissions/8474455660c01e668baee80861c9d171e564d3a7d83167eec980d43574cb1310\": request timeout"
time="2026-09-13T02:33:41Z" level=warning msg="Request Failed" error="Get \"http://nginx/api/admissions/fc5b139fedef9d51b64875d9f7f8408b4ac74b650b6c274f53c868656bf61a55\": request timeout"
time="2026-09-13T02:33:41Z" level=warning msg="Request Failed" error="Get \"http://nginx/api/admissions/619c2c687d583d2f63d7d7eb33cdf69bc41b88fe6766d301ff3484f2dccab90a\": request timeout"
time="2026-09-13T02:33:41Z" level=warning msg="Request Failed" error="Get \"http://nginx/api/admissions/dbfb11202deed12c2ff4cb06f948495484706523db22ac58899c8873bcb4641e\": request timeout"
time="2026-09-13T02:33:41Z" level=warning msg="Request Failed" error="Get \"http://nginx/api/admissions/1edace211fa86c5e2f9583c237e58c43985a6f9843fec6d87b0fc9895b0c24ea\": request timeout"
time="2026-09-13T02:33:41Z" level=warning msg="Request Failed" error="Get \"http://nginx/api/admissions/8dbbc656cecd7fe7276edea7eb7546b3b8ffdf789e436f4d5e93daeb129aa364\": request timeout"
time="2026-09-13T02:33:41Z" level=warning msg="Request Failed" error="Get \"http://nginx/api/admissions/56d1971b15534a1974a6f48532bbc1f998cd7032754482c537cdac4d37721353\": request timeout"
time="2026-09-13T02:33:41Z" level=warning msg="Request Failed" error="Get \"http://nginx/api/admissions/91aa2f31dacb2109f881f7b03a774180c378171b83f08fa7c243ad8735bd7af0\": request timeout"
time="2026-09-13T02:33:41Z" level=warning msg="Request Failed" error="Get \"http://nginx/api/admissions/dee1d4cae66c8460076cd76ad92c1091ac11c875089ee2ad603476982c1c53c0\": request timeout"
time="2026-09-13T02:33:41Z" level=warning msg="Request Failed" error="Get \"http://nginx/api/admissions/4c85e2e77ba78cff9806b82fe5931092e6c98254e9c1f3ef57566f9cbd7f40c7\": request timeout"
time="2026-09-13T02:33:41Z" level=warning msg="Request Failed" error="Get \"http://nginx/api/admissions/360473bde313ebc2a2175f5c9a4241d612d7f263cb0f67d38a061d815a16742a\": request timeout"
time="2026-09-13T02:33:41Z" level=warning msg="Request Failed" error="Get \"http://nginx/api/admissions/14cb33dd191dc5e9ddcd74399589308c269f11a118c7a26691f98769a47d7503\": request timeout"
time="2026-09-13T02:33:41Z" level=warning msg="Request Failed" error="Get \"http://nginx/api/admissions/990a5c272884b8f77e2f23388bfc1cae372f7c2e9ce0c61abddefe1eeff6368e\": request timeout"
time="2026-09-13T02:33:41Z" level=warning msg="Request Failed" error="Get \"http://nginx/api/admissions/12c649440ee507f26518c600b42d8a9788fc6000f03fc48a09ad701091143019\": request timeout"
time="2026-09-13T02:33:41Z" level=warning msg="Request Failed" error="Get \"http://nginx/api/admissions/4e790dea1d5056a668db0e2ffebed3844c865b308dc9b457ff47dd6bc63bac06\": request timeout"
time="2026-09-13T02:33:41Z" level=warning msg="Request Failed" error="Get \"http://nginx/api/admissions/4a59c6275020a672cc1fd89c903aa66fb017c51d7719f35e91d0837fc31b274e\": request timeout"
time="2026-09-13T02:33:41Z" level=warning msg="Request Failed" error="Get \"http://nginx/api/admissions/55b14f40d1b4e7104a1377d742fa095a0bb99da02dc4f03bcb5a5f79232b90b9\": request timeout"
time="2026-09-13T02:33:41Z" level=warning msg="Request Failed" error="Get \"http://nginx/api/admissions/f2df2330893338b6ceb047e47984a0eb6a117eaa4b3f095d8eb92c7e79602998\": request timeout"
time="2026-09-13T02:33:41Z" level=warning msg="Request Failed" error="Get \"http://nginx/api/admissions/c1fd65298accf7f993ef7720c80dd587778873b14eed9774d28fb908b8aefd20\": request timeout"
time="2026-09-13T02:33:41Z" level=warning msg="Request Failed" error="Get \"http://nginx/api/admissions/009350e047c2bc553b57c44c203528a2b5ed526c29faf82df23c0eab90701fd9\": request timeout"
time="2026-09-13T02:33:41Z" level=warning msg="Request Failed" error="Get \"http://nginx/api/admissions/4316ff384554b933e021a3c1a9f0fca3bf09b72a05072f7e85dae629d9694a76\": request timeout"
time="2026-09-13T02:33:41Z" level=warning msg="Request Failed" error="Get \"http://nginx/api/admissions/875b9fe37ec9e745ddaab6ee9212b61a2419f2239cb5ee4c0d0f77abbe2f9a11\": request timeout"
time="2026-09-13T02:33:41Z" level=warning msg="Request Failed" error="Get \"http://nginx/api/admissions/df15c85552b3128dd147f81710f0d41753bdac631913d920bd5946c2a9d41a78\": request timeout"
time="2026-09-13T02:33:41Z" level=warning msg="Request Failed" error="Get \"http://nginx/api/admissions/ac80ac868b2ceb647773aecfe5d9a338f1a4dff51a127e0570ac65b759f7abb1\": request timeout"
time="2026-09-13T02:33:41Z" level=warning msg="Request Failed" error="Get \"http://nginx/api/admissions/c1d3252a2efb7e195e9239ecdce48cc69c83306439118743a3b3273b3f2c5f78\": request timeout"
time="2026-09-13T02:33:41Z" level=warning msg="Request Failed" error="Get \"http://nginx/api/admissions/807f6c06aaf00000517ed9eae5d617e34aab940a368341716af1314ca6cd95f1\": request timeout"
time="2026-09-13T02:33:41Z" level=warning msg="Request Failed" error="Get \"http://nginx/api/admissions/c2598342d6ce3578b40eb2d8d65f6c135d7587c29038945f22769995cf749489\": request timeout"
time="2026-09-13T02:33:41Z" level=warning msg="Request Failed" error="Get \"http://nginx/api/admissions/041e41397e2cd0c60b310aee621a28e4ae4a8f7f1763ec9511dfed04bb280ff0\": request timeout"
time="2026-09-13T02:33:41Z" level=warning msg="Request Failed" error="Get \"http://nginx/api/admissions/38671617eafdb7b4429753bb16a35d11c982d8e0d65b936a1093837eb3e74d7b\": request timeout"
time="2026-09-13T02:33:41Z" level=warning msg="Request Failed" error="Get \"http://nginx/api/admissions/8bb28b66008b477533635b5bcad47c3b79193aa29cb9f4245d189a0b8a0fb19b\": request timeout"
time="2026-09-13T02:33:41Z" level=warning msg="Request Failed" error="Get \"http://nginx/api/admissions/9d07143f0fb8b0b422d9a2e1f17efbf253e720710fe38acce13d28b53e02d505\": request timeout"
time="2026-09-13T02:33:41Z" level=warning msg="Request Failed" error="Get \"http://nginx/api/admissions/e0da74f38d9213a722b99ca8d7728bb4f401929b2b75949f4757b0b62f4a171a\": request timeout"
time="2026-09-13T02:33:41Z" level=warning msg="Request Failed" error="Get \"http://nginx/api/admissions/c348bf87b8334cb40e710fb93aa2d977283a92c472fb6c2c61a54e9481bd1df8\": request timeout"
time="2026-09-13T02:33:41Z" level=warning msg="Request Failed" error="Get \"http://nginx/api/admissions/9a7417057be0a699383acdfe81500b3568b1434a74ab4daee1af005c06edc6dd\": request timeout"
time="2026-09-13T02:33:41Z" level=warning msg="Request Failed" error="Get \"http://nginx/api/admissions/5ce373fb4305f2cdb6ee4506c0dd43b65dbf5af5d7180d29e74210d6e9c8badd\": request timeout"
time="2026-09-13T02:33:41Z" level=warning msg="Request Failed" error="Get \"http://nginx/api/admissions/c25169d2a4271017d399239fe3d19ea5614af74160b828909e1d5bf194bebed2\": request timeout"
time="2026-09-13T02:33:41Z" level=warning msg="Request Failed" error="Get \"http://nginx/api/admissions/2ff60bfee7a83ec205b23c347546c4f76d52497edda9f13a69badab3af542863\": request timeout"
time="2026-09-13T02:33:41Z" level=warning msg="Request Failed" error="Get \"http://nginx/api/admissions/e7081561cd79d2f83e657f28867535901e09578f6b9b2b42a2185d43312def3e\": request timeout"
time="2026-09-13T02:33:41Z" level=warning msg="Request Failed" error="Get \"http://nginx/api/admissions/968df357e428824370c0c08041efbce76233ef40cb97253df729516a8bc7d947\": request timeout"
time="2026-09-13T02:33:41Z" level=warning msg="Request Failed" error="Get \"http://nginx/api/admissions/c790137c8cb72e7563aaead6e0615a52bb77b70d799fb3c287163652cdc808ce\": request timeout"
time="2026-09-13T02:33:41Z" level=warning msg="Request Failed" error="Get \"http://nginx/api/admissions/b7986cb1a108ead96f63f1bfe39efed4fecd41c766913f40c5d47c1a5fdab807\": request timeout"
time="2026-09-13T02:33:41Z" level=warning msg="Request Failed" error="Get \"http://nginx/api/admissions/6e75f3141325af39825e6f323fae365c225adea8320ed967d771f491aaad5778\": request timeout"
time="2026-09-13T02:33:41Z" level=warning msg="Request Failed" error="Get \"http://nginx/api/admissions/4c7b6abd6d6fc67f62640000e458cc81fd1684310f998593e89c0863c6c6c65b\": request timeout"
time="2026-09-13T02:33:41Z" level=warning msg="Request Failed" error="Get \"http://nginx/api/admissions/1df10aee0c60512b03c58dee71321c50eef3e1e202375944127ee24c41b4bd33\": request timeout"
time="2026-09-13T02:33:41Z" level=warning msg="Request Failed" error="Get \"http://nginx/api/admissions/41ab44013519ccbfb3502425a14198fe71467e2b1c75c0c5ab654f0142d993d1\": request timeout"
time="2026-09-13T02:33:41Z" level=warning msg="Request Failed" error="Get \"http://nginx/api/admissions/bcee671bf99d9888395dfd5639e3e152fc525daa366097186ce08ad7ac99d4ef\": request timeout"
time="2026-09-13T02:33:41Z" level=warning msg="Request Failed" error="Get \"http://nginx/api/admissions/29770992c6781e4815da4aec2e8d82af52d4425e9f9d504dc84566bba220dccd\": request timeout"
time="2026-09-13T02:33:41Z" level=warning msg="Request Failed" error="Get \"http://nginx/api/admissions/af659a32d5485eb17f917c36167e6376ba9565dae230a84d0089e65c5c44e290\": request timeout"
time="2026-09-13T02:33:41Z" level=warning msg="Request Failed" error="Get \"http://nginx/api/admissions/c7f1ea71239a984edf33b48ee865d9354430a918fc36b5b2a1e3802da4a82b59\": request timeout"
time="2026-09-13T02:33:41Z" level=warning msg="Request Failed" error="Get \"http://nginx/api/admissions/698a2e43eb43f4a246260fa644eea5d871d1d1f0d9120aca4875eb1d87c68975\": request timeout"
time="2026-09-13T02:33:41Z" level=warning msg="Request Failed" error="Get \"http://nginx/api/admissions/8689944b4f88981a850654deb0cabcba34093be141b999e6f8285e983bbe6db6\": request timeout"
time="2026-09-13T02:33:41Z" level=warning msg="Request Failed" error="Get \"http://nginx/api/admissions/922e9664cd2f0cbcf670d1a3e6288efacf72c71e5761bab5726ff524bc147efb\": request timeout"
time="2026-09-13T02:33:41Z" level=warning msg="Request Failed" error="Get \"http://nginx/api/admissions/3ed0c1dc1c037f081ea1889ef68e472230fbe3162db72e1bf1e836b2ad7d4d26\": request timeout"
time="2026-09-13T02:33:41Z" level=warning msg="Request Failed" error="Get \"http://nginx/api/admissions/26d57036144e62c38f9117263779bebfebed521de449dfc27ac689a1ba22323d\": request timeout"
time="2026-09-13T02:33:41Z" level=warning msg="Request Failed" error="Get \"http://nginx/api/admissions/b61dfe9762dd66185ca77c1e0fb474c52e7f4d548544c11334d391be6bfe5011\": request timeout"
time="2026-09-13T02:33:41Z" level=warning msg="Request Failed" error="Get \"http://nginx/api/admissions/7265b1b34199a46fd75ca9c2fda395999c692b8daa427d3973b997e6c64907d4\": request timeout"
time="2026-09-13T02:33:41Z" level=warning msg="Request Failed" error="Get \"http://nginx/api/admissions/1617774fea4082253673f0ccdb75590ce9f160303409d2fbcf219fe5f8a8b76d\": request timeout"
time="2026-09-13T02:33:41Z" level=warning msg="Request Failed" error="Get \"http://nginx/api/admissions/e46bc7cc5c4391d36788254f85d6cfec461663d275a968e876f13a38afd1950c\": request timeout"
time="2026-09-13T02:33:41Z" level=warning msg="Request Failed" error="Get \"http://nginx/api/admissions/8c3f601c98c40e06cceafa0922c68134d4b34c3527a9f934fda12f9a2b5957f6\": request timeout"
time="2026-09-13T02:33:41Z" level=warning msg="Request Failed" error="Get \"http://nginx/api/admissions/11d78f260ea2299d211b38ce2328cae28374045d9319c8d49f18de072206c8b7\": request timeout"
time="2026-09-13T02:33:41Z" level=warning msg="Request Failed" error="Get \"http://nginx/api/admissions/6b8fef48eb9a92194a3f464bc2f9986165115e9e7eb1d8fa0d33d49d509b081f\": request timeout"
time="2026-09-13T02:33:41Z" level=warning msg="Request Failed" error="Get \"http://nginx/api/admissions/57c7eb04d7b7586d18d87fb914bd2479dc4e253de11352a2f7e26fc2881553f9\": request timeout"
time="2026-09-13T02:33:41Z" level=warning msg="Request Failed" error="Get \"http://nginx/api/admissions/a53143c285a0f3b73469b11728f897f704c39a2aabfab465ae791567ecf4155d\": request timeout"
time="2026-09-13T02:33:41Z" level=warning msg="Request Failed" error="Get \"http://nginx/api/admissions/a3b61fc666e3f33d18adf7fc5fd02220c3ab316d6afd187d3b506c9f08fd8c93\": request timeout"
time="2026-09-13T02:33:41Z" level=warning msg="Request Failed" error="Get \"http://nginx/api/admissions/e931ee046de0396da6656b4b4d4eed05b5d1b4022dcf0d683a02dcedb7493436\": request timeout"
time="2026-09-13T02:33:41Z" level=warning msg="Request Failed" error="Get \"http://nginx/api/admissions/99fa78a74099e9d597b0910c28a30dbce12af42dc85f18519615d2ed1d317e4c\": request timeout"
time="2026-09-13T02:33:41Z" level=warning msg="Request Failed" error="Get \"http://nginx/api/admissions/8e982e05b9cb823db0a1644d0629bbf5f2f8fdc8f4b304407086d70a28312503\": request timeout"
time="2026-09-13T02:33:41Z" level=warning msg="Request Failed" error="Get \"http://nginx/api/admissions/a1d709a7a2efd2890dd29985dc53f21411a6563036ae2c4d778d742bf9de7d2d\": request timeout"
time="2026-09-13T02:33:41Z" level=warning msg="Request Failed" error="Get \"http://nginx/api/admissions/c15a192050145a9f8bf87dc492bd7c87ce55effdd6d02d7c3fa54a7fc4db076a\": request timeout"
time="2026-09-13T02:33:41Z" level=warning msg="Request Failed" error="Get \"http://nginx/api/admissions/7ecb0a480a668732f48167b4f034524c410245ecf91b9c59be05d6f346991b7b\": request timeout"
time="2026-09-13T02:33:41Z" level=warning msg="Request Failed" error="Get \"http://nginx/api/admissions/33d3e4c3de3896b9693b8e13dbbb04b2430f86f0e2fba533f6ca7dea279e87a3\": request timeout"
time="2026-09-13T02:33:42Z" level=warning msg="Request Failed" error="Get \"http://nginx/api/admissions/73a2e46ccb5cf0daba94c6bc1590c9b6630c01ef2dd9b1768e8c3c183c3cc447\": request timeout"
time="2026-09-13T02:33:42Z" level=warning msg="Request Failed" error="Get \"http://nginx/api/admissions/0252d58c80981ad7ccae5b4e9b1e08e7ad5fd8cb759cea02b7a6033afd8541b7\": request timeout"
time="2026-09-13T02:33:42Z" level=warning msg="Request Failed" error="Get \"http://nginx/api/admissions/f0e337a60e1aa51960f7baf2c7c0a5ee5064edc7db156a9b6fa914c9e6157933\": request timeout"
time="2026-09-13T02:33:42Z" level=warning msg="Request Failed" error="Get \"http://nginx/api/admissions/2901a27048103174e9c55ff49d1c3696c872388628d4b41958f21dca8edeaaaa\": request timeout"
time="2026-09-13T02:33:42Z" level=warning msg="Request Failed" error="Get \"http://nginx/api/admissions/e4ae74f04f9790115c6ca7a9c53029904fa1d2c9a28656c4c247ebcac77a685a\": request timeout"
time="2026-09-13T02:33:42Z" level=warning msg="Request Failed" error="Get \"http://nginx/api/admissions/4c4774c8c0cfc76a7866eb5329e5b7b4e5bdd65836192c648c7d4b73dac546d6\": request timeout"
time="2026-09-13T02:33:42Z" level=warning msg="Request Failed" error="Get \"http://nginx/api/admissions/625dd117eaede7fa1a0dd4b1849840277e72afd1e705feaa70459fdcb15b9949\": request timeout"
time="2026-09-13T02:33:42Z" level=warning msg="Request Failed" error="Get \"http://nginx/api/admissions/c4d2cf22871a1b21e7ceddd05bf8358bf535003b927fc64b8bcf4df821d801a2\": request timeout"
time="2026-09-13T02:33:42Z" level=warning msg="Request Failed" error="Get \"http://nginx/api/admissions/55a1ff649b5c88bbb115de3534612217493f9e56de2f904582e28da178b0e8f6\": request timeout"
time="2026-09-13T02:33:42Z" level=warning msg="Request Failed" error="Get \"http://nginx/api/admissions/8ff894fc59053626568dd67fcc3ea499048970725eadf2ed09a22e49f514c059\": request timeout"
time="2026-09-13T02:33:42Z" level=warning msg="Request Failed" error="Get \"http://nginx/api/admissions/72f9cf1e0ac287568947270a96d2dd05ef135bb2edad19b300ba616a17710dd7\": request timeout"
time="2026-09-13T02:33:42Z" level=warning msg="Request Failed" error="Get \"http://nginx/api/admissions/b4d0d810e2e070bae48dae1d9d6f2d4e5ec48b3539023c40809c001b1d12f5f3\": request timeout"
time="2026-09-13T02:33:42Z" level=warning msg="Request Failed" error="Get \"http://nginx/api/admissions/b01ab1b5ded38c7c89e40140095a851194302ce1caf75779489691d8c888fb7a\": request timeout"
time="2026-09-13T02:33:42Z" level=warning msg="Request Failed" error="Get \"http://nginx/api/admissions/32a8f9832753bc51a0c2bf7dd060429c831f3101e50236c42d22325880ca4ca1\": request timeout"
time="2026-09-13T02:33:42Z" level=warning msg="Request Failed" error="Get \"http://nginx/api/admissions/5a5a49e08f71ec345817363cf097329d1cdc40efbd9ceeda07e614f911ce8f46\": request timeout"
time="2026-09-13T02:33:42Z" level=warning msg="Request Failed" error="Get \"http://nginx/api/admissions/7531906fa1023e43c11ec9c27716178f8bc509fdddc87bf12d6c2501e8aed11e\": request timeout"

running (2m19.9s), 01618/02018 VUs, 2499 complete and 0 interrupted iterations
browsers ??[ 100% ] 02018/02018 VUs  1m0s  100.00 iters/s
time="2026-09-13T02:33:42Z" level=warning msg="Request Failed" error="Get \"http://nginx/api/admissions/0a2c0fb991613430f852bec1550660e3e2cb742e4eaa838e70b47021e8fa75a9\": request timeout"
time="2026-09-13T02:33:42Z" level=warning msg="Request Failed" error="Get \"http://nginx/api/admissions/68b942d3492e55d49801b63c1a876b26763caaca70cf6dcdb99c511d5433c0f5\": request timeout"
time="2026-09-13T02:33:42Z" level=warning msg="Request Failed" error="Get \"http://nginx/api/admissions/8acbce19f66130d779a56c698996a7e0a012416b3f9727eab74f3727c2c0a91d\": request timeout"
time="2026-09-13T02:33:42Z" level=warning msg="Request Failed" error="Get \"http://nginx/api/admissions/74f7bdff2e30e14982b484c59c446fb418a0d1696831a1c8aed0712411c9410e\": request timeout"
time="2026-09-13T02:33:42Z" level=warning msg="Request Failed" error="Get \"http://nginx/api/admissions/3f235480a707138ecc3f1be647b83cf0cc910038fce22810f7a9770435b957f1\": request timeout"
time="2026-09-13T02:33:42Z" level=warning msg="Request Failed" error="Get \"http://nginx/api/admissions/b956cc46a9310aa9c3ead251aa71acf8fbbdca9504e4d95b33ad6b2ab1324195\": request timeout"
time="2026-09-13T02:33:42Z" level=warning msg="Request Failed" error="Get \"http://nginx/api/admissions/fb2f5b515d584313c189d45e23a98af9c604b7a9e48e2ecdc49572bb47fd7aa0\": request timeout"
time="2026-09-13T02:33:42Z" level=warning msg="Request Failed" error="Get \"http://nginx/api/admissions/3fe3ef62270ad6cc9b7407667a7e4e5fd4e74e4efacb84bc1e864ffecf191ac1\": request timeout"
time="2026-09-13T02:33:42Z" level=warning msg="Request Failed" error="Get \"http://nginx/api/admissions/c05b861bed76a6f6a0475a71e2c961fbf9ae468e36283ea37b29b2d7d2bd878c\": request timeout"
time="2026-09-13T02:33:42Z" level=warning msg="Request Failed" error="Get \"http://nginx/api/admissions/dd1a9f640f56b867e75c64581e521e13744006b60079717f10b0ac7269ec879f\": request timeout"
time="2026-09-13T02:33:42Z" level=warning msg="Request Failed" error="Get \"http://nginx/api/admissions/792a403893b7b59850cfc598a8253648b66bf1e354b5a6ba7d5fdf9399e1546c\": request timeout"
time="2026-09-13T02:33:42Z" level=warning msg="Request Failed" error="Get \"http://nginx/api/admissions/382d18018292607c8e96642e46688c6ce6bf6da63b7db75e07c23bac0244ca40\": request timeout"
time="2026-09-13T02:33:42Z" level=warning msg="Request Failed" error="Get \"http://nginx/api/admissions/c93eabf9fd9027f0461dbac91cdb5448fe6afa7953161bd44616ce873128dd5d\": request timeout"
time="2026-09-13T02:33:42Z" level=warning msg="Request Failed" error="Get \"http://nginx/api/admissions/6d0c2c2dde2d7c5406c4d41fe5800dce722c8f05f9cb54298d923165eaa0f9dd\": request timeout"
time="2026-09-13T02:33:42Z" level=warning msg="Request Failed" error="Get \"http://nginx/api/admissions/c4ffd9c140d12dc88e98ce473902471808ca8199794686a4c592b13d286d5e6a\": request timeout"
time="2026-09-13T02:33:42Z" level=warning msg="Request Failed" error="Get \"http://nginx/api/admissions/c367cc7a4d017bb6b0d07362c1abad9138336052606bc8366d8d9b54598b1dae\": request timeout"
time="2026-09-13T02:33:42Z" level=warning msg="Request Failed" error="Get \"http://nginx/api/admissions/e7a08f5590ccc507ecdda496f3122b2b3b748f3bd1af9e5feddc645396fd9412\": request timeout"
time="2026-09-13T02:33:42Z" level=warning msg="Request Failed" error="Get \"http://nginx/api/admissions/42a42cb77525fd7fe4b7a48abb48586a41802d6a56af4ceebdb7ce19c84481d6\": request timeout"
time="2026-09-13T02:33:42Z" level=warning msg="Request Failed" error="Get \"http://nginx/api/admissions/a0d44df4ae26e3527446f7b8b1a8701a6c5b84274bd26efac501068784f56300\": request timeout"
time="2026-09-13T02:33:42Z" level=warning msg="Request Failed" error="Get \"http://nginx/api/admissions/7bf66b4045974322cb03112606aca35e46f0531a549dc2e267164298141ec29f\": request timeout"
time="2026-09-13T02:33:42Z" level=warning msg="Request Failed" error="Get \"http://nginx/api/admissions/6d94bdc5f6d1c90262c6dc70fe7fbd0fefcdd7c97310d29468721adebfb642da\": request timeout"
time="2026-09-13T02:33:42Z" level=warning msg="Request Failed" error="Get \"http://nginx/api/admissions/13839806e042819a8605aeccd4c4b5c48c780904126880f001faf82fad33e437\": request timeout"
time="2026-09-13T02:33:42Z" level=warning msg="Request Failed" error="Get \"http://nginx/api/admissions/3109b5d8645a367903f6cb1b5edd93b77dc4febf12a5ae8e7635fe5d6934a656\": request timeout"
time="2026-09-13T02:33:42Z" level=warning msg="Request Failed" error="Get \"http://nginx/api/admissions/9d6f9317d7886290e23c37a491487b392f1ee4c29b4ccf5da5444a570dd70dd7\": request timeout"
time="2026-09-13T02:33:42Z" level=warning msg="Request Failed" error="Get \"http://nginx/api/admissions/81fbc5d3f014b3d63f094e3055e5b40282aae7db13eb9cf07800938868acd045\": request timeout"
time="2026-09-13T02:33:42Z" level=warning msg="Request Failed" error="Get \"http://nginx/api/admissions/caec5f6c0c11bff3a8b8f1a3f8c971708bf92bdf730a3467453d3128aebf3c47\": request timeout"
time="2026-09-13T02:33:42Z" level=warning msg="Request Failed" error="Get \"http://nginx/api/admissions/155733c1e84ed8ba8e991299f513d3c9981516a68db3af6668da98132008efb0\": request timeout"
time="2026-09-13T02:33:42Z" level=warning msg="Request Failed" error="Get \"http://nginx/api/admissions/42bfd0719f8efd7982b2da3b725ea2089602be5efc9443fc08e2df4f95bb3ca5\": request timeout"
time="2026-09-13T02:33:42Z" level=warning msg="Request Failed" error="Get \"http://nginx/api/admissions/eba5bac4b118ba7117d03a9679d6a39589ad6999531a15e0b14c4fab72aa6c3b\": request timeout"
time="2026-09-13T02:33:42Z" level=warning msg="Request Failed" error="Get \"http://nginx/api/admissions/3c6a1ad0c52d1f2231b4c14a27aa2e00761aa6eb7f05de9cb45a02a6ceed3962\": request timeout"
time="2026-09-13T02:33:42Z" level=warning msg="Request Failed" error="Get \"http://nginx/api/admissions/5b5104972f267d2932978e8801203dbefb63d6c48ca22ed085634d713bc1c5e5\": request timeout"
time="2026-09-13T02:33:42Z" level=warning msg="Request Failed" error="Get \"http://nginx/api/admissions/bf7438701b1825ad561795700d5e3fb51224278a89cd59fae312e284cadf0e64\": request timeout"
time="2026-09-13T02:33:42Z" level=warning msg="Request Failed" error="Get \"http://nginx/api/admissions/85077cc08d51e1ff0279afc604ef8eef2f9a044c73148be5a27022416314beda\": request timeout"
time="2026-09-13T02:33:42Z" level=warning msg="Request Failed" error="Get \"http://nginx/api/admissions/de05cbad16dd3869bda9d44dabb0d0b7e674091437ea53641628745e7b7e72bc\": request timeout"
time="2026-09-13T02:33:42Z" level=warning msg="Request Failed" error="Get \"http://nginx/api/admissions/7f72f6ef16d1bebf631da03c63e7532fe6e995a8d1ee7d4680c4e2b2c038229e\": request timeout"
time="2026-09-13T02:33:43Z" level=warning msg="Request Failed" error="Get \"http://nginx/api/admissions/89a946e36990a70de3bf9f78130631a15e29a6c9bdadd42a65ae38ecce337065\": request timeout"
time="2026-09-13T02:33:43Z" level=warning msg="Request Failed" error="Get \"http://nginx/api/admissions/e4fb3601e5d27586148949c8a94bd0639c988df15a180dc25977c05dc1429a8a\": request timeout"
time="2026-09-13T02:33:43Z" level=warning msg="Request Failed" error="Get \"http://nginx/api/admissions/dbeba573eb2eea47d61a81cbbeb5b7dfda5024c886179449cc873e6adb6d591d\": request timeout"
time="2026-09-13T02:33:43Z" level=warning msg="Request Failed" error="Get \"http://nginx/api/admissions/6410d30ec89edd0fb39a43966ea9e2fef71ad17131a94400622411323d1f031a\": request timeout"
time="2026-09-13T02:33:43Z" level=warning msg="Request Failed" error="Get \"http://nginx/api/admissions/74aa8828e8acd69c2410c18318f6ef5b4941e2449562e79d20fc0035832cb089\": request timeout"
time="2026-09-13T02:33:43Z" level=warning msg="Request Failed" error="Get \"http://nginx/api/admissions/96474208a3320599df6df2e93887c9a23e8995b33a791dab098cab74166f9b26\": request timeout"
time="2026-09-13T02:33:43Z" level=warning msg="Request Failed" error="Get \"http://nginx/api/admissions/1bfff9c3cc454fb02902bb26e013442e31a04dfcf47c4e2410d564a26b53948a\": request timeout"
time="2026-09-13T02:33:43Z" level=warning msg="Request Failed" error="Get \"http://nginx/api/admissions/8acbb23e2b9427a9573ccb18ea95fe78a6bd558fa5037f1819169b1b7893fd7d\": request timeout"
time="2026-09-13T02:33:43Z" level=warning msg="Request Failed" error="Get \"http://nginx/api/admissions/eea8eaf5da83843070ab21186cabccbb974a0fcf4f3a352bd350a337a5ce3e52\": request timeout"
time="2026-09-13T02:33:43Z" level=warning msg="Request Failed" error="Get \"http://nginx/api/admissions/7ed4ca5944c850aa8eb27ab5b683b081530b9bb9e0933bdac1fa7da1d86dda90\": request timeout"
time="2026-09-13T02:33:43Z" level=warning msg="Request Failed" error="Get \"http://nginx/api/admissions/5baa3e4374229557385bba6b944c1546a0cf8a8ef238a1192e51430ae9bc3ca8\": request timeout"
time="2026-09-13T02:33:43Z" level=warning msg="Request Failed" error="Get \"http://nginx/api/admissions/956a0662ad9492d5172b634b301b8f80c1a67a6ee266a4d216805a6e62babbde\": request timeout"
time="2026-09-13T02:33:43Z" level=warning msg="Request Failed" error="Get \"http://nginx/api/admissions/5a47e26a478fdff618fbf3083b6fb35660c5d060a00f8dd1b96f862964993af3\": request timeout"
time="2026-09-13T02:33:43Z" level=warning msg="Request Failed" error="Get \"http://nginx/api/admissions/d984e503a7556392644afd92bbc51df6ca12236350e9af032cc8db34304f0796\": request timeout"
time="2026-09-13T02:33:43Z" level=warning msg="Request Failed" error="Get \"http://nginx/api/admissions/a718d320d7d546fc07f9dc9c4d6fdcf1bcc136942dac2a2a582fdf592907986e\": request timeout"
time="2026-09-13T02:33:43Z" level=warning msg="Request Failed" error="Get \"http://nginx/api/admissions/77623868b6a0c9b867ae813370542b0cdd5e5a7c93b2d26eabe5a4d9cf5c8913\": request timeout"
time="2026-09-13T02:33:43Z" level=warning msg="Request Failed" error="Get \"http://nginx/api/admissions/c2f9f76db3da3f2473c8631e1c02831358e568f19d30b4512473d1a3b52e055f\": request timeout"
time="2026-09-13T02:33:43Z" level=warning msg="Request Failed" error="Get \"http://nginx/api/admissions/8a542b0c071d48a0e435419a2356339a1c3fa12f1de8f63b7e73c05c28beb104\": request timeout"
time="2026-09-13T02:33:43Z" level=warning msg="Request Failed" error="Get \"http://nginx/api/admissions/cc5055316c1773541f88cb3e4a3853ecf8972a1156d303f3b08ec54939d85595\": request timeout"

running (2m20.9s), 01616/02018 VUs, 2501 complete and 0 interrupted iterations
browsers ??[ 100% ] 02018/02018 VUs  1m0s  100.00 iters/s
time="2026-09-13T02:33:43Z" level=warning msg="Request Failed" error="Get \"http://nginx/api/admissions/86e02875ab75650d117d1c06857d65d12a10abdfb069fcd1821fc41b25b09db8\": request timeout"
time="2026-09-13T02:33:43Z" level=warning msg="Request Failed" error="Get \"http://nginx/api/admissions/2328fb1f84ad2263a53e36aecb48603e54042fbc8ac372a5a306ed8d7cf21cd4\": request timeout"
time="2026-09-13T02:33:43Z" level=warning msg="Request Failed" error="Get \"http://nginx/api/admissions/a1490c367e665ac72aecf35be3ea8f9bf78828b721c157335cd32afc9dc5b478\": request timeout"
time="2026-09-13T02:33:43Z" level=warning msg="Request Failed" error="Get \"http://nginx/api/admissions/025ed124fb584d021f3a370d11a53e4b00e6b8467c6361dd59ce404c600f2464\": request timeout"
time="2026-09-13T02:33:43Z" level=warning msg="Request Failed" error="Get \"http://nginx/api/admissions/742c9ec8db96760dc3781ea05c9849733cfb86b243963e73badf886e4ed569ab\": request timeout"
time="2026-09-13T02:33:43Z" level=warning msg="Request Failed" error="Get \"http://nginx/api/admissions/b1c93252e26ad4ae73fbf7fc4f3e1f98e2b4aeb3af5e482801d93c5bc2af9d65\": request timeout"
time="2026-09-13T02:33:43Z" level=warning msg="Request Failed" error="Get \"http://nginx/api/admissions/beb864e53e5bc3d32572d1013a63ff046defb9d25925b6f4166dcec84d713f36\": request timeout"
time="2026-09-13T02:33:43Z" level=warning msg="Request Failed" error="Get \"http://nginx/api/admissions/b554dc24efe4cb362d2c860b2e51a62d154a269ede2930f6646ed42bbc47f716\": request timeout"
time="2026-09-13T02:33:43Z" level=warning msg="Request Failed" error="Get \"http://nginx/api/admissions/310f0117271c5ef87d9764ca8d9e5ff6e41c1e24812f15c42d02af78753d6a18\": request timeout"
time="2026-09-13T02:33:43Z" level=warning msg="Request Failed" error="Get \"http://nginx/api/admissions/42f99ae402d883721bf57f1934ceffbeee8d2137e40ceef9f94af3bce21b6901\": request timeout"
time="2026-09-13T02:33:43Z" level=warning msg="Request Failed" error="Get \"http://nginx/api/admissions/a93fd875605544390e24aec81100fe03310973172562752097cf832a5694b100\": request timeout"
time="2026-09-13T02:33:43Z" level=warning msg="Request Failed" error="Get \"http://nginx/api/admissions/d3c39483eb35d055c65e2ee9f8f846c5172bf3c6c34504292de636dab11ac08c\": request timeout"
time="2026-09-13T02:33:43Z" level=warning msg="Request Failed" error="Get \"http://nginx/api/admissions/4d5e2c14c42fd1dea11f821a1f6b278ebfe7410e0b23d831b450a48c3b66e267\": request timeout"
time="2026-09-13T02:33:43Z" level=warning msg="Request Failed" error="Get \"http://nginx/api/admissions/fc47b677f87b32fd956364a4ed2d058892c161d3ee3185778898e07542b404ba\": request timeout"
time="2026-09-13T02:33:43Z" level=warning msg="Request Failed" error="Get \"http://nginx/api/admissions/61fac3c39545d4f1a3940fb6f9c1d253560e99d0454312a0d731b28d61613ac3\": request timeout"
time="2026-09-13T02:33:43Z" level=warning msg="Request Failed" error="Get \"http://nginx/api/admissions/d9364cfeba400b3c18f3def5333221ec6baa6b0f803683c570ecb0741e0d623c\": request timeout"
time="2026-09-13T02:33:43Z" level=warning msg="Request Failed" error="Get \"http://nginx/api/admissions/c01561752946ad48447724bef81eabd8c74cf0c1cf4da9497812e5573ab7fe77\": request timeout"
time="2026-09-13T02:33:43Z" level=warning msg="Request Failed" error="Get \"http://nginx/api/admissions/e4d1abb26ae2979039caaf9563144039f37bcd62a0d31d00844d3d217ed1b8fb\": request timeout"
time="2026-09-13T02:33:43Z" level=warning msg="Request Failed" error="Get \"http://nginx/api/admissions/bc242081e6bb59d793a0f2aa840279c698b753375c1e054546f8ccb91594bea1\": request timeout"
time="2026-09-13T02:33:43Z" level=warning msg="Request Failed" error="Get \"http://nginx/api/admissions/1b6e15c5597a125e387ee7f9fc95b52daf9de320f79729e853073ba0ed6c5038\": request timeout"
time="2026-09-13T02:33:43Z" level=warning msg="Request Failed" error="Get \"http://nginx/api/admissions/8f9e88eaaa6c883d8372411b00e3bb40b50615ec56e14697c6905375d2120961\": request timeout"
time="2026-09-13T02:33:43Z" level=warning msg="Request Failed" error="Get \"http://nginx/api/admissions/11d5ccbb9991e8142022e6c88e7cd0513c3f277490025153738f5297b7509462\": request timeout"
time="2026-09-13T02:33:43Z" level=warning msg="Request Failed" error="Get \"http://nginx/api/admissions/60c09c3bda3dc959a0f67d3fb0a3a268f98f47f288bf793ecfa08b26dcb6821a\": request timeout"
time="2026-09-13T02:33:43Z" level=warning msg="Request Failed" error="Get \"http://nginx/api/admissions/de31432a15fba144709191f9b76aac6777c45f8a6da118fe28d95fc9216159c3\": request timeout"
time="2026-09-13T02:33:43Z" level=warning msg="Request Failed" error="Get \"http://nginx/api/admissions/81195c707c05422ff41ca999688dbd124b02a1024884b18273918be929638008\": request timeout"
time="2026-09-13T02:33:43Z" level=warning msg="Request Failed" error="Get \"http://nginx/api/admissions/3cdace1dc3450b6c4714794ff8aea93153b6d9308604e4d01591b18c3038fa06\": request timeout"
time="2026-09-13T02:33:43Z" level=warning msg="Request Failed" error="Get \"http://nginx/api/admissions/f7380591541f5729e47906dfac3211a4d8df9bffde31a9344fe964b410449749\": request timeout"
time="2026-09-13T02:33:43Z" level=warning msg="Request Failed" error="Get \"http://nginx/api/admissions/e40665b2fc890cf5a25e446b9be44276a8435f3aef73f3f70ebdc424226f0445\": request timeout"
time="2026-09-13T02:33:43Z" level=warning msg="Request Failed" error="Get \"http://nginx/api/admissions/02e26d848b7dab2b3064527aa8c83036dc9cf37c0ee005da45388eb3b14d89ff\": request timeout"
time="2026-09-13T02:33:43Z" level=warning msg="Request Failed" error="Get \"http://nginx/api/admissions/375393d60399da8ed54373ff102eef7b742c97fae14f69c7151f95f783cb874a\": request timeout"
time="2026-09-13T02:33:43Z" level=warning msg="Request Failed" error="Get \"http://nginx/api/admissions/5d1fc77d169709734899d7c2c70c34023f92ea6b8c2c0889b4121e81421118a0\": request timeout"
time="2026-09-13T02:33:43Z" level=warning msg="Request Failed" error="Get \"http://nginx/api/admissions/ac2c77f21e5fc97ba0172a69626fb400046d01c2cf5ee2b84b4ebe0c5c434dc7\": request timeout"
time="2026-09-13T02:33:43Z" level=warning msg="Request Failed" error="Get \"http://nginx/api/admissions/5a9672f2b0cc58a4b1e2dadf1c2ee923e63ef87d98b514d0f9999617fc2d217d\": request timeout"
time="2026-09-13T02:33:43Z" level=warning msg="Request Failed" error="Get \"http://nginx/api/admissions/fd1122d0e709ad6a6af941cbb194203bbba11e005a7347df6fb13da75bc79b8c\": request timeout"
time="2026-09-13T02:33:43Z" level=warning msg="Request Failed" error="Get \"http://nginx/api/admissions/922a36acd2fed221bce893f8a9baa7e8470dc310832fa96b8a8450cda903a028\": request timeout"
time="2026-09-13T02:33:43Z" level=warning msg="Request Failed" error="Get \"http://nginx/api/admissions/0b5cbcabf2afe4d33a908d6a86a20c1f760dddf7b4e8feb2faf940d20c983a50\": request timeout"
time="2026-09-13T02:33:43Z" level=warning msg="Request Failed" error="Get \"http://nginx/api/admissions/d1813588be7d8175dfa69a03f34c8e1daf086b285a0595deb0979c752ddeb714\": request timeout"
time="2026-09-13T02:33:43Z" level=warning msg="Request Failed" error="Get \"http://nginx/api/admissions/95c7f2c4e475b23e77873013c10c91914eb8b5468934405be6f12dc14b5bdcf9\": request timeout"
time="2026-09-13T02:33:43Z" level=warning msg="Request Failed" error="Get \"http://nginx/api/admissions/9df5d8da93e68da13eea89021e00401b426db7cc58c4befeb32baaeb3eb641c2\": request timeout"
time="2026-09-13T02:33:43Z" level=warning msg="Request Failed" error="Get \"http://nginx/api/admissions/0c12d73eb75578229c57c2c65caf0359f378f38a1fa7a1f1c8584b413a4d687f\": request timeout"
time="2026-09-13T02:33:43Z" level=warning msg="Request Failed" error="Get \"http://nginx/api/admissions/d15b0940147e55a94eebb0acc4a1adda8321fd6f28ca40826fe685c449db7db6\": request timeout"
time="2026-09-13T02:33:43Z" level=warning msg="Request Failed" error="Get \"http://nginx/api/admissions/2fa70db962441ab846879cbd27f30e11df92ef1b29705f248e0e3507b6ccb3d0\": request timeout"
time="2026-09-13T02:33:43Z" level=warning msg="Request Failed" error="Get \"http://nginx/api/admissions/ab659362674e73d57e33bfeea6b1c222d17dc057e9349eddd60fc2e57a5c75b0\": request timeout"
time="2026-09-13T02:33:43Z" level=warning msg="Request Failed" error="Get \"http://nginx/api/admissions/078406d458096db2de9cbd693211b095cdd53e3fd467758310bebb41c77773db\": request timeout"
time="2026-09-13T02:33:43Z" level=warning msg="Request Failed" error="Get \"http://nginx/api/admissions/4b6e351226aba9475200f7e09aec3ce9d030777df0210342e9d18370163d4b2e\": request timeout"
time="2026-09-13T02:33:43Z" level=warning msg="Request Failed" error="Get \"http://nginx/api/admissions/9b9fcd399503321e5c038ee6a9b517bfcb3a822369b4bb0dae929f5c5565d7b2\": request timeout"
time="2026-09-13T02:33:43Z" level=warning msg="Request Failed" error="Get \"http://nginx/api/admissions/f05ee6f2495cd2841a57f748d3b178f639028475f366fe52934eee55d1ced998\": request timeout"
time="2026-09-13T02:33:43Z" level=warning msg="Request Failed" error="Get \"http://nginx/api/admissions/5a438766c96dcb96d531fb6be14524700feabeec37982cf23be2afcc8292bfac\": request timeout"
time="2026-09-13T02:33:43Z" level=warning msg="Request Failed" error="Get \"http://nginx/api/admissions/14454969185e6d22e1a4dbec630d7c7c9c73e8bcdafae6cbbb0d4a8a04d4c4d5\": request timeout"
time="2026-09-13T02:33:43Z" level=warning msg="Request Failed" error="Get \"http://nginx/api/admissions/10ab9cb67eef9dea6464d113e9de3170bce641369e47bfa70d31bf2c7f525a42\": request timeout"
time="2026-09-13T02:33:43Z" level=warning msg="Request Failed" error="Get \"http://nginx/api/admissions/0bd24f7703607158ec3915c15ff61a9c92c53abf536d8b8ff211f6157c5b36a7\": request timeout"
time="2026-09-13T02:33:44Z" level=warning msg="Request Failed" error="Get \"http://nginx/api/admissions/89c16a0cfc10ff202970ad62078f1458b4580ce85ba8baf2efbce596670695ef\": request timeout"
time="2026-09-13T02:33:44Z" level=warning msg="Request Failed" error="Get \"http://nginx/api/admissions/c38107835415baed6672c1097ded0704d04d3997d36d6bd171fab34a4e2b70ed\": request timeout"
time="2026-09-13T02:33:44Z" level=warning msg="Request Failed" error="Get \"http://nginx/api/admissions/25b5d7778dbed56b4098f8560445a783038e1bf9c7f787fb3a50cc80b1778877\": request timeout"
time="2026-09-13T02:33:44Z" level=warning msg="Request Failed" error="Get \"http://nginx/api/admissions/a62e88234aeb3ce08f17f5ee7fe93eff17f46dfdbfa27b6ef2ed78d00ae70cc6\": request timeout"
time="2026-09-13T02:33:44Z" level=warning msg="Request Failed" error="Get \"http://nginx/api/admissions/348eeeb277d2aa164a4f840761a2b9a4a7e94867eea2ffc3cfd177615d5dcd96\": request timeout"
time="2026-09-13T02:33:44Z" level=warning msg="Request Failed" error="Get \"http://nginx/api/admissions/80a28231b897916d0586d8950906e2933f13c27361d1f89b8767daac169f2a63\": request timeout"
time="2026-09-13T02:33:44Z" level=warning msg="Request Failed" error="Get \"http://nginx/api/admissions/49d2d44bdcac7b42235c92d6c3707bb50d3c810ac731b33139317e81c34947b4\": request timeout"
time="2026-09-13T02:33:44Z" level=warning msg="Request Failed" error="Get \"http://nginx/api/admissions/12c942abbe98c28b3557b8c1fc5bad7d94d118bbcd2b4106c0df77da8997c096\": request timeout"
time="2026-09-13T02:33:44Z" level=warning msg="Request Failed" error="Get \"http://nginx/api/admissions/7e2dbdb2672d3a85327a24966a644ee12c572da3d9d754c9e613c244acedfd5e\": request timeout"
time="2026-09-13T02:33:44Z" level=warning msg="Request Failed" error="Get \"http://nginx/api/admissions/0a9b25bc891a83894201cffce0313717842cdbd730a2841c5db62786f20ee02b\": request timeout"
time="2026-09-13T02:33:44Z" level=warning msg="Request Failed" error="Get \"http://nginx/api/admissions/ca2367ee9f824142199ca8259908bdd99d98fe56afbd619a20a64cb475f24261\": request timeout"

running (2m21.9s), 01609/02018 VUs, 2508 complete and 0 interrupted iterations
browsers ??[ 100% ] 02018/02018 VUs  1m0s  100.00 iters/s
time="2026-09-13T02:33:44Z" level=warning msg="Request Failed" error="Get \"http://nginx/api/admissions/b9815a387fdfd1f43bcff89ad65c06f3f26be773192b15d8a0fe3de970e0bab1\": request timeout"
time="2026-09-13T02:33:44Z" level=warning msg="Request Failed" error="Get \"http://nginx/api/admissions/de1ca4ba6ec92fd420c41079a49f57af6af1dc3800656e3471906a815481ee53\": request timeout"
time="2026-09-13T02:33:44Z" level=warning msg="Request Failed" error="Get \"http://nginx/api/admissions/6abf05a5660fabeb237a7ec82c50d77bc3f18691e792a78f88628b4219a59ade\": request timeout"
time="2026-09-13T02:33:44Z" level=warning msg="Request Failed" error="Get \"http://nginx/api/admissions/2f4279666150afdcbefb44e80d5b744380f23e319b4def7b9a2802b32d8ad296\": request timeout"
time="2026-09-13T02:33:44Z" level=warning msg="Request Failed" error="Get \"http://nginx/api/admissions/166682a2cbdd110dc4e2f5a437ea51c7131efe0dda8034660941ddb127a2c640\": request timeout"
time="2026-09-13T02:33:44Z" level=warning msg="Request Failed" error="Get \"http://nginx/api/admissions/9f2596a87ed90f1d5981c6007dc62146ec1c304b8d8b5c01358a5e7e6ca74c79\": request timeout"
time="2026-09-13T02:33:45Z" level=warning msg="Request Failed" error="Get \"http://nginx/api/admissions/c826ec36c03bce6b888a5ea639569a0cd5743948d67d02032f223624cb19c9c4\": request timeout"
time="2026-09-13T02:33:45Z" level=warning msg="Request Failed" error="Get \"http://nginx/api/admissions/80bfdb7bf131313831d2fabfde46b737c02d1861b138928728f4568ed0bee3bb\": request timeout"
time="2026-09-13T02:33:45Z" level=warning msg="Request Failed" error="Get \"http://nginx/api/admissions/efa14bed4f64fb8660e961c9764973cbceed6b5ce7a007f0eaa77a056f13a3d9\": request timeout"
time="2026-09-13T02:33:45Z" level=warning msg="Request Failed" error="Get \"http://nginx/api/admissions/7c545aa418dc249b8674b35a56c881af107ccd377878c70a2994b282cc606562\": request timeout"
time="2026-09-13T02:33:45Z" level=warning msg="Request Failed" error="Get \"http://nginx/api/admissions/027b7588786a80aedb2b2b63180dd366937ab30eb707f9e33b5425058d286d9f\": request timeout"
time="2026-09-13T02:33:45Z" level=warning msg="Request Failed" error="Get \"http://nginx/api/admissions/64d31c84e77297e5f4f8dfe41d999a044d02a177ab2bfa5fb1d1c4b54f6de7b6\": request timeout"
time="2026-09-13T02:33:45Z" level=warning msg="Request Failed" error="Get \"http://nginx/api/admissions/a6a4cce29a21fa45de00b5b0ed2fc24cd8c03bf743d14af2959f58ab0ac6548d\": request timeout"
time="2026-09-13T02:33:45Z" level=warning msg="Request Failed" error="Get \"http://nginx/api/admissions/8b14143d6daa793248c4bc2ebe74902b2d5b4d5154871138ff94e106416920a2\": request timeout"
time="2026-09-13T02:33:45Z" level=warning msg="Request Failed" error="Get \"http://nginx/api/admissions/5933b0a2316738a7e08c6757ba270d1ac985e163401ecfb9642845e1eb8e8161\": request timeout"
time="2026-09-13T02:33:45Z" level=warning msg="Request Failed" error="Get \"http://nginx/api/admissions/8427b4da290fc928229a999b2d3540dcfb1b7e26b2ac54eb1e38d6c76ec62e7f\": request timeout"
time="2026-09-13T02:33:45Z" level=warning msg="Request Failed" error="Get \"http://nginx/api/admissions/8821ac07f8172b733c67cd45c4c0fcbb6d18339f9b189693ae605a9faca45500\": request timeout"
time="2026-09-13T02:33:45Z" level=warning msg="Request Failed" error="Get \"http://nginx/api/admissions/0bf472beb6004f39aa7c99e76e25fbc0dadde1f02705e2dbb0835cd6f6bbd2be\": request timeout"

running (2m22.9s), 01603/02018 VUs, 2514 complete and 0 interrupted iterations
browsers ??[ 100% ] 02018/02018 VUs  1m0s  100.00 iters/s
time="2026-09-13T02:33:45Z" level=warning msg="Request Failed" error="Get \"http://nginx/api/admissions/7973698ea7da19653e48e4679ca6da199de933325b143972477b64bf490e207f\": request timeout"
time="2026-09-13T02:33:45Z" level=warning msg="Request Failed" error="Get \"http://nginx/api/admissions/9b000af64d4a194a5d89dc9edb0839802cad889076a2b6d1f0701a29b0371166\": request timeout"
time="2026-09-13T02:33:45Z" level=warning msg="Request Failed" error="Get \"http://nginx/api/admissions/fab056f577d3784f6ab8315341ca443725c6b75e5239db767df24bf55d831bc1\": request timeout"
time="2026-09-13T02:33:45Z" level=warning msg="Request Failed" error="Get \"http://nginx/api/admissions/fb109c998cf5c2f0bf4e01288de63978cb05d9fea1ea616407f0d8c3f402a639\": request timeout"
time="2026-09-13T02:33:45Z" level=warning msg="Request Failed" error="Get \"http://nginx/api/admissions/24bb91776f7d037d79130b5d8c917195a3e764483e90c77d89dbd2d55033c0fd\": request timeout"
time="2026-09-13T02:33:45Z" level=warning msg="Request Failed" error="Get \"http://nginx/api/admissions/1b26da661f98ca9c3c9819ad335c316d485f42cbc8037cab923ffb73be6b0845\": request timeout"
time="2026-09-13T02:33:45Z" level=warning msg="Request Failed" error="Get \"http://nginx/api/admissions/c0c55ec941e7c1bcf2d96d041c553d292633043dbcd1cd63e56dd3766bec1877\": request timeout"
time="2026-09-13T02:33:45Z" level=warning msg="Request Failed" error="Get \"http://nginx/api/admissions/b0f0aa3503cdb5c92b3a4099cac49728d44b7ca69448f85bb28891a6be51adf4\": request timeout"
time="2026-09-13T02:33:45Z" level=warning msg="Request Failed" error="Get \"http://nginx/api/admissions/848b41b9710c3274920b095af69eb880dae2d27aa6a37eac3cdd2f819202338d\": request timeout"
time="2026-09-13T02:33:45Z" level=warning msg="Request Failed" error="Get \"http://nginx/api/admissions/78234b3308b3f6f2f5dba4f0fbfeec5a7c24c49c39102f4c1c49eace8a2314ac\": request timeout"
time="2026-09-13T02:33:45Z" level=warning msg="Request Failed" error="Get \"http://nginx/api/admissions/31b8e93206755ec033f3b725f2bbe574da83511fd68e82fcc1eca065c44e0e16\": request timeout"
time="2026-09-13T02:33:45Z" level=warning msg="Request Failed" error="Get \"http://nginx/api/admissions/8ddc97ecaae63714c3ead5565b747931c2cb28de39c071b95c4fc679d6f45280\": request timeout"
time="2026-09-13T02:33:45Z" level=warning msg="Request Failed" error="Get \"http://nginx/api/admissions/664bd7c69d1ca11edafb50a6bd138c2aa7e3925949eceecfaacb1e320969eb9d\": request timeout"
time="2026-09-13T02:33:45Z" level=warning msg="Request Failed" error="Get \"http://nginx/api/admissions/7a335525476397a436b6e72e0da1134aed6e332ed5fca568e169fafd2db6c8f8\": request timeout"
time="2026-09-13T02:33:45Z" level=warning msg="Request Failed" error="Get \"http://nginx/api/admissions/d67572a43baa454b7025f10409db22eb5c2630ce2144aeca7c1da77762866a0e\": request timeout"
time="2026-09-13T02:33:45Z" level=warning msg="Request Failed" error="Get \"http://nginx/api/admissions/80a4a849aa74048ae8f8db8a56a5c946e2b46ac195dc514832aff0384ab22027\": request timeout"
time="2026-09-13T02:33:45Z" level=warning msg="Request Failed" error="Get \"http://nginx/api/admissions/d4959d8a4bd87b9c9d28edee7a0d280580932f2dec3450e3dfaf369a9dafa4bd\": request timeout"
time="2026-09-13T02:33:45Z" level=warning msg="Request Failed" error="Get \"http://nginx/api/admissions/8cc0baa9019d365c8257464ffff9f6720df0e102f34a0921d01ec60410363a85\": request timeout"
time="2026-09-13T02:33:45Z" level=warning msg="Request Failed" error="Get \"http://nginx/api/admissions/533ffe299576280e478e2657a532fd97ad70d744b2f58fc67da5ad681f2f2b2b\": request timeout"
time="2026-09-13T02:33:45Z" level=warning msg="Request Failed" error="Get \"http://nginx/api/admissions/56626bbcf08fad0c78a6a41bac58ed9d947b6f2b0e01d9d5dcb1ca097cfbf3cb\": request timeout"
time="2026-09-13T02:33:45Z" level=warning msg="Request Failed" error="Get \"http://nginx/api/admissions/10ce21812fc132a07ca1ddd236f95b39a28fa77cd97b2ca3e60e625a5c2d4ef8\": request timeout"
time="2026-09-13T02:33:45Z" level=warning msg="Request Failed" error="Get \"http://nginx/api/admissions/d541e38f87d7c814c8f8e7947a4fb9c91134bd97289bd3029e171c594271ded9\": request timeout"
time="2026-09-13T02:33:45Z" level=warning msg="Request Failed" error="Get \"http://nginx/api/admissions/6d96beb2e6e069728e2dce37704836b4c9bff6f3379d7aeee35d637cd7da0023\": request timeout"
time="2026-09-13T02:33:45Z" level=warning msg="Request Failed" error="Get \"http://nginx/api/admissions/c6c4eb86ce3e009c8868d57310cf9ceb4d0f44bc82bc933a607e015d4ec8b540\": request timeout"
time="2026-09-13T02:33:45Z" level=warning msg="Request Failed" error="Get \"http://nginx/api/admissions/c77a514491de1b208484242dff4b4177d3c5ca63d284900104224495fbc6bad0\": request timeout"
time="2026-09-13T02:33:45Z" level=warning msg="Request Failed" error="Get \"http://nginx/api/admissions/820060462e416a3b3faeb1fa848516b8f240e989ce5d36eb44452384a93682b4\": request timeout"
time="2026-09-13T02:33:45Z" level=warning msg="Request Failed" error="Get \"http://nginx/api/admissions/f83a593870355f9038eead186f1f3d5a96b0808bcde14f6c46cf01cf00889f58\": request timeout"
time="2026-09-13T02:33:45Z" level=warning msg="Request Failed" error="Get \"http://nginx/api/admissions/63aa833ba952bf941c8bde6c9b14365006deed173cab2e7a3b5f7da9379ad7c7\": request timeout"
time="2026-09-13T02:33:45Z" level=warning msg="Request Failed" error="Get \"http://nginx/api/admissions/682fac9bc58dacb46b69863babc64b625fa8e7d81317c1efc750ecf3e8ea1393\": request timeout"
time="2026-09-13T02:33:45Z" level=warning msg="Request Failed" error="Get \"http://nginx/api/admissions/2605f791b55b88e83edde8bd7670e77a22f837cfb36c29804bf5ea7c3fa7bf91\": request timeout"
time="2026-09-13T02:33:45Z" level=warning msg="Request Failed" error="Get \"http://nginx/api/admissions/1ed06fb96536deb1538870fb0844f29df70e55ddc6cda4fd7774c395021fe949\": request timeout"
time="2026-09-13T02:33:45Z" level=warning msg="Request Failed" error="Get \"http://nginx/api/admissions/075daea41a3693391f912dbdaad503ad9a6d1aac703e30149ef6f812567367b8\": request timeout"
time="2026-09-13T02:33:45Z" level=warning msg="Request Failed" error="Get \"http://nginx/api/admissions/94f6d63959dc837decc75ba1aef5c071f64bbaeb978454f70cfcb379b6b8164b\": request timeout"
time="2026-09-13T02:33:45Z" level=warning msg="Request Failed" error="Get \"http://nginx/api/admissions/91bf709facb82e4f1fba03838430e17a6f259c67b97e3a66b46ae06e426b5ecf\": request timeout"
time="2026-09-13T02:33:45Z" level=warning msg="Request Failed" error="Get \"http://nginx/api/admissions/704417807393768a86ed09e8b32bf3a70fe1ab4f91aba802b66bbf6e8c8bf19a\": request timeout"
time="2026-09-13T02:33:45Z" level=warning msg="Request Failed" error="Get \"http://nginx/api/admissions/c9277d9ce736d2e9fcd53352174d2dd6c6758ed38368a62328b0997d9d0c90c8\": request timeout"
time="2026-09-13T02:33:45Z" level=warning msg="Request Failed" error="Get \"http://nginx/api/admissions/1fb30651f49b0150daf04daabb8d2d77773584770f8b922726f14e0b1c3a0a24\": request timeout"
time="2026-09-13T02:33:45Z" level=warning msg="Request Failed" error="Get \"http://nginx/api/admissions/ebbfbfe245a012a635ea30ac5ab9a1a65b8f4573aac2861ccd2776a611451acd\": request timeout"
time="2026-09-13T02:33:45Z" level=warning msg="Request Failed" error="Get \"http://nginx/api/admissions/8ae7ad156b4135dc2388d3848db9e18050ab78129c9af1fdb8bf2a18861d3294\": request timeout"
time="2026-09-13T02:33:45Z" level=warning msg="Request Failed" error="Get \"http://nginx/api/admissions/0b193af559277dd0a9b4b8e7227620ad4410ea06e16b1c712dcbdbe69fcb8ba3\": request timeout"
time="2026-09-13T02:33:45Z" level=warning msg="Request Failed" error="Get \"http://nginx/api/admissions/5dabb50e00dd8dbda5df0710072878d6af6d19f01a3d363db94d424b8f9aa78b\": request timeout"
time="2026-09-13T02:33:45Z" level=warning msg="Request Failed" error="Get \"http://nginx/api/admissions/38a07457c265765a9857b399f57116aabf081d36c8ba4d3ba8d85b64d3222c96\": request timeout"
time="2026-09-13T02:33:45Z" level=warning msg="Request Failed" error="Get \"http://nginx/api/admissions/f7c6c81b9c8c191d3addbc9294945265e640ee694f7bd60ed9e5dd19371541dd\": request timeout"
time="2026-09-13T02:33:45Z" level=warning msg="Request Failed" error="Get \"http://nginx/api/admissions/9c2b38bfb6b0ca33bc3e30cf404f05a4e59c404fd04123bec8397421a0e387d0\": request timeout"
time="2026-09-13T02:33:45Z" level=warning msg="Request Failed" error="Get \"http://nginx/api/admissions/fd28d48e02e685d66f77c8454fa7e3a26b9d5624fbb681ae96e604b1210e2f5f\": request timeout"
time="2026-09-13T02:33:45Z" level=warning msg="Request Failed" error="Get \"http://nginx/api/admissions/02d52aee2b23ac9adc699f995b899fd29a663587ce472945e77a18dbf5cb2c90\": request timeout"
time="2026-09-13T02:33:45Z" level=warning msg="Request Failed" error="Get \"http://nginx/api/admissions/73b4b0343472710940217e6dc06cc33d1113cf19bddfee2d2f65970235f78c81\": request timeout"
time="2026-09-13T02:33:45Z" level=warning msg="Request Failed" error="Get \"http://nginx/api/admissions/d13907c02b7505b0d3320702a247776175b30e8f7d792f3b58daa54a1b67b99d\": request timeout"
time="2026-09-13T02:33:45Z" level=warning msg="Request Failed" error="Get \"http://nginx/api/admissions/0a66f476b363c548315deb98ac15ba9db9127cec74f44424b926ea2d6162c1eb\": request timeout"
time="2026-09-13T02:33:45Z" level=warning msg="Request Failed" error="Get \"http://nginx/api/admissions/11d0724a68f06114e871fab641df66cb672d8b33f825a1cee21ea7dab096444f\": request timeout"
time="2026-09-13T02:33:45Z" level=warning msg="Request Failed" error="Get \"http://nginx/api/admissions/0e5c758c18a5713d15a97bbf4f1606a4ba2bb5c1a059912e88a65c13b91d556e\": request timeout"
time="2026-09-13T02:33:45Z" level=warning msg="Request Failed" error="Get \"http://nginx/api/admissions/3ee15bbc4f31a58ab2990a05e721147804e0887040130f1408682328921f9c35\": request timeout"
time="2026-09-13T02:33:45Z" level=warning msg="Request Failed" error="Get \"http://nginx/api/admissions/416d494cee940e461495b03d86442187de1841bdc46d2928c9b18bd84ba90248\": request timeout"
time="2026-09-13T02:33:45Z" level=warning msg="Request Failed" error="Get \"http://nginx/api/admissions/7e8258af65e9892b686050ceae6584561f1e4d18689f831fbfaaef22a2bc34db\": request timeout"
time="2026-09-13T02:33:45Z" level=warning msg="Request Failed" error="Get \"http://nginx/api/admissions/3bba040e850ec12f06317b5eb26aa405091b21eb4a88ffea5576f069c7f80f14\": request timeout"
time="2026-09-13T02:33:45Z" level=warning msg="Request Failed" error="Get \"http://nginx/api/admissions/779870a3f97e1208635fdacf40113a1fe1e2f504ee569791093de686b72a2d09\": request timeout"
time="2026-09-13T02:33:46Z" level=warning msg="Request Failed" error="Get \"http://nginx/api/admissions/d01748383232e6bfd886c2ed57b3f00c4992aa329f522fb4c71ad03ba5e0681a\": request timeout"
time="2026-09-13T02:33:46Z" level=warning msg="Request Failed" error="Get \"http://nginx/api/admissions/2840edfe5aab33816fc4015ad027c78ad7e1f450a29734fae351bf92008c40e8\": request timeout"
time="2026-09-13T02:33:46Z" level=warning msg="Request Failed" error="Get \"http://nginx/api/admissions/1b8f07b65749beb61ac25f87e3264ca591ef06cb76be6cfc2b888897b4c8aaa1\": request timeout"
time="2026-09-13T02:33:46Z" level=warning msg="Request Failed" error="Get \"http://nginx/api/admissions/6b6c0cbf5e0c30faa9eba8a384cdde2000698e6723db920c3a06a36c856ea708\": request timeout"
time="2026-09-13T02:33:46Z" level=warning msg="Request Failed" error="Get \"http://nginx/api/admissions/ee61d177b5e9a6e56045d2679a9d9f65e4ea3be303b0fd1ab87846aea720c8ff\": request timeout"
time="2026-09-13T02:33:46Z" level=warning msg="Request Failed" error="Get \"http://nginx/api/admissions/77b358c9f36d73952432c163b25fd03d83cc07172f82c727ae6b1978ddae382b\": request timeout"
time="2026-09-13T02:33:46Z" level=warning msg="Request Failed" error="Get \"http://nginx/api/admissions/da2d406facf287e22675b6b99422eb2b9d458564893a075d389aef4647222702\": request timeout"
time="2026-09-13T02:33:46Z" level=warning msg="Request Failed" error="Get \"http://nginx/api/admissions/f4b01e8d44e318cd82272dd8a1a3d41f97ed9347237a7b740dc6c924012d9591\": request timeout"
time="2026-09-13T02:33:46Z" level=warning msg="Request Failed" error="Get \"http://nginx/api/admissions/9d1f1f60b83551d6cc8e9840c60668c1822afac9def921318f34364b77a3bb1b\": request timeout"
time="2026-09-13T02:33:46Z" level=warning msg="Request Failed" error="Get \"http://nginx/api/admissions/f71eea886e6d443e6a23aecaba7b42f46665a455b73bcba6519a7ea4cbe0f1db\": request timeout"
time="2026-09-13T02:33:46Z" level=warning msg="Request Failed" error="Get \"http://nginx/api/admissions/3d87289622fa80013445fde29b5cbe7579b340e7b6152955d69e8c7b9afa9a96\": request timeout"
time="2026-09-13T02:33:46Z" level=warning msg="Request Failed" error="Get \"http://nginx/api/admissions/43ca89b6619ffb9d9b4961429e33fa96648a9533e780000907c53aaccf0fc728\": request timeout"
time="2026-09-13T02:33:46Z" level=warning msg="Request Failed" error="Get \"http://nginx/api/admissions/644352f239d80e19c57e7e7544372150389cf6d2bd3b6f086d1ceebceeb176c4\": request timeout"
time="2026-09-13T02:33:46Z" level=warning msg="Request Failed" error="Get \"http://nginx/api/admissions/f4e12caf6bab882f0021960e09eb988786e8c3b32b35247b1789b395a2c8bfe9\": request timeout"

running (2m23.9s), 01596/02018 VUs, 2521 complete and 0 interrupted iterations
browsers ??[ 100% ] 02018/02018 VUs  1m0s  100.00 iters/s
time="2026-09-13T02:33:46Z" level=warning msg="Request Failed" error="Get \"http://nginx/api/admissions/9c7e0e8544163a2bf4b8f1e97c583e37b06e8c92280822444b606a37ee447347\": request timeout"
time="2026-09-13T02:33:46Z" level=warning msg="Request Failed" error="Get \"http://nginx/api/admissions/1cdccab3d8f8643df7c553bff1270353030dbab1d0238f24386d44c3adc3ed14\": request timeout"
time="2026-09-13T02:33:46Z" level=warning msg="Request Failed" error="Get \"http://nginx/api/admissions/525c8c62e236485b9be3d65f8406117a842a0a4179fe8ba8be08196ba9c26cdd\": request timeout"
time="2026-09-13T02:33:46Z" level=warning msg="Request Failed" error="Get \"http://nginx/api/admissions/95e138d2d9da6cf70d998ae46c370cc66105283ebd2774bd8dad6de447fa686c\": request timeout"
time="2026-09-13T02:33:46Z" level=warning msg="Request Failed" error="Get \"http://nginx/api/admissions/4670021c1919edb26184e1dd38828997ceed27e922932f9455acb1a82be29048\": request timeout"
time="2026-09-13T02:33:46Z" level=warning msg="Request Failed" error="Get \"http://nginx/api/admissions/f5adab5aad236c5a07cc241f5a5640c8299b8dde5a9c3d961032693b97221dc9\": request timeout"
time="2026-09-13T02:33:46Z" level=warning msg="Request Failed" error="Get \"http://nginx/api/admissions/7671deec2bd23a60ae8cc03bb9e0a14b36a95da3e14a334664d801a5292e23dd\": request timeout"
time="2026-09-13T02:33:46Z" level=warning msg="Request Failed" error="Get \"http://nginx/api/admissions/54ce60a5ed73fb82eb69aad325b844c0d279d42cd24ca366edfb93be3803fadb\": request timeout"
time="2026-09-13T02:33:46Z" level=warning msg="Request Failed" error="Get \"http://nginx/api/admissions/d3a67d50b3bbbaacef05879b7bc709accbb997b2f476a16f495f05daa71f6fc5\": request timeout"
time="2026-09-13T02:33:46Z" level=warning msg="Request Failed" error="Get \"http://nginx/api/admissions/5918be2d7410c26d5449064bc02f71e450f8b792b6a193a6c48607cde9d7f4ab\": request timeout"
time="2026-09-13T02:33:46Z" level=warning msg="Request Failed" error="Get \"http://nginx/api/admissions/e0ec0d86effea89192f8e21c55d45aea40cc71ea4746841f25fc437dd9162538\": request timeout"

running (2m24.9s), 01587/02018 VUs, 2530 complete and 0 interrupted iterations
browsers ??[ 100% ] 02018/02018 VUs  1m0s  100.00 iters/s

running (2m25.9s), 01582/02018 VUs, 2535 complete and 0 interrupted iterations
browsers ??[ 100% ] 02018/02018 VUs  1m0s  100.00 iters/s
time="2026-09-13T02:33:48Z" level=warning msg="Request Failed" error="Get \"http://nginx/api/admissions/aa30cce6fad491521724ad881c4e0cfced8aeec820487b0801b702def15e0741\": request timeout"
time="2026-09-13T02:33:48Z" level=warning msg="Request Failed" error="Get \"http://nginx/api/admissions/b95cf64e353fd6a08c418866f29903e702234e43b0537678094ad59092393b63\": request timeout"
time="2026-09-13T02:33:48Z" level=warning msg="Request Failed" error="Get \"http://nginx/api/admissions/8dbbbc5e1318bde4121baf2f2d8313d4232eae935f648f0c04d5086b6468bd93\": request timeout"
time="2026-09-13T02:33:48Z" level=warning msg="Request Failed" error="Get \"http://nginx/api/admissions/5e43674594abebcfa35e2d07087a7027eb80b86823db21316edacf32677e203a\": request timeout"
time="2026-09-13T02:33:48Z" level=warning msg="Request Failed" error="Get \"http://nginx/api/admissions/cea3726a5ac800cff5251847bf5d9347ee7bb5cc8056e3f2f03ac8cfdfc7e8c8\": request timeout"
time="2026-09-13T02:33:48Z" level=warning msg="Request Failed" error="Get \"http://nginx/api/admissions/e82ccb81efd517b604d34dbe89413ecfd0708dd8a6776c0e69f30183064cd266\": request timeout"
time="2026-09-13T02:33:48Z" level=warning msg="Request Failed" error="Get \"http://nginx/api/admissions/d1a57ea533f8f92019ccd69e01dba6762cccc4a800175fb41b76c3b6957fb554\": request timeout"
time="2026-09-13T02:33:48Z" level=warning msg="Request Failed" error="Get \"http://nginx/api/admissions/e5c4df39c57b18efc1aa320f7089253a1192c5945f5a6013f64bdd40e5a259cd\": request timeout"
time="2026-09-13T02:33:48Z" level=warning msg="Request Failed" error="Get \"http://nginx/api/admissions/62b6df06d20d1a44e08dab6a1ccc48c77caf32f340a6132ed12e406a872e5651\": request timeout"
time="2026-09-13T02:33:48Z" level=warning msg="Request Failed" error="Get \"http://nginx/api/admissions/01c268cd2fbb7190fabfd705e5e1867f1c06dac3228b97cfb27502f9f546410a\": request timeout"
time="2026-09-13T02:33:48Z" level=warning msg="Request Failed" error="Get \"http://nginx/api/admissions/37f4200d9d673055c7782d91db50b4e642d579f6705e48cc5218cabb73bea959\": request timeout"
time="2026-09-13T02:33:48Z" level=warning msg="Request Failed" error="Get \"http://nginx/api/admissions/6e3e36ac9ae6f3788717968e33aa76ba6dfd6a1cbff1dbd7da828e6c5cb56fea\": request timeout"
time="2026-09-13T02:33:48Z" level=warning msg="Request Failed" error="Get \"http://nginx/api/admissions/f3924a974f4db04b55777faeb9adab88a18fd28666d780c1785026f35d648e69\": request timeout"
time="2026-09-13T02:33:48Z" level=warning msg="Request Failed" error="Get \"http://nginx/api/admissions/85b82f7a4aac0da0fc0a4b13fe09b580e4f1e33fed55ba5477d77c2394e63325\": request timeout"
time="2026-09-13T02:33:48Z" level=warning msg="Request Failed" error="Get \"http://nginx/api/admissions/f29cd0e421f975461053ac6b6bfac66255097f2c467c75b81bbdd1444bf74a43\": request timeout"
time="2026-09-13T02:33:49Z" level=warning msg="Request Failed" error="Get \"http://nginx/api/admissions/5721528771b4e78bcc40cc1c2009bdd6ba919b5dbfa03ae184f66902c6f43454\": request timeout"
time="2026-09-13T02:33:49Z" level=warning msg="Request Failed" error="Get \"http://nginx/api/admissions/af1f8b6560d626c7fc68c9557c6e28391417711238c6aa2156529c4cab6b6cd1\": request timeout"
time="2026-09-13T02:33:49Z" level=warning msg="Request Failed" error="Get \"http://nginx/api/admissions/9455768f52512c93c27d84dade7f13e97e325943354984386506db4f59eee287\": request timeout"
time="2026-09-13T02:33:49Z" level=warning msg="Request Failed" error="Get \"http://nginx/api/admissions/88b9c2c41a5858edf0fb063ac08d19bd0123bdbda29451866fe158a3bea463f7\": request timeout"
time="2026-09-13T02:33:49Z" level=warning msg="Request Failed" error="Get \"http://nginx/api/admissions/87f4bbdc4ada4985233b2bdb96cae72f0fb680eb69ce1afca0e8ce75f1a31e8d\": request timeout"
time="2026-09-13T02:33:49Z" level=warning msg="Request Failed" error="Get \"http://nginx/api/admissions/3ca0aeaa3a0f6edc6e79cc8182b41500cdb6f3ce9323446128ad3dce35712c39\": request timeout"
time="2026-09-13T02:33:49Z" level=warning msg="Request Failed" error="Get \"http://nginx/api/admissions/981815d29ac39f96d610b80c2b0057aaf1320eb81566480d1f6c8f8a5079ba42\": request timeout"
time="2026-09-13T02:33:49Z" level=warning msg="Request Failed" error="Get \"http://nginx/api/admissions/d88b34295c203b2948d0ba5504415d7a762e1dc7a85129232804899253176456\": request timeout"
time="2026-09-13T02:33:49Z" level=warning msg="Request Failed" error="Get \"http://nginx/api/admissions/c32ea921773b36144f898e02ce14aea3ce20f69d1c725ee348661bde0fa2dbef\": request timeout"

running (2m26.9s), 01572/02018 VUs, 2545 complete and 0 interrupted iterations
browsers ??[ 100% ] 02018/02018 VUs  1m0s  100.00 iters/s
time="2026-09-13T02:33:49Z" level=warning msg="Request Failed" error="Get \"http://nginx/api/admissions/62edfe1c4acbd35b16153f96500c3dee1c3834135c62fcfe02fa31782d0fbf8b\": request timeout"

running (2m27.9s), 01568/02018 VUs, 2549 complete and 0 interrupted iterations
browsers ??[ 100% ] 02018/02018 VUs  1m0s  100.00 iters/s

running (2m28.9s), 01568/02018 VUs, 2549 complete and 0 interrupted iterations
browsers ??[ 100% ] 02018/02018 VUs  1m0s  100.00 iters/s

running (2m29.9s), 01568/02018 VUs, 2549 complete and 0 interrupted iterations
browsers ??[ 100% ] 02018/02018 VUs  1m0s  100.00 iters/s

running (2m30.9s), 01567/02018 VUs, 2550 complete and 0 interrupted iterations
browsers ??[ 100% ] 02018/02018 VUs  1m0s  100.00 iters/s

running (2m31.9s), 01562/02018 VUs, 2555 complete and 0 interrupted iterations
browsers ??[ 100% ] 02018/02018 VUs  1m0s  100.00 iters/s

running (2m32.9s), 01554/02018 VUs, 2563 complete and 0 interrupted iterations
browsers ??[ 100% ] 02018/02018 VUs  1m0s  100.00 iters/s

running (2m33.9s), 01546/02018 VUs, 2571 complete and 0 interrupted iterations
browsers ??[ 100% ] 02018/02018 VUs  1m0s  100.00 iters/s
time="2026-09-13T02:33:56Z" level=warning msg="Request Failed" error="Get \"http://nginx/api/admissions/36cc406685b4a50e15ffe28b4cf8b9e8fe3b375a006693d10940668bb7337a79\": request timeout"
time="2026-09-13T02:33:56Z" level=warning msg="Request Failed" error="Get \"http://nginx/api/admissions/7e8e4ea4c4e22a264952cbdacee99ac17d81af25fa1001962ea179037d2e7524\": request timeout"
time="2026-09-13T02:33:56Z" level=warning msg="Request Failed" error="Get \"http://nginx/api/admissions/e4422486a2c9fee02fe64a240ae3043b9f443151f7cbb8b72559b27e30c7b629\": request timeout"
time="2026-09-13T02:33:56Z" level=warning msg="Request Failed" error="Get \"http://nginx/api/admissions/18582494e21c750834a2d1cf186635fd02fe7d4a9ca5930011b04e28a37b909f\": request timeout"
time="2026-09-13T02:33:56Z" level=warning msg="Request Failed" error="Get \"http://nginx/api/admissions/c9dc06fb9888ea5d46207269116170fdcd5f68e191b6007be5dc4cf3db270111\": request timeout"
time="2026-09-13T02:33:56Z" level=warning msg="Request Failed" error="Get \"http://nginx/api/admissions/600509cfc112d6ec9fc29fdf1b549457154baba9e50b1b4e381262fe24e5cafe\": request timeout"
time="2026-09-13T02:33:56Z" level=warning msg="Request Failed" error="Get \"http://nginx/api/admissions/2bcc6bc8541222654c33f4fa7b405d5e42f21df6e37dfce0444d3949a0bedfed\": request timeout"
time="2026-09-13T02:33:56Z" level=warning msg="Request Failed" error="Get \"http://nginx/api/admissions/5351330b33d553144caa4bad7bc34cd7cb41dab8a672e1897238de2fae1cfc30\": request timeout"
time="2026-09-13T02:33:56Z" level=warning msg="Request Failed" error="Get \"http://nginx/api/admissions/81171eac0267fdb1251d8d8fed9102db870f97b18b525e1b6dcb08b27e8ae7ff\": request timeout"
time="2026-09-13T02:33:56Z" level=warning msg="Request Failed" error="Get \"http://nginx/api/admissions/233e81d24bd0134fa22241aaaaa45529bf3a0f7c87040fcab39bb71076b49323\": request timeout"
time="2026-09-13T02:33:56Z" level=warning msg="Request Failed" error="Get \"http://nginx/api/admissions/ef78140e09f574bec921fdab33afac3241132e0fa4ef95f221326b8ffd617e99\": request timeout"
time="2026-09-13T02:33:56Z" level=warning msg="Request Failed" error="Get \"http://nginx/api/admissions/61a855d959868b6384b1a89014a0cea77ba95abc86cdbd516b70fce3f7b2d013\": request timeout"
time="2026-09-13T02:33:56Z" level=warning msg="Request Failed" error="Get \"http://nginx/api/admissions/81bec139e563b2025ea0e11ace85d48513415fcbdac76a28f03571ed7d3bd5d0\": request timeout"
time="2026-09-13T02:33:57Z" level=warning msg="Request Failed" error="Get \"http://nginx/api/admissions/caca5ca9457c3f792023ff26f1af0b4e1a4f04cb8b1e2defea0e8517d9fb1502\": request timeout"
time="2026-09-13T02:33:57Z" level=warning msg="Request Failed" error="Get \"http://nginx/api/admissions/e751d5933b6f4ab0519ea3f42eba329b0c1c51816cd4ec23cfbe95fa13870331\": request timeout"
time="2026-09-13T02:33:57Z" level=warning msg="Request Failed" error="Get \"http://nginx/api/admissions/8f4f1e4cf1c4e505063f7e3df5155cd3c48f55340e8dcd9014e212e246285bec\": request timeout"
time="2026-09-13T02:33:57Z" level=warning msg="Request Failed" error="Get \"http://nginx/api/admissions/b0f2334a94a52cc781e4dece187aaa84a5ef9d97b39add7c5976cd179d72a8af\": request timeout"
time="2026-09-13T02:33:57Z" level=warning msg="Request Failed" error="Get \"http://nginx/api/admissions/1e26fd3de6ab9a61805cfa47834490735ff32a34506217ecabf8ca19f6cd439a\": request timeout"
time="2026-09-13T02:33:57Z" level=warning msg="Request Failed" error="Get \"http://nginx/api/admissions/871c6cfaa31a5d95d9ec6f9201bdf80f1880928a66a133451172a2fa49cf46cc\": request timeout"
time="2026-09-13T02:33:57Z" level=warning msg="Request Failed" error="Get \"http://nginx/api/admissions/c0051981550f69f0bd4734e9465efaad600803c43cc41f9dad0d568bf60ec0b8\": request timeout"
time="2026-09-13T02:33:57Z" level=warning msg="Request Failed" error="Get \"http://nginx/api/admissions/83545068f2228b8a5fc3556fed461f86991d9a52a57a7a3d6582aa0dc74b2be0\": request timeout"
time="2026-09-13T02:33:57Z" level=warning msg="Request Failed" error="Get \"http://nginx/api/admissions/7a12867613025a85cbb31b906f10a47dca17b9fe48e5dbcfa147d0cc2d45cbd0\": request timeout"
time="2026-09-13T02:33:57Z" level=warning msg="Request Failed" error="Get \"http://nginx/api/admissions/6fd30b6a35bb2d2439d846b0567dc39375cefd83c6eb4215092f26b166e1c686\": request timeout"
time="2026-09-13T02:33:57Z" level=warning msg="Request Failed" error="Get \"http://nginx/api/admissions/c9dc1a89300858a78f357e06893aec5bdf60c3980e9888b9fb508b2bcc6fcbda\": request timeout"
time="2026-09-13T02:33:57Z" level=warning msg="Request Failed" error="Get \"http://nginx/api/admissions/cacb6f2189deb0bb9600d3d7aa36fd60cdfa6dce3d877db155079b5322881a07\": request timeout"
time="2026-09-13T02:33:57Z" level=warning msg="Request Failed" error="Get \"http://nginx/api/admissions/75cfe45a521b57d9d2d811c17313b47cb476adbb473197faf74a9aede437cf63\": request timeout"
time="2026-09-13T02:33:57Z" level=warning msg="Request Failed" error="Get \"http://nginx/api/admissions/214089dfc3e29aa753264a96512659ac997757860fa6b53076aea55dfba564e8\": request timeout"

running (2m34.9s), 01537/02018 VUs, 2580 complete and 0 interrupted iterations
browsers ??[ 100% ] 02018/02018 VUs  1m0s  100.00 iters/s
time="2026-09-13T02:33:57Z" level=warning msg="Request Failed" error="Get \"http://nginx/api/admissions/528dd059dd4776e5ae74dc1cf88565de6856929c774f360f947d8aa633ac91c9\": request timeout"
time="2026-09-13T02:33:57Z" level=warning msg="Request Failed" error="Get \"http://nginx/api/admissions/ba1b7ce9d414eb2ae1db81fe6a0bb8f00c4581b98fdeb09c034415d178bd7824\": request timeout"
time="2026-09-13T02:33:57Z" level=warning msg="Request Failed" error="Get \"http://nginx/api/admissions/76526663cbd156c43d979c93a137a9301a3efd077e0ced67dce92bc54a0a8716\": request timeout"
time="2026-09-13T02:33:57Z" level=warning msg="Request Failed" error="Get \"http://nginx/api/admissions/a99241b6fb09c98cc426921da8e6654834b9c2ff024ed017d49de7e69e9370b7\": request timeout"
time="2026-09-13T02:33:57Z" level=warning msg="Request Failed" error="Get \"http://nginx/api/admissions/e7e690ffad0d616db6d7ee48a0c77ebc91c8ef883edea13db56662131e3813e2\": request timeout"
time="2026-09-13T02:33:57Z" level=warning msg="Request Failed" error="Get \"http://nginx/api/admissions/e17a2abcc5af9e1bf3fb3cd6ebc4728abdead74b213dd81c92ed6c75c32b7774\": request timeout"
time="2026-09-13T02:33:57Z" level=warning msg="Request Failed" error="Get \"http://nginx/api/admissions/99de155b07dada92f67f019b712323942256e5999ad3513c703ba81afe4dfe66\": request timeout"
time="2026-09-13T02:33:57Z" level=warning msg="Request Failed" error="Get \"http://nginx/api/admissions/e2d9e01b933c1614ed64c69a17139a5b37517d414b8eaea5c8a360ec82ba6e20\": request timeout"
time="2026-09-13T02:33:57Z" level=warning msg="Request Failed" error="Get \"http://nginx/api/admissions/83aa33ea998e34475569d6b510a549662d31172322f1a33faf938c3e721db849\": request timeout"
time="2026-09-13T02:33:57Z" level=warning msg="Request Failed" error="Get \"http://nginx/api/admissions/3bdf56469dd76762a1f4f838081e54e2643103623eb5f29432153d2e48d8389d\": request timeout"
time="2026-09-13T02:33:57Z" level=warning msg="Request Failed" error="Get \"http://nginx/api/admissions/efb72e6b54e499faf948a5aaea7506f8a73c7db21126841f75443a7d9b2ea23f\": request timeout"
time="2026-09-13T02:33:57Z" level=warning msg="Request Failed" error="Get \"http://nginx/api/admissions/d19b7901568e74c6623f311762fb16333264f5e469118cdb935452b2d30e6915\": request timeout"
time="2026-09-13T02:33:57Z" level=warning msg="Request Failed" error="Get \"http://nginx/api/admissions/5a662321579672d02ad73f958094b255bf4ca2fd02297e378ed93388f102ce60\": request timeout"
time="2026-09-13T02:33:57Z" level=warning msg="Request Failed" error="Get \"http://nginx/api/admissions/76f120c71bc4ae401a9fcf0f94e07b303e59d12f947ff49334495bce4e1a79d6\": request timeout"
time="2026-09-13T02:33:57Z" level=warning msg="Request Failed" error="Get \"http://nginx/api/admissions/66934ddb0d87b9fdfb8bb575a69fa34d53e923bb29d1c5249f8216dcaaf107d6\": request timeout"
time="2026-09-13T02:33:57Z" level=warning msg="Request Failed" error="Get \"http://nginx/api/admissions/218453443a393cd8e9446f04654301a0c2eafbcafaac58739a943de44334ca06\": request timeout"
time="2026-09-13T02:33:57Z" level=warning msg="Request Failed" error="Get \"http://nginx/api/admissions/4498fe67d8edf9a85c80b045c66dd75dcfd5cb87efc8f1e626febcc2c2f48e08\": request timeout"
time="2026-09-13T02:33:57Z" level=warning msg="Request Failed" error="Get \"http://nginx/api/admissions/00b6019e76ee5a6bd7bd5c3303062735788a784ad1b70a41fb3b9a48e39132c7\": request timeout"
time="2026-09-13T02:33:57Z" level=warning msg="Request Failed" error="Get \"http://nginx/api/admissions/413506738a0ef22b5ca49d435b525b2143cfc5100060ec60fcb08baeb162fe60\": request timeout"
time="2026-09-13T02:33:57Z" level=warning msg="Request Failed" error="Get \"http://nginx/api/admissions/c249ea9638a6660b5bb16f24b5131af611a001fc85c80f0f65dca760957b966d\": request timeout"
time="2026-09-13T02:33:57Z" level=warning msg="Request Failed" error="Get \"http://nginx/api/admissions/574d97d2a5b83df6f6d949a3788b2a5f13cb1d4dea90d3aa26c0acde18b0402c\": request timeout"
time="2026-09-13T02:33:57Z" level=warning msg="Request Failed" error="Get \"http://nginx/api/admissions/34adf6f94e0f2eadb7731e70500fdd11e379fd6d32c6ac1e09922b941997cc01\": request timeout"
time="2026-09-13T02:33:57Z" level=warning msg="Request Failed" error="Get \"http://nginx/api/admissions/36eb7982e09bed25c101fee614294913f7573284f0ad851ca631c081ae2e83ff\": request timeout"
time="2026-09-13T02:33:57Z" level=warning msg="Request Failed" error="Get \"http://nginx/api/admissions/0e34a6387503566956db21d8fcfc783bf89126ad6d135547926d2451eb655b34\": request timeout"
time="2026-09-13T02:33:57Z" level=warning msg="Request Failed" error="Get \"http://nginx/api/admissions/e251392dcc837b656d0b635b6db51f4335784331cea7ad321cc7e8cf7692026e\": request timeout"
time="2026-09-13T02:33:57Z" level=warning msg="Request Failed" error="Get \"http://nginx/api/admissions/4f01519a9cc1344cf364ff8a4d98eeaafce45e6de9e62329abc2f02664d9a057\": request timeout"
time="2026-09-13T02:33:57Z" level=warning msg="Request Failed" error="Get \"http://nginx/api/admissions/ae1088dacc0e25624d0f1c70280025e068cd7b894926d328c2f187e70e167168\": request timeout"
time="2026-09-13T02:33:57Z" level=warning msg="Request Failed" error="Get \"http://nginx/api/admissions/7563322ecfeb82da7d2fa06ffc763d8d23fb4fc084de708c9f56d08e7fc39edd\": request timeout"
time="2026-09-13T02:33:57Z" level=warning msg="Request Failed" error="Get \"http://nginx/api/admissions/162cb6dc4ff9a60048830b5634c6d865c0584663e5b696f37f9ae753d6af4b5b\": request timeout"
time="2026-09-13T02:33:57Z" level=warning msg="Request Failed" error="Get \"http://nginx/api/admissions/86d0e143eb8970386cfef48086018ab4a110d7dda213e4b1ba2b86d0cba3c594\": request timeout"
time="2026-09-13T02:33:57Z" level=warning msg="Request Failed" error="Get \"http://nginx/api/admissions/800b22f750afad53f90ef60964b504cd74da708252159b5efe98ca425f0abad5\": request timeout"
time="2026-09-13T02:33:57Z" level=warning msg="Request Failed" error="Get \"http://nginx/api/admissions/5160b86a9c01386384811a2158d4cbae0407f70dfd69e2a941c2d08aa904aad1\": request timeout"
time="2026-09-13T02:33:57Z" level=warning msg="Request Failed" error="Get \"http://nginx/api/admissions/cca9e268c684a4f3abc9e5cae95653b2994636be1cc74e0726ff8d08d24d91b6\": request timeout"
time="2026-09-13T02:33:57Z" level=warning msg="Request Failed" error="Get \"http://nginx/api/admissions/cd0983eb626ccdb6b2bb2a4a27b7e0b5cf645dc35b371231654393fe13bc837d\": request timeout"
time="2026-09-13T02:33:57Z" level=warning msg="Request Failed" error="Get \"http://nginx/api/admissions/5a2ec25c73ce51476283f7a8af26e5167bc2bba117a5e2a18766eea3fd5900be\": request timeout"
time="2026-09-13T02:33:57Z" level=warning msg="Request Failed" error="Get \"http://nginx/api/admissions/c2c26847276b7be2b9a9565e0d8fa1674d6804f392a5af81a96f48acfeb0ede4\": request timeout"
time="2026-09-13T02:33:57Z" level=warning msg="Request Failed" error="Get \"http://nginx/api/admissions/2e08dddd116ce52c67499f36d0075adc2532c99f004c86a9868daeda01091206\": request timeout"
time="2026-09-13T02:33:58Z" level=warning msg="Request Failed" error="Get \"http://nginx/api/admissions/215df9b9e57c099c59f0a54c9eb9de64e7d8a7f97625e1a3e50bbebb4aac56a3\": request timeout"
time="2026-09-13T02:33:58Z" level=warning msg="Request Failed" error="Get \"http://nginx/api/admissions/dc9fb3269a4f98cece54be6df150b969be795e7d7f5face0d7c1d59cf29e20ea\": request timeout"
time="2026-09-13T02:33:58Z" level=warning msg="Request Failed" error="Get \"http://nginx/api/admissions/ef8a9967952f4da8d47d3f928b362816fd07e957156443851f2ccc966d71ef39\": request timeout"
time="2026-09-13T02:33:58Z" level=warning msg="Request Failed" error="Get \"http://nginx/api/admissions/a26c1e5fbad50af58019386d8b5c48fe4bf8968bf12d427aa0b6b56d2f75f33c\": request timeout"
time="2026-09-13T02:33:58Z" level=warning msg="Request Failed" error="Get \"http://nginx/api/admissions/f4eea0f207ff89655e2ed5dfbc775f3ba6173ee84328771461673da019ffdda5\": request timeout"
time="2026-09-13T02:33:58Z" level=warning msg="Request Failed" error="Get \"http://nginx/api/admissions/f89d4640fbbc5c52987620ff4cc2d130b0013c855a9b7ee340ea231aa2951216\": request timeout"
time="2026-09-13T02:33:58Z" level=warning msg="Request Failed" error="Get \"http://nginx/api/admissions/3eb2d899878c9a07793a6194dd4cebbc3f8d44003a144a0e5995d72440ef1852\": request timeout"
time="2026-09-13T02:33:58Z" level=warning msg="Request Failed" error="Get \"http://nginx/api/admissions/6199b4bead1c21860f0514f7adb34362ed42c74eaa107b80d2fbd62f341ae2b6\": request timeout"
time="2026-09-13T02:33:58Z" level=warning msg="Request Failed" error="Get \"http://nginx/api/admissions/e5b1d3d2b502e5dc54c2c9cb3de99aa4591d5bf0ba6c47014b2e3b55476b4531\": request timeout"
time="2026-09-13T02:33:58Z" level=warning msg="Request Failed" error="Get \"http://nginx/api/admissions/d8f109f67139a31b993e2dac125136f25772531cdf3db374e47a11e07d594bff\": request timeout"
time="2026-09-13T02:33:58Z" level=warning msg="Request Failed" error="Get \"http://nginx/api/admissions/16e582ead268d7b6d4984eaa9be6c3dab0715a510a990377b18e0849b8894ebf\": request timeout"
time="2026-09-13T02:33:58Z" level=warning msg="Request Failed" error="Get \"http://nginx/api/admissions/70f154d58808855da5aa44d0f5f33c43df58bcaa39f272dc13a112fb2153cab9\": request timeout"
time="2026-09-13T02:33:58Z" level=warning msg="Request Failed" error="Get \"http://nginx/api/admissions/0c61203d900ac2b9d7e4505345b2f1201c123726f3264c2688d06faabaf63710\": request timeout"
time="2026-09-13T02:33:58Z" level=warning msg="Request Failed" error="Get \"http://nginx/api/admissions/7bffe1fac09a8ef9d686f7e18a04df09a94ded489ea7142955cf108eed7ad2ae\": request timeout"
time="2026-09-13T02:33:58Z" level=warning msg="Request Failed" error="Get \"http://nginx/api/admissions/b34d36a5913118f76a3aa40cc83305fdbf716a25176d94228e5ed056d6b9f5fe\": request timeout"
time="2026-09-13T02:33:58Z" level=warning msg="Request Failed" error="Get \"http://nginx/api/admissions/637ee363c5629ced1185c8daf082701a61c6823880e36ad9ad3d399837fe88e9\": request timeout"
time="2026-09-13T02:33:58Z" level=warning msg="Request Failed" error="Get \"http://nginx/api/admissions/1b3f9770412eced894f19b327648dc451f9ca39c565e8d09860065beceb98928\": request timeout"
time="2026-09-13T02:33:58Z" level=warning msg="Request Failed" error="Get \"http://nginx/api/admissions/d80b16f69bb9f8b6b5c9ce41afe9701787c301376b6d3634ea97fad58a9be7fd\": request timeout"
time="2026-09-13T02:33:58Z" level=warning msg="Request Failed" error="Get \"http://nginx/api/admissions/1db7ea59e5f0b9579195782615911f3ad3459640a44798a3c29be3882f5a5385\": request timeout"
time="2026-09-13T02:33:58Z" level=warning msg="Request Failed" error="Get \"http://nginx/api/admissions/dd5eb830f30160601db781b2d9952cac3bf35a318cfb9648048d7ed0030ced35\": request timeout"
time="2026-09-13T02:33:58Z" level=warning msg="Request Failed" error="Get \"http://nginx/api/admissions/9f9c48cbf951e4fc027b69d5e7a1d6fe0ffdd90347ea2236c015adbaa2e2aeef\": request timeout"
time="2026-09-13T02:33:58Z" level=warning msg="Request Failed" error="Get \"http://nginx/api/admissions/c97dbd1b62d8aba0e7b831d007b89f0b073533fde8aed5090bcdea2e81449557\": request timeout"
time="2026-09-13T02:33:58Z" level=warning msg="Request Failed" error="Get \"http://nginx/api/admissions/c41bf6e20661608713015e0385b069db177f5503df256edf5df95e611b675a5b\": request timeout"
time="2026-09-13T02:33:58Z" level=warning msg="Request Failed" error="Get \"http://nginx/api/admissions/1adb88573513a358f5ed5474bf87325025bf9aaa6304e6800f5fa8200ce60e23\": request timeout"
time="2026-09-13T02:33:58Z" level=warning msg="Request Failed" error="Get \"http://nginx/api/admissions/d8c2b265b3b9211680cadea1d78c98c400c0441a4f75bb5c2e6a4e8467512930\": request timeout"

running (2m35.9s), 01532/02018 VUs, 2585 complete and 0 interrupted iterations
browsers ??[ 100% ] 02018/02018 VUs  1m0s  100.00 iters/s
time="2026-09-13T02:33:58Z" level=warning msg="Request Failed" error="Get \"http://nginx/api/admissions/ea7304c1fbcff2ab678de32355abe92b7ea0d9c2825ad75345959879261d5f0b\": request timeout"
time="2026-09-13T02:33:58Z" level=warning msg="Request Failed" error="Get \"http://nginx/api/admissions/c3565d0a3cbc85d4e83e5b81f40e78db6312322f5c057a19cc696286b69f4e6f\": request timeout"
time="2026-09-13T02:33:58Z" level=warning msg="Request Failed" error="Get \"http://nginx/api/admissions/2df7214c6707484d2cdf594e627b3b991a171ef34395cd686313659a7b185be1\": request timeout"
time="2026-09-13T02:33:58Z" level=warning msg="Request Failed" error="Get \"http://nginx/api/admissions/40f65161885183171ff09917f4890bbe5ff2975a75eb9b2f1f36f39a308d3459\": request timeout"
time="2026-09-13T02:33:58Z" level=warning msg="Request Failed" error="Get \"http://nginx/api/admissions/73a02e5b00567c9ad1950c84ca586227a8f4c2ead97a990efa385bd44717c71c\": request timeout"
time="2026-09-13T02:33:58Z" level=warning msg="Request Failed" error="Get \"http://nginx/api/admissions/154a2c976418bf73d1f96fbecfd614d2ca6a0ce2e46f9b0c67695cf79be381b9\": request timeout"
time="2026-09-13T02:33:58Z" level=warning msg="Request Failed" error="Get \"http://nginx/api/admissions/841f32639aa1f9419742ecfdca54b796736de8fc82f3a9d0a68ecc10f0072d2b\": request timeout"
time="2026-09-13T02:33:58Z" level=warning msg="Request Failed" error="Get \"http://nginx/api/admissions/a3bd9912dc6e09b6472c7fab1e8503be62126c4a4740799d490ed2378c6fbe83\": request timeout"
time="2026-09-13T02:33:58Z" level=warning msg="Request Failed" error="Get \"http://nginx/api/admissions/ba30b2658d67ff698ef55bbf98f448c77598b945814e24f99e59fe250708351e\": request timeout"
time="2026-09-13T02:33:58Z" level=warning msg="Request Failed" error="Get \"http://nginx/api/admissions/e20b7d971f1610a310e0a415b4bac1e7b7e8db407e81768822c37054969795aa\": request timeout"
time="2026-09-13T02:33:58Z" level=warning msg="Request Failed" error="Get \"http://nginx/api/admissions/20791ec4f580b51da415886768ef74034c4de4bc66cca473ceb8f41d45cdb6dd\": request timeout"
time="2026-09-13T02:33:58Z" level=warning msg="Request Failed" error="Get \"http://nginx/api/admissions/aa521c454184df789bee5e28e3e9067cb3f71884dbffd62d4801cc761f50a5a2\": request timeout"
time="2026-09-13T02:33:58Z" level=warning msg="Request Failed" error="Get \"http://nginx/api/admissions/dae242ba0617634587f77f4723c172eab2897167358608a98e25b75c10c98698\": request timeout"
time="2026-09-13T02:33:58Z" level=warning msg="Request Failed" error="Get \"http://nginx/api/admissions/7402bf0fb0e8b41393cf0341757224adbac22d247d7ecd4844179d1b23ebc87f\": request timeout"
time="2026-09-13T02:33:58Z" level=warning msg="Request Failed" error="Get \"http://nginx/api/admissions/1fb1a5da42ceabd9f860c8fbcc2f0b3cf1433f3da8039892b96f160c6e8e026d\": request timeout"
time="2026-09-13T02:33:58Z" level=warning msg="Request Failed" error="Get \"http://nginx/api/admissions/91aa2f31dacb2109f881f7b03a774180c378171b83f08fa7c243ad8735bd7af0\": request timeout"
time="2026-09-13T02:33:58Z" level=warning msg="Request Failed" error="Get \"http://nginx/api/admissions/619c2c687d583d2f63d7d7eb33cdf69bc41b88fe6766d301ff3484f2dccab90a\": request timeout"
time="2026-09-13T02:33:58Z" level=warning msg="Request Failed" error="Get \"http://nginx/api/admissions/07be8324496722a61e1d881714efae742172150e4a1c2018f06d5bfafa12c54b\": request timeout"
time="2026-09-13T02:33:58Z" level=warning msg="Request Failed" error="Get \"http://nginx/api/admissions/8dbbc656cecd7fe7276edea7eb7546b3b8ffdf789e436f4d5e93daeb129aa364\": request timeout"
time="2026-09-13T02:33:58Z" level=warning msg="Request Failed" error="Get \"http://nginx/api/admissions/4e790dea1d5056a668db0e2ffebed3844c865b308dc9b457ff47dd6bc63bac06\": request timeout"
time="2026-09-13T02:33:58Z" level=warning msg="Request Failed" error="Get \"http://nginx/api/admissions/dbfb11202deed12c2ff4cb06f948495484706523db22ac58899c8873bcb4641e\": request timeout"
time="2026-09-13T02:33:58Z" level=warning msg="Request Failed" error="Get \"http://nginx/api/admissions/2a5c1b8f3ef907c2f97aa7dfe515e7277a58e9d05ee624c55faf0e8fbcf03aca\": request timeout"
time="2026-09-13T02:33:58Z" level=warning msg="Request Failed" error="Get \"http://nginx/api/admissions/12c649440ee507f26518c600b42d8a9788fc6000f03fc48a09ad701091143019\": request timeout"
time="2026-09-13T02:33:58Z" level=warning msg="Request Failed" error="Get \"http://nginx/api/admissions/f2df2330893338b6ceb047e47984a0eb6a117eaa4b3f095d8eb92c7e79602998\": request timeout"
time="2026-09-13T02:33:58Z" level=warning msg="Request Failed" error="Get \"http://nginx/api/admissions/96298e8257ba6a88a068e90e774bfb51a5d29ee1d245256ad0d3ad62d932e693\": request timeout"
time="2026-09-13T02:33:58Z" level=warning msg="Request Failed" error="Get \"http://nginx/api/admissions/4c85e2e77ba78cff9806b82fe5931092e6c98254e9c1f3ef57566f9cbd7f40c7\": request timeout"
time="2026-09-13T02:33:58Z" level=warning msg="Request Failed" error="Get \"http://nginx/api/admissions/dee1d4cae66c8460076cd76ad92c1091ac11c875089ee2ad603476982c1c53c0\": request timeout"
time="2026-09-13T02:33:58Z" level=warning msg="Request Failed" error="Get \"http://nginx/api/admissions/14cb33dd191dc5e9ddcd74399589308c269f11a118c7a26691f98769a47d7503\": request timeout"
time="2026-09-13T02:33:58Z" level=warning msg="Request Failed" error="Get \"http://nginx/api/admissions/1edace211fa86c5e2f9583c237e58c43985a6f9843fec6d87b0fc9895b0c24ea\": request timeout"
time="2026-09-13T02:33:58Z" level=warning msg="Request Failed" error="Get \"http://nginx/api/admissions/ac80ac868b2ceb647773aecfe5d9a338f1a4dff51a127e0570ac65b759f7abb1\": request timeout"
time="2026-09-13T02:33:58Z" level=warning msg="Request Failed" error="Get \"http://nginx/api/admissions/4a59c6275020a672cc1fd89c903aa66fb017c51d7719f35e91d0837fc31b274e\": request timeout"
time="2026-09-13T02:33:58Z" level=warning msg="Request Failed" error="Get \"http://nginx/api/admissions/fc5b139fedef9d51b64875d9f7f8408b4ac74b650b6c274f53c868656bf61a55\": request timeout"
time="2026-09-13T02:33:58Z" level=warning msg="Request Failed" error="Get \"http://nginx/api/admissions/56d1971b15534a1974a6f48532bbc1f998cd7032754482c537cdac4d37721353\": request timeout"
time="2026-09-13T02:33:58Z" level=warning msg="Request Failed" error="Get \"http://nginx/api/admissions/360473bde313ebc2a2175f5c9a4241d612d7f263cb0f67d38a061d815a16742a\": request timeout"
time="2026-09-13T02:33:58Z" level=warning msg="Request Failed" error="Get \"http://nginx/api/admissions/8474455660c01e668baee80861c9d171e564d3a7d83167eec980d43574cb1310\": request timeout"
time="2026-09-13T02:33:58Z" level=warning msg="Request Failed" error="Get \"http://nginx/api/admissions/8bb28b66008b477533635b5bcad47c3b79193aa29cb9f4245d189a0b8a0fb19b\": request timeout"
time="2026-09-13T02:33:58Z" level=warning msg="Request Failed" error="Get \"http://nginx/api/admissions/e0da74f38d9213a722b99ca8d7728bb4f401929b2b75949f4757b0b62f4a171a\": request timeout"
time="2026-09-13T02:33:58Z" level=warning msg="Request Failed" error="Get \"http://nginx/api/admissions/009350e047c2bc553b57c44c203528a2b5ed526c29faf82df23c0eab90701fd9\": request timeout"
time="2026-09-13T02:33:58Z" level=warning msg="Request Failed" error="Get \"http://nginx/api/admissions/990a5c272884b8f77e2f23388bfc1cae372f7c2e9ce0c61abddefe1eeff6368e\": request timeout"
time="2026-09-13T02:33:58Z" level=warning msg="Request Failed" error="Get \"http://nginx/api/admissions/c25169d2a4271017d399239fe3d19ea5614af74160b828909e1d5bf194bebed2\": request timeout"
time="2026-09-13T02:33:58Z" level=warning msg="Request Failed" error="Get \"http://nginx/api/admissions/2ff60bfee7a83ec205b23c347546c4f76d52497edda9f13a69badab3af542863\": request timeout"
time="2026-09-13T02:33:58Z" level=warning msg="Request Failed" error="Get \"http://nginx/api/admissions/4316ff384554b933e021a3c1a9f0fca3bf09b72a05072f7e85dae629d9694a76\": request timeout"
time="2026-09-13T02:33:58Z" level=warning msg="Request Failed" error="Get \"http://nginx/api/admissions/c1fd65298accf7f993ef7720c80dd587778873b14eed9774d28fb908b8aefd20\": request timeout"
time="2026-09-13T02:33:58Z" level=warning msg="Request Failed" error="Get \"http://nginx/api/admissions/875b9fe37ec9e745ddaab6ee9212b61a2419f2239cb5ee4c0d0f77abbe2f9a11\": request timeout"
time="2026-09-13T02:33:58Z" level=warning msg="Request Failed" error="Get \"http://nginx/api/admissions/55b14f40d1b4e7104a1377d742fa095a0bb99da02dc4f03bcb5a5f79232b90b9\": request timeout"
time="2026-09-13T02:33:58Z" level=warning msg="Request Failed" error="Get \"http://nginx/api/admissions/807f6c06aaf00000517ed9eae5d617e34aab940a368341716af1314ca6cd95f1\": request timeout"
time="2026-09-13T02:33:58Z" level=warning msg="Request Failed" error="Get \"http://nginx/api/admissions/041e41397e2cd0c60b310aee621a28e4ae4a8f7f1763ec9511dfed04bb280ff0\": request timeout"
time="2026-09-13T02:33:58Z" level=warning msg="Request Failed" error="Get \"http://nginx/api/admissions/6e75f3141325af39825e6f323fae365c225adea8320ed967d771f491aaad5778\": request timeout"
time="2026-09-13T02:33:58Z" level=warning msg="Request Failed" error="Get \"http://nginx/api/admissions/df15c85552b3128dd147f81710f0d41753bdac631913d920bd5946c2a9d41a78\": request timeout"
time="2026-09-13T02:33:58Z" level=warning msg="Request Failed" error="Get \"http://nginx/api/admissions/5ce373fb4305f2cdb6ee4506c0dd43b65dbf5af5d7180d29e74210d6e9c8badd\": request timeout"
time="2026-09-13T02:33:58Z" level=warning msg="Request Failed" error="Get \"http://nginx/api/admissions/4c7b6abd6d6fc67f62640000e458cc81fd1684310f998593e89c0863c6c6c65b\": request timeout"
time="2026-09-13T02:33:58Z" level=warning msg="Request Failed" error="Get \"http://nginx/api/admissions/9d07143f0fb8b0b422d9a2e1f17efbf253e720710fe38acce13d28b53e02d505\": request timeout"
time="2026-09-13T02:33:58Z" level=warning msg="Request Failed" error="Get \"http://nginx/api/admissions/c1d3252a2efb7e195e9239ecdce48cc69c83306439118743a3b3273b3f2c5f78\": request timeout"
time="2026-09-13T02:33:58Z" level=warning msg="Request Failed" error="Get \"http://nginx/api/admissions/bcee671bf99d9888395dfd5639e3e152fc525daa366097186ce08ad7ac99d4ef\": request timeout"
time="2026-09-13T02:33:58Z" level=warning msg="Request Failed" error="Get \"http://nginx/api/admissions/c2598342d6ce3578b40eb2d8d65f6c135d7587c29038945f22769995cf749489\": request timeout"
time="2026-09-13T02:33:58Z" level=warning msg="Request Failed" error="Get \"http://nginx/api/admissions/e7081561cd79d2f83e657f28867535901e09578f6b9b2b42a2185d43312def3e\": request timeout"
time="2026-09-13T02:33:58Z" level=warning msg="Request Failed" error="Get \"http://nginx/api/admissions/c348bf87b8334cb40e710fb93aa2d977283a92c472fb6c2c61a54e9481bd1df8\": request timeout"
time="2026-09-13T02:33:58Z" level=warning msg="Request Failed" error="Get \"http://nginx/api/admissions/38671617eafdb7b4429753bb16a35d11c982d8e0d65b936a1093837eb3e74d7b\": request timeout"
time="2026-09-13T02:33:58Z" level=warning msg="Request Failed" error="Get \"http://nginx/api/admissions/9a7417057be0a699383acdfe81500b3568b1434a74ab4daee1af005c06edc6dd\": request timeout"
time="2026-09-13T02:33:58Z" level=warning msg="Request Failed" error="Get \"http://nginx/api/admissions/29770992c6781e4815da4aec2e8d82af52d4425e9f9d504dc84566bba220dccd\": request timeout"
time="2026-09-13T02:33:58Z" level=warning msg="Request Failed" error="Get \"http://nginx/api/admissions/c790137c8cb72e7563aaead6e0615a52bb77b70d799fb3c287163652cdc808ce\": request timeout"
time="2026-09-13T02:33:58Z" level=warning msg="Request Failed" error="Get \"http://nginx/api/admissions/922e9664cd2f0cbcf670d1a3e6288efacf72c71e5761bab5726ff524bc147efb\": request timeout"
time="2026-09-13T02:33:58Z" level=warning msg="Request Failed" error="Get \"http://nginx/api/admissions/968df357e428824370c0c08041efbce76233ef40cb97253df729516a8bc7d947\": request timeout"
time="2026-09-13T02:33:58Z" level=warning msg="Request Failed" error="Get \"http://nginx/api/admissions/7265b1b34199a46fd75ca9c2fda395999c692b8daa427d3973b997e6c64907d4\": request timeout"
time="2026-09-13T02:33:58Z" level=warning msg="Request Failed" error="Get \"http://nginx/api/admissions/af659a32d5485eb17f917c36167e6376ba9565dae230a84d0089e65c5c44e290\": request timeout"
time="2026-09-13T02:33:58Z" level=warning msg="Request Failed" error="Get \"http://nginx/api/admissions/41ab44013519ccbfb3502425a14198fe71467e2b1c75c0c5ab654f0142d993d1\": request timeout"
time="2026-09-13T02:33:58Z" level=warning msg="Request Failed" error="Get \"http://nginx/api/admissions/26d57036144e62c38f9117263779bebfebed521de449dfc27ac689a1ba22323d\": request timeout"
time="2026-09-13T02:33:58Z" level=warning msg="Request Failed" error="Get \"http://nginx/api/admissions/1df10aee0c60512b03c58dee71321c50eef3e1e202375944127ee24c41b4bd33\": request timeout"
time="2026-09-13T02:33:58Z" level=warning msg="Request Failed" error="Get \"http://nginx/api/admissions/b7986cb1a108ead96f63f1bfe39efed4fecd41c766913f40c5d47c1a5fdab807\": request timeout"
time="2026-09-13T02:33:58Z" level=warning msg="Request Failed" error="Get \"http://nginx/api/admissions/8689944b4f88981a850654deb0cabcba34093be141b999e6f8285e983bbe6db6\": request timeout"
time="2026-09-13T02:33:58Z" level=warning msg="Request Failed" error="Get \"http://nginx/api/admissions/698a2e43eb43f4a246260fa644eea5d871d1d1f0d9120aca4875eb1d87c68975\": request timeout"
time="2026-09-13T02:33:58Z" level=warning msg="Request Failed" error="Get \"http://nginx/api/admissions/c7f1ea71239a984edf33b48ee865d9354430a918fc36b5b2a1e3802da4a82b59\": request timeout"
time="2026-09-13T02:33:58Z" level=warning msg="Request Failed" error="Get \"http://nginx/api/admissions/b61dfe9762dd66185ca77c1e0fb474c52e7f4d548544c11334d391be6bfe5011\": request timeout"
time="2026-09-13T02:33:59Z" level=warning msg="Request Failed" error="Get \"http://nginx/api/admissions/11d78f260ea2299d211b38ce2328cae28374045d9319c8d49f18de072206c8b7\": request timeout"
time="2026-09-13T02:33:59Z" level=warning msg="Request Failed" error="Get \"http://nginx/api/admissions/6b8fef48eb9a92194a3f464bc2f9986165115e9e7eb1d8fa0d33d49d509b081f\": request timeout"
time="2026-09-13T02:33:59Z" level=warning msg="Request Failed" error="Get \"http://nginx/api/admissions/3ed0c1dc1c037f081ea1889ef68e472230fbe3162db72e1bf1e836b2ad7d4d26\": request timeout"
time="2026-09-13T02:33:59Z" level=warning msg="Request Failed" error="Get \"http://nginx/api/admissions/1617774fea4082253673f0ccdb75590ce9f160303409d2fbcf219fe5f8a8b76d\": request timeout"
time="2026-09-13T02:33:59Z" level=warning msg="Request Failed" error="Get \"http://nginx/api/admissions/8e982e05b9cb823db0a1644d0629bbf5f2f8fdc8f4b304407086d70a28312503\": request timeout"
time="2026-09-13T02:33:59Z" level=warning msg="Request Failed" error="Get \"http://nginx/api/admissions/a53143c285a0f3b73469b11728f897f704c39a2aabfab465ae791567ecf4155d\": request timeout"
time="2026-09-13T02:33:59Z" level=warning msg="Request Failed" error="Get \"http://nginx/api/admissions/8c3f601c98c40e06cceafa0922c68134d4b34c3527a9f934fda12f9a2b5957f6\": request timeout"
time="2026-09-13T02:33:59Z" level=warning msg="Request Failed" error="Get \"http://nginx/api/admissions/7ecb0a480a668732f48167b4f034524c410245ecf91b9c59be05d6f346991b7b\": request timeout"
time="2026-09-13T02:33:59Z" level=warning msg="Request Failed" error="Get \"http://nginx/api/admissions/e46bc7cc5c4391d36788254f85d6cfec461663d275a968e876f13a38afd1950c\": request timeout"
time="2026-09-13T02:33:59Z" level=warning msg="Request Failed" error="Get \"http://nginx/api/admissions/c15a192050145a9f8bf87dc492bd7c87ce55effdd6d02d7c3fa54a7fc4db076a\": request timeout"
time="2026-09-13T02:33:59Z" level=warning msg="Request Failed" error="Get \"http://nginx/api/admissions/99fa78a74099e9d597b0910c28a30dbce12af42dc85f18519615d2ed1d317e4c\": request timeout"
time="2026-09-13T02:33:59Z" level=warning msg="Request Failed" error="Get \"http://nginx/api/admissions/e931ee046de0396da6656b4b4d4eed05b5d1b4022dcf0d683a02dcedb7493436\": request timeout"
time="2026-09-13T02:33:59Z" level=warning msg="Request Failed" error="Get \"http://nginx/api/admissions/2901a27048103174e9c55ff49d1c3696c872388628d4b41958f21dca8edeaaaa\": request timeout"
time="2026-09-13T02:33:59Z" level=warning msg="Request Failed" error="Get \"http://nginx/api/admissions/f0e337a60e1aa51960f7baf2c7c0a5ee5064edc7db156a9b6fa914c9e6157933\": request timeout"
time="2026-09-13T02:33:59Z" level=warning msg="Request Failed" error="Get \"http://nginx/api/admissions/a3b61fc666e3f33d18adf7fc5fd02220c3ab316d6afd187d3b506c9f08fd8c93\": request timeout"
time="2026-09-13T02:33:59Z" level=warning msg="Request Failed" error="Get \"http://nginx/api/admissions/a1d709a7a2efd2890dd29985dc53f21411a6563036ae2c4d778d742bf9de7d2d\": request timeout"
time="2026-09-13T02:33:59Z" level=warning msg="Request Failed" error="Get \"http://nginx/api/admissions/57c7eb04d7b7586d18d87fb914bd2479dc4e253de11352a2f7e26fc2881553f9\": request timeout"
time="2026-09-13T02:33:59Z" level=warning msg="Request Failed" error="Get \"http://nginx/api/admissions/33d3e4c3de3896b9693b8e13dbbb04b2430f86f0e2fba533f6ca7dea279e87a3\": request timeout"
time="2026-09-13T02:33:59Z" level=warning msg="Request Failed" error="Get \"http://nginx/api/admissions/e4ae74f04f9790115c6ca7a9c53029904fa1d2c9a28656c4c247ebcac77a685a\": request timeout"
time="2026-09-13T02:33:59Z" level=warning msg="Request Failed" error="Get \"http://nginx/api/admissions/4c4774c8c0cfc76a7866eb5329e5b7b4e5bdd65836192c648c7d4b73dac546d6\": request timeout"
time="2026-09-13T02:33:59Z" level=warning msg="Request Failed" error="Get \"http://nginx/api/admissions/73a2e46ccb5cf0daba94c6bc1590c9b6630c01ef2dd9b1768e8c3c183c3cc447\": request timeout"
time="2026-09-13T02:33:59Z" level=warning msg="Request Failed" error="Get \"http://nginx/api/admissions/0252d58c80981ad7ccae5b4e9b1e08e7ad5fd8cb759cea02b7a6033afd8541b7\": request timeout"
time="2026-09-13T02:33:59Z" level=warning msg="Request Failed" error="Get \"http://nginx/api/admissions/c4d2cf22871a1b21e7ceddd05bf8358bf535003b927fc64b8bcf4df821d801a2\": request timeout"
time="2026-09-13T02:33:59Z" level=warning msg="Request Failed" error="Get \"http://nginx/api/admissions/55a1ff649b5c88bbb115de3534612217493f9e56de2f904582e28da178b0e8f6\": request timeout"

running (2m36.9s), 01524/02018 VUs, 2593 complete and 0 interrupted iterations
browsers ??[ 100% ] 02018/02018 VUs  1m0s  100.00 iters/s
time="2026-09-13T02:33:59Z" level=warning msg="Request Failed" error="Get \"http://nginx/api/admissions/8ff894fc59053626568dd67fcc3ea499048970725eadf2ed09a22e49f514c059\": request timeout"
time="2026-09-13T02:33:59Z" level=warning msg="Request Failed" error="Get \"http://nginx/api/admissions/625dd117eaede7fa1a0dd4b1849840277e72afd1e705feaa70459fdcb15b9949\": request timeout"
time="2026-09-13T02:33:59Z" level=warning msg="Request Failed" error="Get \"http://nginx/api/admissions/72f9cf1e0ac287568947270a96d2dd05ef135bb2edad19b300ba616a17710dd7\": request timeout"
time="2026-09-13T02:33:59Z" level=warning msg="Request Failed" error="Get \"http://nginx/api/admissions/b4d0d810e2e070bae48dae1d9d6f2d4e5ec48b3539023c40809c001b1d12f5f3\": request timeout"
time="2026-09-13T02:33:59Z" level=warning msg="Request Failed" error="Get \"http://nginx/api/admissions/b01ab1b5ded38c7c89e40140095a851194302ce1caf75779489691d8c888fb7a\": request timeout"
time="2026-09-13T02:33:59Z" level=warning msg="Request Failed" error="Get \"http://nginx/api/admissions/32a8f9832753bc51a0c2bf7dd060429c831f3101e50236c42d22325880ca4ca1\": request timeout"
time="2026-09-13T02:33:59Z" level=warning msg="Request Failed" error="Get \"http://nginx/api/admissions/7531906fa1023e43c11ec9c27716178f8bc509fdddc87bf12d6c2501e8aed11e\": request timeout"
time="2026-09-13T02:33:59Z" level=warning msg="Request Failed" error="Get \"http://nginx/api/admissions/5a5a49e08f71ec345817363cf097329d1cdc40efbd9ceeda07e614f911ce8f46\": request timeout"
time="2026-09-13T02:33:59Z" level=warning msg="Request Failed" error="Get \"http://nginx/api/admissions/8acbce19f66130d779a56c698996a7e0a012416b3f9727eab74f3727c2c0a91d\": request timeout"
time="2026-09-13T02:33:59Z" level=warning msg="Request Failed" error="Get \"http://nginx/api/admissions/68b942d3492e55d49801b63c1a876b26763caaca70cf6dcdb99c511d5433c0f5\": request timeout"
time="2026-09-13T02:33:59Z" level=warning msg="Request Failed" error="Get \"http://nginx/api/admissions/fb2f5b515d584313c189d45e23a98af9c604b7a9e48e2ecdc49572bb47fd7aa0\": request timeout"
time="2026-09-13T02:33:59Z" level=warning msg="Request Failed" error="Get \"http://nginx/api/admissions/0a2c0fb991613430f852bec1550660e3e2cb742e4eaa838e70b47021e8fa75a9\": request timeout"
time="2026-09-13T02:33:59Z" level=warning msg="Request Failed" error="Get \"http://nginx/api/admissions/3f235480a707138ecc3f1be647b83cf0cc910038fce22810f7a9770435b957f1\": request timeout"
time="2026-09-13T02:33:59Z" level=warning msg="Request Failed" error="Get \"http://nginx/api/admissions/b956cc46a9310aa9c3ead251aa71acf8fbbdca9504e4d95b33ad6b2ab1324195\": request timeout"
time="2026-09-13T02:33:59Z" level=warning msg="Request Failed" error="Get \"http://nginx/api/admissions/c05b861bed76a6f6a0475a71e2c961fbf9ae468e36283ea37b29b2d7d2bd878c\": request timeout"
time="2026-09-13T02:33:59Z" level=warning msg="Request Failed" error="Get \"http://nginx/api/admissions/74f7bdff2e30e14982b484c59c446fb418a0d1696831a1c8aed0712411c9410e\": request timeout"
time="2026-09-13T02:33:59Z" level=warning msg="Request Failed" error="Get \"http://nginx/api/admissions/792a403893b7b59850cfc598a8253648b66bf1e354b5a6ba7d5fdf9399e1546c\": request timeout"
time="2026-09-13T02:33:59Z" level=warning msg="Request Failed" error="Get \"http://nginx/api/admissions/3fe3ef62270ad6cc9b7407667a7e4e5fd4e74e4efacb84bc1e864ffecf191ac1\": request timeout"
time="2026-09-13T02:33:59Z" level=warning msg="Request Failed" error="Get \"http://nginx/api/admissions/c93eabf9fd9027f0461dbac91cdb5448fe6afa7953161bd44616ce873128dd5d\": request timeout"
time="2026-09-13T02:33:59Z" level=warning msg="Request Failed" error="Get \"http://nginx/api/admissions/dd1a9f640f56b867e75c64581e521e13744006b60079717f10b0ac7269ec879f\": request timeout"
time="2026-09-13T02:33:59Z" level=warning msg="Request Failed" error="Get \"http://nginx/api/admissions/382d18018292607c8e96642e46688c6ce6bf6da63b7db75e07c23bac0244ca40\": request timeout"
time="2026-09-13T02:33:59Z" level=warning msg="Request Failed" error="Get \"http://nginx/api/admissions/c4ffd9c140d12dc88e98ce473902471808ca8199794686a4c592b13d286d5e6a\": request timeout"
time="2026-09-13T02:33:59Z" level=warning msg="Request Failed" error="Get \"http://nginx/api/admissions/6d0c2c2dde2d7c5406c4d41fe5800dce722c8f05f9cb54298d923165eaa0f9dd\": request timeout"
time="2026-09-13T02:33:59Z" level=warning msg="Request Failed" error="Get \"http://nginx/api/admissions/c367cc7a4d017bb6b0d07362c1abad9138336052606bc8366d8d9b54598b1dae\": request timeout"
time="2026-09-13T02:33:59Z" level=warning msg="Request Failed" error="Get \"http://nginx/api/admissions/13839806e042819a8605aeccd4c4b5c48c780904126880f001faf82fad33e437\": request timeout"
time="2026-09-13T02:33:59Z" level=warning msg="Request Failed" error="Get \"http://nginx/api/admissions/3109b5d8645a367903f6cb1b5edd93b77dc4febf12a5ae8e7635fe5d6934a656\": request timeout"
time="2026-09-13T02:33:59Z" level=warning msg="Request Failed" error="Get \"http://nginx/api/admissions/42a42cb77525fd7fe4b7a48abb48586a41802d6a56af4ceebdb7ce19c84481d6\": request timeout"
time="2026-09-13T02:33:59Z" level=warning msg="Request Failed" error="Get \"http://nginx/api/admissions/a0d44df4ae26e3527446f7b8b1a8701a6c5b84274bd26efac501068784f56300\": request timeout"
time="2026-09-13T02:33:59Z" level=warning msg="Request Failed" error="Get \"http://nginx/api/admissions/7bf66b4045974322cb03112606aca35e46f0531a549dc2e267164298141ec29f\": request timeout"
time="2026-09-13T02:33:59Z" level=warning msg="Request Failed" error="Get \"http://nginx/api/admissions/e7a08f5590ccc507ecdda496f3122b2b3b748f3bd1af9e5feddc645396fd9412\": request timeout"
time="2026-09-13T02:33:59Z" level=warning msg="Request Failed" error="Get \"http://nginx/api/admissions/caec5f6c0c11bff3a8b8f1a3f8c971708bf92bdf730a3467453d3128aebf3c47\": request timeout"
time="2026-09-13T02:33:59Z" level=warning msg="Request Failed" error="Get \"http://nginx/api/admissions/6d94bdc5f6d1c90262c6dc70fe7fbd0fefcdd7c97310d29468721adebfb642da\": request timeout"
time="2026-09-13T02:33:59Z" level=warning msg="Request Failed" error="Get \"http://nginx/api/admissions/155733c1e84ed8ba8e991299f513d3c9981516a68db3af6668da98132008efb0\": request timeout"
time="2026-09-13T02:33:59Z" level=warning msg="Request Failed" error="Get \"http://nginx/api/admissions/42bfd0719f8efd7982b2da3b725ea2089602be5efc9443fc08e2df4f95bb3ca5\": request timeout"
time="2026-09-13T02:33:59Z" level=warning msg="Request Failed" error="Get \"http://nginx/api/admissions/eba5bac4b118ba7117d03a9679d6a39589ad6999531a15e0b14c4fab72aa6c3b\": request timeout"
time="2026-09-13T02:33:59Z" level=warning msg="Request Failed" error="Get \"http://nginx/api/admissions/3c6a1ad0c52d1f2231b4c14a27aa2e00761aa6eb7f05de9cb45a02a6ceed3962\": request timeout"
time="2026-09-13T02:33:59Z" level=warning msg="Request Failed" error="Get \"http://nginx/api/admissions/9d6f9317d7886290e23c37a491487b392f1ee4c29b4ccf5da5444a570dd70dd7\": request timeout"
time="2026-09-13T02:33:59Z" level=warning msg="Request Failed" error="Get \"http://nginx/api/admissions/81fbc5d3f014b3d63f094e3055e5b40282aae7db13eb9cf07800938868acd045\": request timeout"
time="2026-09-13T02:33:59Z" level=warning msg="Request Failed" error="Get \"http://nginx/api/admissions/5b5104972f267d2932978e8801203dbefb63d6c48ca22ed085634d713bc1c5e5\": request timeout"
time="2026-09-13T02:33:59Z" level=warning msg="Request Failed" error="Get \"http://nginx/api/admissions/de05cbad16dd3869bda9d44dabb0d0b7e674091437ea53641628745e7b7e72bc\": request timeout"
time="2026-09-13T02:33:59Z" level=warning msg="Request Failed" error="Get \"http://nginx/api/admissions/bf7438701b1825ad561795700d5e3fb51224278a89cd59fae312e284cadf0e64\": request timeout"
time="2026-09-13T02:34:00Z" level=warning msg="Request Failed" error="Get \"http://nginx/api/admissions/85077cc08d51e1ff0279afc604ef8eef2f9a044c73148be5a27022416314beda\": request timeout"
time="2026-09-13T02:34:00Z" level=warning msg="Request Failed" error="Get \"http://nginx/api/admissions/7f72f6ef16d1bebf631da03c63e7532fe6e995a8d1ee7d4680c4e2b2c038229e\": request timeout"
time="2026-09-13T02:34:00Z" level=warning msg="Request Failed" error="Get \"http://nginx/api/admissions/89a946e36990a70de3bf9f78130631a15e29a6c9bdadd42a65ae38ecce337065\": request timeout"
time="2026-09-13T02:34:00Z" level=warning msg="Request Failed" error="Get \"http://nginx/api/admissions/e4fb3601e5d27586148949c8a94bd0639c988df15a180dc25977c05dc1429a8a\": request timeout"
time="2026-09-13T02:34:00Z" level=warning msg="Request Failed" error="Get \"http://nginx/api/admissions/96474208a3320599df6df2e93887c9a23e8995b33a791dab098cab74166f9b26\": request timeout"
time="2026-09-13T02:34:00Z" level=warning msg="Request Failed" error="Get \"http://nginx/api/admissions/dbeba573eb2eea47d61a81cbbeb5b7dfda5024c886179449cc873e6adb6d591d\": request timeout"
time="2026-09-13T02:34:00Z" level=warning msg="Request Failed" error="Get \"http://nginx/api/admissions/6410d30ec89edd0fb39a43966ea9e2fef71ad17131a94400622411323d1f031a\": request timeout"
time="2026-09-13T02:34:00Z" level=warning msg="Request Failed" error="Get \"http://nginx/api/admissions/1bfff9c3cc454fb02902bb26e013442e31a04dfcf47c4e2410d564a26b53948a\": request timeout"
time="2026-09-13T02:34:00Z" level=warning msg="Request Failed" error="Get \"http://nginx/api/admissions/8acbb23e2b9427a9573ccb18ea95fe78a6bd558fa5037f1819169b1b7893fd7d\": request timeout"
time="2026-09-13T02:34:00Z" level=warning msg="Request Failed" error="Get \"http://nginx/api/admissions/74aa8828e8acd69c2410c18318f6ef5b4941e2449562e79d20fc0035832cb089\": request timeout"
time="2026-09-13T02:34:00Z" level=warning msg="Request Failed" error="Get \"http://nginx/api/admissions/5a47e26a478fdff618fbf3083b6fb35660c5d060a00f8dd1b96f862964993af3\": request timeout"
time="2026-09-13T02:34:00Z" level=warning msg="Request Failed" error="Get \"http://nginx/api/admissions/eea8eaf5da83843070ab21186cabccbb974a0fcf4f3a352bd350a337a5ce3e52\": request timeout"
time="2026-09-13T02:34:00Z" level=warning msg="Request Failed" error="Get \"http://nginx/api/admissions/956a0662ad9492d5172b634b301b8f80c1a67a6ee266a4d216805a6e62babbde\": request timeout"
time="2026-09-13T02:34:00Z" level=warning msg="Request Failed" error="Get \"http://nginx/api/admissions/7ed4ca5944c850aa8eb27ab5b683b081530b9bb9e0933bdac1fa7da1d86dda90\": request timeout"
time="2026-09-13T02:34:00Z" level=warning msg="Request Failed" error="Get \"http://nginx/api/admissions/5baa3e4374229557385bba6b944c1546a0cf8a8ef238a1192e51430ae9bc3ca8\": request timeout"
time="2026-09-13T02:34:00Z" level=warning msg="Request Failed" error="Get \"http://nginx/api/admissions/a718d320d7d546fc07f9dc9c4d6fdcf1bcc136942dac2a2a582fdf592907986e\": request timeout"

running (2m37.9s), 01518/02018 VUs, 2599 complete and 0 interrupted iterations
browsers ??[ 100% ] 02018/02018 VUs  1m0s  100.00 iters/s
time="2026-09-13T02:34:00Z" level=warning msg="Request Failed" error="Get \"http://nginx/api/admissions/8a542b0c071d48a0e435419a2356339a1c3fa12f1de8f63b7e73c05c28beb104\": request timeout"
time="2026-09-13T02:34:00Z" level=warning msg="Request Failed" error="Get \"http://nginx/api/admissions/d984e503a7556392644afd92bbc51df6ca12236350e9af032cc8db34304f0796\": request timeout"
time="2026-09-13T02:34:00Z" level=warning msg="Request Failed" error="Get \"http://nginx/api/admissions/77623868b6a0c9b867ae813370542b0cdd5e5a7c93b2d26eabe5a4d9cf5c8913\": request timeout"
time="2026-09-13T02:34:00Z" level=warning msg="Request Failed" error="Get \"http://nginx/api/admissions/025ed124fb584d021f3a370d11a53e4b00e6b8467c6361dd59ce404c600f2464\": request timeout"
time="2026-09-13T02:34:00Z" level=warning msg="Request Failed" error="Get \"http://nginx/api/admissions/742c9ec8db96760dc3781ea05c9849733cfb86b243963e73badf886e4ed569ab\": request timeout"
time="2026-09-13T02:34:00Z" level=warning msg="Request Failed" error="Get \"http://nginx/api/admissions/c2f9f76db3da3f2473c8631e1c02831358e568f19d30b4512473d1a3b52e055f\": request timeout"
time="2026-09-13T02:34:00Z" level=warning msg="Request Failed" error="Get \"http://nginx/api/admissions/cc5055316c1773541f88cb3e4a3853ecf8972a1156d303f3b08ec54939d85595\": request timeout"
time="2026-09-13T02:34:00Z" level=warning msg="Request Failed" error="Get \"http://nginx/api/admissions/2328fb1f84ad2263a53e36aecb48603e54042fbc8ac372a5a306ed8d7cf21cd4\": request timeout"
time="2026-09-13T02:34:00Z" level=warning msg="Request Failed" error="Get \"http://nginx/api/admissions/beb864e53e5bc3d32572d1013a63ff046defb9d25925b6f4166dcec84d713f36\": request timeout"
time="2026-09-13T02:34:00Z" level=warning msg="Request Failed" error="Get \"http://nginx/api/admissions/310f0117271c5ef87d9764ca8d9e5ff6e41c1e24812f15c42d02af78753d6a18\": request timeout"
time="2026-09-13T02:34:00Z" level=warning msg="Request Failed" error="Get \"http://nginx/api/admissions/86e02875ab75650d117d1c06857d65d12a10abdfb069fcd1821fc41b25b09db8\": request timeout"
time="2026-09-13T02:34:00Z" level=warning msg="Request Failed" error="Get \"http://nginx/api/admissions/a1490c367e665ac72aecf35be3ea8f9bf78828b721c157335cd32afc9dc5b478\": request timeout"
time="2026-09-13T02:34:00Z" level=warning msg="Request Failed" error="Get \"http://nginx/api/admissions/b1c93252e26ad4ae73fbf7fc4f3e1f98e2b4aeb3af5e482801d93c5bc2af9d65\": request timeout"
time="2026-09-13T02:34:00Z" level=warning msg="Request Failed" error="Get \"http://nginx/api/admissions/b554dc24efe4cb362d2c860b2e51a62d154a269ede2930f6646ed42bbc47f716\": request timeout"
time="2026-09-13T02:34:00Z" level=warning msg="Request Failed" error="Get \"http://nginx/api/admissions/4d5e2c14c42fd1dea11f821a1f6b278ebfe7410e0b23d831b450a48c3b66e267\": request timeout"
time="2026-09-13T02:34:00Z" level=warning msg="Request Failed" error="Get \"http://nginx/api/admissions/d3c39483eb35d055c65e2ee9f8f846c5172bf3c6c34504292de636dab11ac08c\": request timeout"
time="2026-09-13T02:34:00Z" level=warning msg="Request Failed" error="Get \"http://nginx/api/admissions/42f99ae402d883721bf57f1934ceffbeee8d2137e40ceef9f94af3bce21b6901\": request timeout"
time="2026-09-13T02:34:00Z" level=warning msg="Request Failed" error="Get \"http://nginx/api/admissions/1b6e15c5597a125e387ee7f9fc95b52daf9de320f79729e853073ba0ed6c5038\": request timeout"
time="2026-09-13T02:34:00Z" level=warning msg="Request Failed" error="Get \"http://nginx/api/admissions/fc47b677f87b32fd956364a4ed2d058892c161d3ee3185778898e07542b404ba\": request timeout"
time="2026-09-13T02:34:00Z" level=warning msg="Request Failed" error="Get \"http://nginx/api/admissions/de31432a15fba144709191f9b76aac6777c45f8a6da118fe28d95fc9216159c3\": request timeout"
time="2026-09-13T02:34:00Z" level=warning msg="Request Failed" error="Get \"http://nginx/api/admissions/a93fd875605544390e24aec81100fe03310973172562752097cf832a5694b100\": request timeout"
time="2026-09-13T02:34:00Z" level=warning msg="Request Failed" error="Get \"http://nginx/api/admissions/bc242081e6bb59d793a0f2aa840279c698b753375c1e054546f8ccb91594bea1\": request timeout"
time="2026-09-13T02:34:00Z" level=warning msg="Request Failed" error="Get \"http://nginx/api/admissions/d9364cfeba400b3c18f3def5333221ec6baa6b0f803683c570ecb0741e0d623c\": request timeout"
time="2026-09-13T02:34:00Z" level=warning msg="Request Failed" error="Get \"http://nginx/api/admissions/8f9e88eaaa6c883d8372411b00e3bb40b50615ec56e14697c6905375d2120961\": request timeout"
time="2026-09-13T02:34:00Z" level=warning msg="Request Failed" error="Get \"http://nginx/api/admissions/e4d1abb26ae2979039caaf9563144039f37bcd62a0d31d00844d3d217ed1b8fb\": request timeout"
time="2026-09-13T02:34:00Z" level=warning msg="Request Failed" error="Get \"http://nginx/api/admissions/81195c707c05422ff41ca999688dbd124b02a1024884b18273918be929638008\": request timeout"
time="2026-09-13T02:34:00Z" level=warning msg="Request Failed" error="Get \"http://nginx/api/admissions/60c09c3bda3dc959a0f67d3fb0a3a268f98f47f288bf793ecfa08b26dcb6821a\": request timeout"
time="2026-09-13T02:34:00Z" level=warning msg="Request Failed" error="Get \"http://nginx/api/admissions/c01561752946ad48447724bef81eabd8c74cf0c1cf4da9497812e5573ab7fe77\": request timeout"
time="2026-09-13T02:34:00Z" level=warning msg="Request Failed" error="Get \"http://nginx/api/admissions/11d5ccbb9991e8142022e6c88e7cd0513c3f277490025153738f5297b7509462\": request timeout"
time="2026-09-13T02:34:00Z" level=warning msg="Request Failed" error="Get \"http://nginx/api/admissions/61fac3c39545d4f1a3940fb6f9c1d253560e99d0454312a0d731b28d61613ac3\": request timeout"
time="2026-09-13T02:34:00Z" level=warning msg="Request Failed" error="Get \"http://nginx/api/admissions/3cdace1dc3450b6c4714794ff8aea93153b6d9308604e4d01591b18c3038fa06\": request timeout"
time="2026-09-13T02:34:00Z" level=warning msg="Request Failed" error="Get \"http://nginx/api/admissions/f7380591541f5729e47906dfac3211a4d8df9bffde31a9344fe964b410449749\": request timeout"
time="2026-09-13T02:34:00Z" level=warning msg="Request Failed" error="Get \"http://nginx/api/admissions/02e26d848b7dab2b3064527aa8c83036dc9cf37c0ee005da45388eb3b14d89ff\": request timeout"
time="2026-09-13T02:34:00Z" level=warning msg="Request Failed" error="Get \"http://nginx/api/admissions/5a9672f2b0cc58a4b1e2dadf1c2ee923e63ef87d98b514d0f9999617fc2d217d\": request timeout"
time="2026-09-13T02:34:00Z" level=warning msg="Request Failed" error="Get \"http://nginx/api/admissions/0b5cbcabf2afe4d33a908d6a86a20c1f760dddf7b4e8feb2faf940d20c983a50\": request timeout"
time="2026-09-13T02:34:00Z" level=warning msg="Request Failed" error="Get \"http://nginx/api/admissions/ac2c77f21e5fc97ba0172a69626fb400046d01c2cf5ee2b84b4ebe0c5c434dc7\": request timeout"
time="2026-09-13T02:34:00Z" level=warning msg="Request Failed" error="Get \"http://nginx/api/admissions/5d1fc77d169709734899d7c2c70c34023f92ea6b8c2c0889b4121e81421118a0\": request timeout"
time="2026-09-13T02:34:00Z" level=warning msg="Request Failed" error="Get \"http://nginx/api/admissions/e40665b2fc890cf5a25e446b9be44276a8435f3aef73f3f70ebdc424226f0445\": request timeout"
time="2026-09-13T02:34:00Z" level=warning msg="Request Failed" error="Get \"http://nginx/api/admissions/922a36acd2fed221bce893f8a9baa7e8470dc310832fa96b8a8450cda903a028\": request timeout"
time="2026-09-13T02:34:00Z" level=warning msg="Request Failed" error="Get \"http://nginx/api/admissions/d15b0940147e55a94eebb0acc4a1adda8321fd6f28ca40826fe685c449db7db6\": request timeout"
time="2026-09-13T02:34:00Z" level=warning msg="Request Failed" error="Get \"http://nginx/api/admissions/9df5d8da93e68da13eea89021e00401b426db7cc58c4befeb32baaeb3eb641c2\": request timeout"
time="2026-09-13T02:34:00Z" level=warning msg="Request Failed" error="Get \"http://nginx/api/admissions/375393d60399da8ed54373ff102eef7b742c97fae14f69c7151f95f783cb874a\": request timeout"
time="2026-09-13T02:34:00Z" level=warning msg="Request Failed" error="Get \"http://nginx/api/admissions/d1813588be7d8175dfa69a03f34c8e1daf086b285a0595deb0979c752ddeb714\": request timeout"
time="2026-09-13T02:34:00Z" level=warning msg="Request Failed" error="Get \"http://nginx/api/admissions/95c7f2c4e475b23e77873013c10c91914eb8b5468934405be6f12dc14b5bdcf9\": request timeout"
time="2026-09-13T02:34:01Z" level=warning msg="Request Failed" error="Get \"http://nginx/api/admissions/5a438766c96dcb96d531fb6be14524700feabeec37982cf23be2afcc8292bfac\": request timeout"
time="2026-09-13T02:34:01Z" level=warning msg="Request Failed" error="Get \"http://nginx/api/admissions/9b9fcd399503321e5c038ee6a9b517bfcb3a822369b4bb0dae929f5c5565d7b2\": request timeout"
time="2026-09-13T02:34:01Z" level=warning msg="Request Failed" error="Get \"http://nginx/api/admissions/fd1122d0e709ad6a6af941cbb194203bbba11e005a7347df6fb13da75bc79b8c\": request timeout"
time="2026-09-13T02:34:01Z" level=warning msg="Request Failed" error="Get \"http://nginx/api/admissions/2fa70db962441ab846879cbd27f30e11df92ef1b29705f248e0e3507b6ccb3d0\": request timeout"
time="2026-09-13T02:34:01Z" level=warning msg="Request Failed" error="Get \"http://nginx/api/admissions/4b6e351226aba9475200f7e09aec3ce9d030777df0210342e9d18370163d4b2e\": request timeout"
time="2026-09-13T02:34:01Z" level=warning msg="Request Failed" error="Get \"http://nginx/api/admissions/078406d458096db2de9cbd693211b095cdd53e3fd467758310bebb41c77773db\": request timeout"
time="2026-09-13T02:34:01Z" level=warning msg="Request Failed" error="Get \"http://nginx/api/admissions/0c12d73eb75578229c57c2c65caf0359f378f38a1fa7a1f1c8584b413a4d687f\": request timeout"
time="2026-09-13T02:34:01Z" level=warning msg="Request Failed" error="Get \"http://nginx/api/admissions/ab659362674e73d57e33bfeea6b1c222d17dc057e9349eddd60fc2e57a5c75b0\": request timeout"
time="2026-09-13T02:34:01Z" level=warning msg="Request Failed" error="Get \"http://nginx/api/admissions/f05ee6f2495cd2841a57f748d3b178f639028475f366fe52934eee55d1ced998\": request timeout"
time="2026-09-13T02:34:01Z" level=warning msg="Request Failed" error="Get \"http://nginx/api/admissions/10ab9cb67eef9dea6464d113e9de3170bce641369e47bfa70d31bf2c7f525a42\": request timeout"
time="2026-09-13T02:34:01Z" level=warning msg="Request Failed" error="Get \"http://nginx/api/admissions/14454969185e6d22e1a4dbec630d7c7c9c73e8bcdafae6cbbb0d4a8a04d4c4d5\": request timeout"
time="2026-09-13T02:34:01Z" level=warning msg="Request Failed" error="Get \"http://nginx/api/admissions/89c16a0cfc10ff202970ad62078f1458b4580ce85ba8baf2efbce596670695ef\": request timeout"
time="2026-09-13T02:34:01Z" level=warning msg="Request Failed" error="Get \"http://nginx/api/admissions/0bd24f7703607158ec3915c15ff61a9c92c53abf536d8b8ff211f6157c5b36a7\": request timeout"
time="2026-09-13T02:34:01Z" level=warning msg="Request Failed" error="Get \"http://nginx/api/admissions/25b5d7778dbed56b4098f8560445a783038e1bf9c7f787fb3a50cc80b1778877\": request timeout"

running (2m38.9s), 01518/02018 VUs, 2599 complete and 0 interrupted iterations
browsers ??[ 100% ] 02018/02018 VUs  1m0s  100.00 iters/s
time="2026-09-13T02:34:01Z" level=warning msg="Request Failed" error="Get \"http://nginx/api/admissions/c38107835415baed6672c1097ded0704d04d3997d36d6bd171fab34a4e2b70ed\": request timeout"
time="2026-09-13T02:34:01Z" level=warning msg="Request Failed" error="Get \"http://nginx/api/admissions/a62e88234aeb3ce08f17f5ee7fe93eff17f46dfdbfa27b6ef2ed78d00ae70cc6\": request timeout"
time="2026-09-13T02:34:01Z" level=warning msg="Request Failed" error="Get \"http://nginx/api/admissions/80a28231b897916d0586d8950906e2933f13c27361d1f89b8767daac169f2a63\": request timeout"
time="2026-09-13T02:34:01Z" level=warning msg="Request Failed" error="Get \"http://nginx/api/admissions/12c942abbe98c28b3557b8c1fc5bad7d94d118bbcd2b4106c0df77da8997c096\": request timeout"
time="2026-09-13T02:34:01Z" level=warning msg="Request Failed" error="Get \"http://nginx/api/admissions/348eeeb277d2aa164a4f840761a2b9a4a7e94867eea2ffc3cfd177615d5dcd96\": request timeout"
time="2026-09-13T02:34:01Z" level=warning msg="Request Failed" error="Get \"http://nginx/api/admissions/49d2d44bdcac7b42235c92d6c3707bb50d3c810ac731b33139317e81c34947b4\": request timeout"
time="2026-09-13T02:34:01Z" level=warning msg="Request Failed" error="Get \"http://nginx/api/admissions/0a9b25bc891a83894201cffce0313717842cdbd730a2841c5db62786f20ee02b\": request timeout"
time="2026-09-13T02:34:01Z" level=warning msg="Request Failed" error="Get \"http://nginx/api/admissions/7e2dbdb2672d3a85327a24966a644ee12c572da3d9d754c9e613c244acedfd5e\": request timeout"
time="2026-09-13T02:34:01Z" level=warning msg="Request Failed" error="Get \"http://nginx/api/admissions/ca2367ee9f824142199ca8259908bdd99d98fe56afbd619a20a64cb475f24261\": request timeout"
time="2026-09-13T02:34:01Z" level=warning msg="Request Failed" error="Get \"http://nginx/api/admissions/de1ca4ba6ec92fd420c41079a49f57af6af1dc3800656e3471906a815481ee53\": request timeout"
time="2026-09-13T02:34:01Z" level=warning msg="Request Failed" error="Get \"http://nginx/api/admissions/b9815a387fdfd1f43bcff89ad65c06f3f26be773192b15d8a0fe3de970e0bab1\": request timeout"
time="2026-09-13T02:34:01Z" level=warning msg="Request Failed" error="Get \"http://nginx/api/admissions/6abf05a5660fabeb237a7ec82c50d77bc3f18691e792a78f88628b4219a59ade\": request timeout"
time="2026-09-13T02:34:01Z" level=warning msg="Request Failed" error="Get \"http://nginx/api/admissions/2f4279666150afdcbefb44e80d5b744380f23e319b4def7b9a2802b32d8ad296\": request timeout"
time="2026-09-13T02:34:01Z" level=warning msg="Request Failed" error="Get \"http://nginx/api/admissions/9f2596a87ed90f1d5981c6007dc62146ec1c304b8d8b5c01358a5e7e6ca74c79\": request timeout"
time="2026-09-13T02:34:01Z" level=warning msg="Request Failed" error="Get \"http://nginx/api/admissions/166682a2cbdd110dc4e2f5a437ea51c7131efe0dda8034660941ddb127a2c640\": request timeout"
time="2026-09-13T02:34:02Z" level=warning msg="Request Failed" error="Get \"http://nginx/api/admissions/c826ec36c03bce6b888a5ea639569a0cd5743948d67d02032f223624cb19c9c4\": request timeout"
time="2026-09-13T02:34:02Z" level=warning msg="Request Failed" error="Get \"http://nginx/api/admissions/80bfdb7bf131313831d2fabfde46b737c02d1861b138928728f4568ed0bee3bb\": request timeout"
time="2026-09-13T02:34:02Z" level=warning msg="Request Failed" error="Get \"http://nginx/api/admissions/027b7588786a80aedb2b2b63180dd366937ab30eb707f9e33b5425058d286d9f\": request timeout"
time="2026-09-13T02:34:02Z" level=warning msg="Request Failed" error="Get \"http://nginx/api/admissions/64d31c84e77297e5f4f8dfe41d999a044d02a177ab2bfa5fb1d1c4b54f6de7b6\": request timeout"
time="2026-09-13T02:34:02Z" level=warning msg="Request Failed" error="Get \"http://nginx/api/admissions/efa14bed4f64fb8660e961c9764973cbceed6b5ce7a007f0eaa77a056f13a3d9\": request timeout"
time="2026-09-13T02:34:02Z" level=warning msg="Request Failed" error="Get \"http://nginx/api/admissions/8b14143d6daa793248c4bc2ebe74902b2d5b4d5154871138ff94e106416920a2\": request timeout"
time="2026-09-13T02:34:02Z" level=warning msg="Request Failed" error="Get \"http://nginx/api/admissions/7c545aa418dc249b8674b35a56c881af107ccd377878c70a2994b282cc606562\": request timeout"
time="2026-09-13T02:34:02Z" level=warning msg="Request Failed" error="Get \"http://nginx/api/admissions/a6a4cce29a21fa45de00b5b0ed2fc24cd8c03bf743d14af2959f58ab0ac6548d\": request timeout"
time="2026-09-13T02:34:02Z" level=warning msg="Request Failed" error="Get \"http://nginx/api/admissions/5933b0a2316738a7e08c6757ba270d1ac985e163401ecfb9642845e1eb8e8161\": request timeout"
time="2026-09-13T02:34:02Z" level=warning msg="Request Failed" error="Get \"http://nginx/api/admissions/8427b4da290fc928229a999b2d3540dcfb1b7e26b2ac54eb1e38d6c76ec62e7f\": request timeout"

running (2m39.9s), 01518/02018 VUs, 2599 complete and 0 interrupted iterations
browsers ??[ 100% ] 02018/02018 VUs  1m0s  100.00 iters/s
time="2026-09-13T02:34:02Z" level=warning msg="Request Failed" error="Get \"http://nginx/api/admissions/0bf472beb6004f39aa7c99e76e25fbc0dadde1f02705e2dbb0835cd6f6bbd2be\": request timeout"
time="2026-09-13T02:34:02Z" level=warning msg="Request Failed" error="Get \"http://nginx/api/admissions/7973698ea7da19653e48e4679ca6da199de933325b143972477b64bf490e207f\": request timeout"
time="2026-09-13T02:34:02Z" level=warning msg="Request Failed" error="Get \"http://nginx/api/admissions/8821ac07f8172b733c67cd45c4c0fcbb6d18339f9b189693ae605a9faca45500\": request timeout"
time="2026-09-13T02:34:02Z" level=warning msg="Request Failed" error="Get \"http://nginx/api/admissions/fab056f577d3784f6ab8315341ca443725c6b75e5239db767df24bf55d831bc1\": request timeout"
time="2026-09-13T02:34:02Z" level=warning msg="Request Failed" error="Get \"http://nginx/api/admissions/1b26da661f98ca9c3c9819ad335c316d485f42cbc8037cab923ffb73be6b0845\": request timeout"
time="2026-09-13T02:34:02Z" level=warning msg="Request Failed" error="Get \"http://nginx/api/admissions/b0f0aa3503cdb5c92b3a4099cac49728d44b7ca69448f85bb28891a6be51adf4\": request timeout"
time="2026-09-13T02:34:02Z" level=warning msg="Request Failed" error="Get \"http://nginx/api/admissions/9b000af64d4a194a5d89dc9edb0839802cad889076a2b6d1f0701a29b0371166\": request timeout"
time="2026-09-13T02:34:02Z" level=warning msg="Request Failed" error="Get \"http://nginx/api/admissions/24bb91776f7d037d79130b5d8c917195a3e764483e90c77d89dbd2d55033c0fd\": request timeout"
time="2026-09-13T02:34:02Z" level=warning msg="Request Failed" error="Get \"http://nginx/api/admissions/848b41b9710c3274920b095af69eb880dae2d27aa6a37eac3cdd2f819202338d\": request timeout"
time="2026-09-13T02:34:02Z" level=warning msg="Request Failed" error="Get \"http://nginx/api/admissions/fb109c998cf5c2f0bf4e01288de63978cb05d9fea1ea616407f0d8c3f402a639\": request timeout"
time="2026-09-13T02:34:02Z" level=warning msg="Request Failed" error="Get \"http://nginx/api/admissions/c0c55ec941e7c1bcf2d96d041c553d292633043dbcd1cd63e56dd3766bec1877\": request timeout"
time="2026-09-13T02:34:02Z" level=warning msg="Request Failed" error="Get \"http://nginx/api/admissions/7a335525476397a436b6e72e0da1134aed6e332ed5fca568e169fafd2db6c8f8\": request timeout"
time="2026-09-13T02:34:02Z" level=warning msg="Request Failed" error="Get \"http://nginx/api/admissions/8cc0baa9019d365c8257464ffff9f6720df0e102f34a0921d01ec60410363a85\": request timeout"
time="2026-09-13T02:34:02Z" level=warning msg="Request Failed" error="Get \"http://nginx/api/admissions/d67572a43baa454b7025f10409db22eb5c2630ce2144aeca7c1da77762866a0e\": request timeout"
time="2026-09-13T02:34:02Z" level=warning msg="Request Failed" error="Get \"http://nginx/api/admissions/78234b3308b3f6f2f5dba4f0fbfeec5a7c24c49c39102f4c1c49eace8a2314ac\": request timeout"
time="2026-09-13T02:34:02Z" level=warning msg="Request Failed" error="Get \"http://nginx/api/admissions/80a4a849aa74048ae8f8db8a56a5c946e2b46ac195dc514832aff0384ab22027\": request timeout"
time="2026-09-13T02:34:02Z" level=warning msg="Request Failed" error="Get \"http://nginx/api/admissions/31b8e93206755ec033f3b725f2bbe574da83511fd68e82fcc1eca065c44e0e16\": request timeout"
time="2026-09-13T02:34:02Z" level=warning msg="Request Failed" error="Get \"http://nginx/api/admissions/533ffe299576280e478e2657a532fd97ad70d744b2f58fc67da5ad681f2f2b2b\": request timeout"
time="2026-09-13T02:34:02Z" level=warning msg="Request Failed" error="Get \"http://nginx/api/admissions/d4959d8a4bd87b9c9d28edee7a0d280580932f2dec3450e3dfaf369a9dafa4bd\": request timeout"
time="2026-09-13T02:34:02Z" level=warning msg="Request Failed" error="Get \"http://nginx/api/admissions/820060462e416a3b3faeb1fa848516b8f240e989ce5d36eb44452384a93682b4\": request timeout"
time="2026-09-13T02:34:02Z" level=warning msg="Request Failed" error="Get \"http://nginx/api/admissions/56626bbcf08fad0c78a6a41bac58ed9d947b6f2b0e01d9d5dcb1ca097cfbf3cb\": request timeout"
time="2026-09-13T02:34:02Z" level=warning msg="Request Failed" error="Get \"http://nginx/api/admissions/d541e38f87d7c814c8f8e7947a4fb9c91134bd97289bd3029e171c594271ded9\": request timeout"
time="2026-09-13T02:34:02Z" level=warning msg="Request Failed" error="Get \"http://nginx/api/admissions/8ddc97ecaae63714c3ead5565b747931c2cb28de39c071b95c4fc679d6f45280\": request timeout"
time="2026-09-13T02:34:02Z" level=warning msg="Request Failed" error="Get \"http://nginx/api/admissions/664bd7c69d1ca11edafb50a6bd138c2aa7e3925949eceecfaacb1e320969eb9d\": request timeout"
time="2026-09-13T02:34:02Z" level=warning msg="Request Failed" error="Get \"http://nginx/api/admissions/f83a593870355f9038eead186f1f3d5a96b0808bcde14f6c46cf01cf00889f58\": request timeout"
time="2026-09-13T02:34:02Z" level=warning msg="Request Failed" error="Get \"http://nginx/api/admissions/c6c4eb86ce3e009c8868d57310cf9ceb4d0f44bc82bc933a607e015d4ec8b540\": request timeout"
time="2026-09-13T02:34:02Z" level=warning msg="Request Failed" error="Get \"http://nginx/api/admissions/94f6d63959dc837decc75ba1aef5c071f64bbaeb978454f70cfcb379b6b8164b\": request timeout"
time="2026-09-13T02:34:02Z" level=warning msg="Request Failed" error="Get \"http://nginx/api/admissions/91bf709facb82e4f1fba03838430e17a6f259c67b97e3a66b46ae06e426b5ecf\": request timeout"
time="2026-09-13T02:34:02Z" level=warning msg="Request Failed" error="Get \"http://nginx/api/admissions/10ce21812fc132a07ca1ddd236f95b39a28fa77cd97b2ca3e60e625a5c2d4ef8\": request timeout"
time="2026-09-13T02:34:02Z" level=warning msg="Request Failed" error="Get \"http://nginx/api/admissions/2605f791b55b88e83edde8bd7670e77a22f837cfb36c29804bf5ea7c3fa7bf91\": request timeout"
time="2026-09-13T02:34:02Z" level=warning msg="Request Failed" error="Get \"http://nginx/api/admissions/704417807393768a86ed09e8b32bf3a70fe1ab4f91aba802b66bbf6e8c8bf19a\": request timeout"
time="2026-09-13T02:34:02Z" level=warning msg="Request Failed" error="Get \"http://nginx/api/admissions/075daea41a3693391f912dbdaad503ad9a6d1aac703e30149ef6f812567367b8\": request timeout"
time="2026-09-13T02:34:02Z" level=warning msg="Request Failed" error="Get \"http://nginx/api/admissions/63aa833ba952bf941c8bde6c9b14365006deed173cab2e7a3b5f7da9379ad7c7\": request timeout"
time="2026-09-13T02:34:02Z" level=warning msg="Request Failed" error="Get \"http://nginx/api/admissions/c77a514491de1b208484242dff4b4177d3c5ca63d284900104224495fbc6bad0\": request timeout"
time="2026-09-13T02:34:02Z" level=warning msg="Request Failed" error="Get \"http://nginx/api/admissions/1ed06fb96536deb1538870fb0844f29df70e55ddc6cda4fd7774c395021fe949\": request timeout"
time="2026-09-13T02:34:02Z" level=warning msg="Request Failed" error="Get \"http://nginx/api/admissions/6d96beb2e6e069728e2dce37704836b4c9bff6f3379d7aeee35d637cd7da0023\": request timeout"
time="2026-09-13T02:34:02Z" level=warning msg="Request Failed" error="Get \"http://nginx/api/admissions/682fac9bc58dacb46b69863babc64b625fa8e7d81317c1efc750ecf3e8ea1393\": request timeout"
time="2026-09-13T02:34:02Z" level=warning msg="Request Failed" error="Get \"http://nginx/api/admissions/f7c6c81b9c8c191d3addbc9294945265e640ee694f7bd60ed9e5dd19371541dd\": request timeout"
time="2026-09-13T02:34:02Z" level=warning msg="Request Failed" error="Get \"http://nginx/api/admissions/9c2b38bfb6b0ca33bc3e30cf404f05a4e59c404fd04123bec8397421a0e387d0\": request timeout"
time="2026-09-13T02:34:02Z" level=warning msg="Request Failed" error="Get \"http://nginx/api/admissions/1fb30651f49b0150daf04daabb8d2d77773584770f8b922726f14e0b1c3a0a24\": request timeout"
time="2026-09-13T02:34:02Z" level=warning msg="Request Failed" error="Get \"http://nginx/api/admissions/5dabb50e00dd8dbda5df0710072878d6af6d19f01a3d363db94d424b8f9aa78b\": request timeout"
time="2026-09-13T02:34:02Z" level=warning msg="Request Failed" error="Get \"http://nginx/api/admissions/fd28d48e02e685d66f77c8454fa7e3a26b9d5624fbb681ae96e604b1210e2f5f\": request timeout"
time="2026-09-13T02:34:02Z" level=warning msg="Request Failed" error="Get \"http://nginx/api/admissions/c9277d9ce736d2e9fcd53352174d2dd6c6758ed38368a62328b0997d9d0c90c8\": request timeout"
time="2026-09-13T02:34:02Z" level=warning msg="Request Failed" error="Get \"http://nginx/api/admissions/ebbfbfe245a012a635ea30ac5ab9a1a65b8f4573aac2861ccd2776a611451acd\": request timeout"
time="2026-09-13T02:34:02Z" level=warning msg="Request Failed" error="Get \"http://nginx/api/admissions/d13907c02b7505b0d3320702a247776175b30e8f7d792f3b58daa54a1b67b99d\": request timeout"
time="2026-09-13T02:34:02Z" level=warning msg="Request Failed" error="Get \"http://nginx/api/admissions/8ae7ad156b4135dc2388d3848db9e18050ab78129c9af1fdb8bf2a18861d3294\": request timeout"
time="2026-09-13T02:34:02Z" level=warning msg="Request Failed" error="Get \"http://nginx/api/admissions/0b193af559277dd0a9b4b8e7227620ad4410ea06e16b1c712dcbdbe69fcb8ba3\": request timeout"
time="2026-09-13T02:34:02Z" level=warning msg="Request Failed" error="Get \"http://nginx/api/admissions/38a07457c265765a9857b399f57116aabf081d36c8ba4d3ba8d85b64d3222c96\": request timeout"
time="2026-09-13T02:34:03Z" level=warning msg="Request Failed" error="Get \"http://nginx/api/admissions/11d0724a68f06114e871fab641df66cb672d8b33f825a1cee21ea7dab096444f\": request timeout"
time="2026-09-13T02:34:03Z" level=warning msg="Request Failed" error="Get \"http://nginx/api/admissions/02d52aee2b23ac9adc699f995b899fd29a663587ce472945e77a18dbf5cb2c90\": request timeout"
time="2026-09-13T02:34:03Z" level=warning msg="Request Failed" error="Get \"http://nginx/api/admissions/73b4b0343472710940217e6dc06cc33d1113cf19bddfee2d2f65970235f78c81\": request timeout"
time="2026-09-13T02:34:03Z" level=warning msg="Request Failed" error="Get \"http://nginx/api/admissions/0e5c758c18a5713d15a97bbf4f1606a4ba2bb5c1a059912e88a65c13b91d556e\": request timeout"
time="2026-09-13T02:34:03Z" level=warning msg="Request Failed" error="Get \"http://nginx/api/admissions/3bba040e850ec12f06317b5eb26aa405091b21eb4a88ffea5576f069c7f80f14\": request timeout"
time="2026-09-13T02:34:03Z" level=warning msg="Request Failed" error="Get \"http://nginx/api/admissions/0a66f476b363c548315deb98ac15ba9db9127cec74f44424b926ea2d6162c1eb\": request timeout"
time="2026-09-13T02:34:03Z" level=warning msg="Request Failed" error="Get \"http://nginx/api/admissions/416d494cee940e461495b03d86442187de1841bdc46d2928c9b18bd84ba90248\": request timeout"
time="2026-09-13T02:34:03Z" level=warning msg="Request Failed" error="Get \"http://nginx/api/admissions/3ee15bbc4f31a58ab2990a05e721147804e0887040130f1408682328921f9c35\": request timeout"
time="2026-09-13T02:34:03Z" level=warning msg="Request Failed" error="Get \"http://nginx/api/admissions/7e8258af65e9892b686050ceae6584561f1e4d18689f831fbfaaef22a2bc34db\": request timeout"
time="2026-09-13T02:34:03Z" level=warning msg="Request Failed" error="Get \"http://nginx/api/admissions/779870a3f97e1208635fdacf40113a1fe1e2f504ee569791093de686b72a2d09\": request timeout"
time="2026-09-13T02:34:03Z" level=warning msg="Request Failed" error="Get \"http://nginx/api/admissions/d01748383232e6bfd886c2ed57b3f00c4992aa329f522fb4c71ad03ba5e0681a\": request timeout"
time="2026-09-13T02:34:03Z" level=warning msg="Request Failed" error="Get \"http://nginx/api/admissions/2840edfe5aab33816fc4015ad027c78ad7e1f450a29734fae351bf92008c40e8\": request timeout"
time="2026-09-13T02:34:03Z" level=warning msg="Request Failed" error="Get \"http://nginx/api/admissions/6b6c0cbf5e0c30faa9eba8a384cdde2000698e6723db920c3a06a36c856ea708\": request timeout"
time="2026-09-13T02:34:03Z" level=warning msg="Request Failed" error="Get \"http://nginx/api/admissions/1b8f07b65749beb61ac25f87e3264ca591ef06cb76be6cfc2b888897b4c8aaa1\": request timeout"
time="2026-09-13T02:34:03Z" level=warning msg="Request Failed" error="Get \"http://nginx/api/admissions/ee61d177b5e9a6e56045d2679a9d9f65e4ea3be303b0fd1ab87846aea720c8ff\": request timeout"
time="2026-09-13T02:34:03Z" level=warning msg="Request Failed" error="Get \"http://nginx/api/admissions/da2d406facf287e22675b6b99422eb2b9d458564893a075d389aef4647222702\": request timeout"

running (2m40.9s), 01518/02018 VUs, 2599 complete and 0 interrupted iterations
browsers ??[ 100% ] 02018/02018 VUs  1m0s  100.00 iters/s
time="2026-09-13T02:34:03Z" level=warning msg="Request Failed" error="Get \"http://nginx/api/admissions/77b358c9f36d73952432c163b25fd03d83cc07172f82c727ae6b1978ddae382b\": request timeout"
time="2026-09-13T02:34:03Z" level=warning msg="Request Failed" error="Get \"http://nginx/api/admissions/9d1f1f60b83551d6cc8e9840c60668c1822afac9def921318f34364b77a3bb1b\": request timeout"
time="2026-09-13T02:34:03Z" level=warning msg="Request Failed" error="Get \"http://nginx/api/admissions/f4b01e8d44e318cd82272dd8a1a3d41f97ed9347237a7b740dc6c924012d9591\": request timeout"
time="2026-09-13T02:34:03Z" level=warning msg="Request Failed" error="Get \"http://nginx/api/admissions/3d87289622fa80013445fde29b5cbe7579b340e7b6152955d69e8c7b9afa9a96\": request timeout"
time="2026-09-13T02:34:03Z" level=warning msg="Request Failed" error="Get \"http://nginx/api/admissions/f71eea886e6d443e6a23aecaba7b42f46665a455b73bcba6519a7ea4cbe0f1db\": request timeout"
time="2026-09-13T02:34:03Z" level=warning msg="Request Failed" error="Get \"http://nginx/api/admissions/43ca89b6619ffb9d9b4961429e33fa96648a9533e780000907c53aaccf0fc728\": request timeout"
time="2026-09-13T02:34:03Z" level=warning msg="Request Failed" error="Get \"http://nginx/api/admissions/f4e12caf6bab882f0021960e09eb988786e8c3b32b35247b1789b395a2c8bfe9\": request timeout"
time="2026-09-13T02:34:03Z" level=warning msg="Request Failed" error="Get \"http://nginx/api/admissions/644352f239d80e19c57e7e7544372150389cf6d2bd3b6f086d1ceebceeb176c4\": request timeout"
time="2026-09-13T02:34:03Z" level=warning msg="Request Failed" error="Get \"http://nginx/api/admissions/9c7e0e8544163a2bf4b8f1e97c583e37b06e8c92280822444b606a37ee447347\": request timeout"
time="2026-09-13T02:34:03Z" level=warning msg="Request Failed" error="Get \"http://nginx/api/admissions/95e138d2d9da6cf70d998ae46c370cc66105283ebd2774bd8dad6de447fa686c\": request timeout"
time="2026-09-13T02:34:03Z" level=warning msg="Request Failed" error="Get \"http://nginx/api/admissions/1cdccab3d8f8643df7c553bff1270353030dbab1d0238f24386d44c3adc3ed14\": request timeout"
time="2026-09-13T02:34:03Z" level=warning msg="Request Failed" error="Get \"http://nginx/api/admissions/525c8c62e236485b9be3d65f8406117a842a0a4179fe8ba8be08196ba9c26cdd\": request timeout"
time="2026-09-13T02:34:03Z" level=warning msg="Request Failed" error="Get \"http://nginx/api/admissions/4670021c1919edb26184e1dd38828997ceed27e922932f9455acb1a82be29048\": request timeout"
time="2026-09-13T02:34:03Z" level=warning msg="Request Failed" error="Get \"http://nginx/api/admissions/7671deec2bd23a60ae8cc03bb9e0a14b36a95da3e14a334664d801a5292e23dd\": request timeout"
time="2026-09-13T02:34:03Z" level=warning msg="Request Failed" error="Get \"http://nginx/api/admissions/f5adab5aad236c5a07cc241f5a5640c8299b8dde5a9c3d961032693b97221dc9\": request timeout"
time="2026-09-13T02:34:03Z" level=warning msg="Request Failed" error="Get \"http://nginx/api/admissions/54ce60a5ed73fb82eb69aad325b844c0d279d42cd24ca366edfb93be3803fadb\": request timeout"
time="2026-09-13T02:34:03Z" level=warning msg="Request Failed" error="Get \"http://nginx/api/admissions/d3a67d50b3bbbaacef05879b7bc709accbb997b2f476a16f495f05daa71f6fc5\": request timeout"
time="2026-09-13T02:34:03Z" level=warning msg="Request Failed" error="Get \"http://nginx/api/admissions/5918be2d7410c26d5449064bc02f71e450f8b792b6a193a6c48607cde9d7f4ab\": request timeout"
time="2026-09-13T02:34:03Z" level=warning msg="Request Failed" error="Get \"http://nginx/api/admissions/e0ec0d86effea89192f8e21c55d45aea40cc71ea4746841f25fc437dd9162538\": request timeout"

running (2m41.9s), 01513/02018 VUs, 2604 complete and 0 interrupted iterations
browsers ??[ 100% ] 02018/02018 VUs  1m0s  100.00 iters/s

running (2m42.9s), 01505/02018 VUs, 2612 complete and 0 interrupted iterations
browsers ??[ 100% ] 02018/02018 VUs  1m0s  100.00 iters/s
time="2026-09-13T02:34:05Z" level=warning msg="Request Failed" error="Get \"http://nginx/api/admissions/aa30cce6fad491521724ad881c4e0cfced8aeec820487b0801b702def15e0741\": request timeout"
time="2026-09-13T02:34:05Z" level=warning msg="Request Failed" error="Get \"http://nginx/api/admissions/8dbbbc5e1318bde4121baf2f2d8313d4232eae935f648f0c04d5086b6468bd93\": request timeout"
time="2026-09-13T02:34:05Z" level=warning msg="Request Failed" error="Get \"http://nginx/api/admissions/b95cf64e353fd6a08c418866f29903e702234e43b0537678094ad59092393b63\": request timeout"
time="2026-09-13T02:34:05Z" level=warning msg="Request Failed" error="Get \"http://nginx/api/admissions/5e43674594abebcfa35e2d07087a7027eb80b86823db21316edacf32677e203a\": request timeout"
time="2026-09-13T02:34:05Z" level=warning msg="Request Failed" error="Get \"http://nginx/api/admissions/cea3726a5ac800cff5251847bf5d9347ee7bb5cc8056e3f2f03ac8cfdfc7e8c8\": request timeout"
time="2026-09-13T02:34:05Z" level=warning msg="Request Failed" error="Get \"http://nginx/api/admissions/e82ccb81efd517b604d34dbe89413ecfd0708dd8a6776c0e69f30183064cd266\": request timeout"
time="2026-09-13T02:34:05Z" level=warning msg="Request Failed" error="Get \"http://nginx/api/admissions/e5c4df39c57b18efc1aa320f7089253a1192c5945f5a6013f64bdd40e5a259cd\": request timeout"
time="2026-09-13T02:34:05Z" level=warning msg="Request Failed" error="Get \"http://nginx/api/admissions/d1a57ea533f8f92019ccd69e01dba6762cccc4a800175fb41b76c3b6957fb554\": request timeout"
time="2026-09-13T02:34:05Z" level=warning msg="Request Failed" error="Get \"http://nginx/api/admissions/62b6df06d20d1a44e08dab6a1ccc48c77caf32f340a6132ed12e406a872e5651\": request timeout"
time="2026-09-13T02:34:05Z" level=warning msg="Request Failed" error="Get \"http://nginx/api/admissions/37f4200d9d673055c7782d91db50b4e642d579f6705e48cc5218cabb73bea959\": request timeout"
time="2026-09-13T02:34:05Z" level=warning msg="Request Failed" error="Get \"http://nginx/api/admissions/01c268cd2fbb7190fabfd705e5e1867f1c06dac3228b97cfb27502f9f546410a\": request timeout"
time="2026-09-13T02:34:06Z" level=warning msg="Request Failed" error="Get \"http://nginx/api/admissions/f29cd0e421f975461053ac6b6bfac66255097f2c467c75b81bbdd1444bf74a43\": request timeout"
time="2026-09-13T02:34:06Z" level=warning msg="Request Failed" error="Get \"http://nginx/api/admissions/6e3e36ac9ae6f3788717968e33aa76ba6dfd6a1cbff1dbd7da828e6c5cb56fea\": request timeout"
time="2026-09-13T02:34:06Z" level=warning msg="Request Failed" error="Get \"http://nginx/api/admissions/f3924a974f4db04b55777faeb9adab88a18fd28666d780c1785026f35d648e69\": request timeout"
time="2026-09-13T02:34:06Z" level=warning msg="Request Failed" error="Get \"http://nginx/api/admissions/85b82f7a4aac0da0fc0a4b13fe09b580e4f1e33fed55ba5477d77c2394e63325\": request timeout"
time="2026-09-13T02:34:06Z" level=warning msg="Request Failed" error="Get \"http://nginx/api/admissions/af1f8b6560d626c7fc68c9557c6e28391417711238c6aa2156529c4cab6b6cd1\": request timeout"
time="2026-09-13T02:34:06Z" level=warning msg="Request Failed" error="Get \"http://nginx/api/admissions/5721528771b4e78bcc40cc1c2009bdd6ba919b5dbfa03ae184f66902c6f43454\": request timeout"
time="2026-09-13T02:34:06Z" level=warning msg="Request Failed" error="Get \"http://nginx/api/admissions/9455768f52512c93c27d84dade7f13e97e325943354984386506db4f59eee287\": request timeout"
time="2026-09-13T02:34:06Z" level=warning msg="Request Failed" error="Get \"http://nginx/api/admissions/88b9c2c41a5858edf0fb063ac08d19bd0123bdbda29451866fe158a3bea463f7\": request timeout"
time="2026-09-13T02:34:06Z" level=warning msg="Request Failed" error="Get \"http://nginx/api/admissions/87f4bbdc4ada4985233b2bdb96cae72f0fb680eb69ce1afca0e8ce75f1a31e8d\": request timeout"

running (2m43.9s), 01497/02018 VUs, 2620 complete and 0 interrupted iterations
browsers ??[ 100% ] 02018/02018 VUs  1m0s  100.00 iters/s
time="2026-09-13T02:34:06Z" level=warning msg="Request Failed" error="Get \"http://nginx/api/admissions/3ca0aeaa3a0f6edc6e79cc8182b41500cdb6f3ce9323446128ad3dce35712c39\": request timeout"
time="2026-09-13T02:34:06Z" level=warning msg="Request Failed" error="Get \"http://nginx/api/admissions/981815d29ac39f96d610b80c2b0057aaf1320eb81566480d1f6c8f8a5079ba42\": request timeout"
time="2026-09-13T02:34:06Z" level=warning msg="Request Failed" error="Get \"http://nginx/api/admissions/c32ea921773b36144f898e02ce14aea3ce20f69d1c725ee348661bde0fa2dbef\": request timeout"
time="2026-09-13T02:34:06Z" level=warning msg="Request Failed" error="Get \"http://nginx/api/admissions/d88b34295c203b2948d0ba5504415d7a762e1dc7a85129232804899253176456\": request timeout"
time="2026-09-13T02:34:06Z" level=warning msg="Request Failed" error="Get \"http://nginx/api/admissions/62edfe1c4acbd35b16153f96500c3dee1c3834135c62fcfe02fa31782d0fbf8b\": request timeout"

running (2m44.9s), 01489/02018 VUs, 2628 complete and 0 interrupted iterations
browsers ??[ 100% ] 02018/02018 VUs  1m0s  100.00 iters/s

running (2m45.9s), 01482/02018 VUs, 2635 complete and 0 interrupted iterations
browsers ??[ 100% ] 02018/02018 VUs  1m0s  100.00 iters/s

running (2m46.9s), 01474/02018 VUs, 2643 complete and 0 interrupted iterations
browsers ??[ 100% ] 02018/02018 VUs  1m0s  100.00 iters/s

running (2m47.9s), 01468/02018 VUs, 2649 complete and 0 interrupted iterations
browsers ??[ 100% ] 02018/02018 VUs  1m0s  100.00 iters/s

running (2m48.9s), 01468/02018 VUs, 2649 complete and 0 interrupted iterations
browsers ??[ 100% ] 02018/02018 VUs  1m0s  100.00 iters/s

running (2m49.9s), 01468/02018 VUs, 2649 complete and 0 interrupted iterations
browsers ??[ 100% ] 02018/02018 VUs  1m0s  100.00 iters/s

running (2m51.0s), 01468/02018 VUs, 2649 complete and 0 interrupted iterations
browsers ??[ 100% ] 02018/02018 VUs  1m0s  100.00 iters/s
time="2026-09-13T02:34:13Z" level=warning msg="Request Failed" error="Get \"http://nginx/api/admissions/36cc406685b4a50e15ffe28b4cf8b9e8fe3b375a006693d10940668bb7337a79\": request timeout"
time="2026-09-13T02:34:13Z" level=warning msg="Request Failed" error="Get \"http://nginx/api/admissions/e4422486a2c9fee02fe64a240ae3043b9f443151f7cbb8b72559b27e30c7b629\": request timeout"
time="2026-09-13T02:34:13Z" level=warning msg="Request Failed" error="Get \"http://nginx/api/admissions/7e8e4ea4c4e22a264952cbdacee99ac17d81af25fa1001962ea179037d2e7524\": request timeout"
time="2026-09-13T02:34:13Z" level=warning msg="Request Failed" error="Get \"http://nginx/api/admissions/c9dc06fb9888ea5d46207269116170fdcd5f68e191b6007be5dc4cf3db270111\": request timeout"
time="2026-09-13T02:34:13Z" level=warning msg="Request Failed" error="Get \"http://nginx/api/admissions/18582494e21c750834a2d1cf186635fd02fe7d4a9ca5930011b04e28a37b909f\": request timeout"
time="2026-09-13T02:34:13Z" level=warning msg="Request Failed" error="Get \"http://nginx/api/admissions/600509cfc112d6ec9fc29fdf1b549457154baba9e50b1b4e381262fe24e5cafe\": request timeout"
time="2026-09-13T02:34:13Z" level=warning msg="Request Failed" error="Get \"http://nginx/api/admissions/2bcc6bc8541222654c33f4fa7b405d5e42f21df6e37dfce0444d3949a0bedfed\": request timeout"
time="2026-09-13T02:34:13Z" level=warning msg="Request Failed" error="Get \"http://nginx/api/admissions/81171eac0267fdb1251d8d8fed9102db870f97b18b525e1b6dcb08b27e8ae7ff\": request timeout"
time="2026-09-13T02:34:13Z" level=warning msg="Request Failed" error="Get \"http://nginx/api/admissions/5351330b33d553144caa4bad7bc34cd7cb41dab8a672e1897238de2fae1cfc30\": request timeout"
time="2026-09-13T02:34:14Z" level=warning msg="Request Failed" error="Get \"http://nginx/api/admissions/61a855d959868b6384b1a89014a0cea77ba95abc86cdbd516b70fce3f7b2d013\": request timeout"
time="2026-09-13T02:34:14Z" level=warning msg="Request Failed" error="Get \"http://nginx/api/admissions/233e81d24bd0134fa22241aaaaa45529bf3a0f7c87040fcab39bb71076b49323\": request timeout"
time="2026-09-13T02:34:14Z" level=warning msg="Request Failed" error="Get \"http://nginx/api/admissions/caca5ca9457c3f792023ff26f1af0b4e1a4f04cb8b1e2defea0e8517d9fb1502\": request timeout"
time="2026-09-13T02:34:14Z" level=warning msg="Request Failed" error="Get \"http://nginx/api/admissions/ef78140e09f574bec921fdab33afac3241132e0fa4ef95f221326b8ffd617e99\": request timeout"
time="2026-09-13T02:34:14Z" level=warning msg="Request Failed" error="Get \"http://nginx/api/admissions/81bec139e563b2025ea0e11ace85d48513415fcbdac76a28f03571ed7d3bd5d0\": request timeout"
time="2026-09-13T02:34:14Z" level=warning msg="Request Failed" error="Get \"http://nginx/api/admissions/b0f2334a94a52cc781e4dece187aaa84a5ef9d97b39add7c5976cd179d72a8af\": request timeout"
time="2026-09-13T02:34:14Z" level=warning msg="Request Failed" error="Get \"http://nginx/api/admissions/8f4f1e4cf1c4e505063f7e3df5155cd3c48f55340e8dcd9014e212e246285bec\": request timeout"
time="2026-09-13T02:34:14Z" level=warning msg="Request Failed" error="Get \"http://nginx/api/admissions/e751d5933b6f4ab0519ea3f42eba329b0c1c51816cd4ec23cfbe95fa13870331\": request timeout"
time="2026-09-13T02:34:14Z" level=warning msg="Request Failed" error="Get \"http://nginx/api/admissions/1e26fd3de6ab9a61805cfa47834490735ff32a34506217ecabf8ca19f6cd439a\": request timeout"
time="2026-09-13T02:34:14Z" level=warning msg="Request Failed" error="Get \"http://nginx/api/admissions/7a12867613025a85cbb31b906f10a47dca17b9fe48e5dbcfa147d0cc2d45cbd0\": request timeout"
time="2026-09-13T02:34:14Z" level=warning msg="Request Failed" error="Get \"http://nginx/api/admissions/c0051981550f69f0bd4734e9465efaad600803c43cc41f9dad0d568bf60ec0b8\": request timeout"
time="2026-09-13T02:34:14Z" level=warning msg="Request Failed" error="Get \"http://nginx/api/admissions/871c6cfaa31a5d95d9ec6f9201bdf80f1880928a66a133451172a2fa49cf46cc\": request timeout"
time="2026-09-13T02:34:14Z" level=warning msg="Request Failed" error="Get \"http://nginx/api/admissions/83545068f2228b8a5fc3556fed461f86991d9a52a57a7a3d6582aa0dc74b2be0\": request timeout"

running (2m51.9s), 01463/02018 VUs, 2654 complete and 0 interrupted iterations
browsers ??[ 100% ] 02018/02018 VUs  1m0s  100.00 iters/s
time="2026-09-13T02:34:14Z" level=warning msg="Request Failed" error="Get \"http://nginx/api/admissions/cacb6f2189deb0bb9600d3d7aa36fd60cdfa6dce3d877db155079b5322881a07\": request timeout"
time="2026-09-13T02:34:14Z" level=warning msg="Request Failed" error="Get \"http://nginx/api/admissions/214089dfc3e29aa753264a96512659ac997757860fa6b53076aea55dfba564e8\": request timeout"
time="2026-09-13T02:34:14Z" level=warning msg="Request Failed" error="Get \"http://nginx/api/admissions/c9dc1a89300858a78f357e06893aec5bdf60c3980e9888b9fb508b2bcc6fcbda\": request timeout"
time="2026-09-13T02:34:14Z" level=warning msg="Request Failed" error="Get \"http://nginx/api/admissions/6fd30b6a35bb2d2439d846b0567dc39375cefd83c6eb4215092f26b166e1c686\": request timeout"
time="2026-09-13T02:34:14Z" level=warning msg="Request Failed" error="Get \"http://nginx/api/admissions/528dd059dd4776e5ae74dc1cf88565de6856929c774f360f947d8aa633ac91c9\": request timeout"
time="2026-09-13T02:34:14Z" level=warning msg="Request Failed" error="Get \"http://nginx/api/admissions/75cfe45a521b57d9d2d811c17313b47cb476adbb473197faf74a9aede437cf63\": request timeout"
time="2026-09-13T02:34:14Z" level=warning msg="Request Failed" error="Get \"http://nginx/api/admissions/e7e690ffad0d616db6d7ee48a0c77ebc91c8ef883edea13db56662131e3813e2\": request timeout"
time="2026-09-13T02:34:14Z" level=warning msg="Request Failed" error="Get \"http://nginx/api/admissions/a99241b6fb09c98cc426921da8e6654834b9c2ff024ed017d49de7e69e9370b7\": request timeout"
time="2026-09-13T02:34:14Z" level=warning msg="Request Failed" error="Get \"http://nginx/api/admissions/ba1b7ce9d414eb2ae1db81fe6a0bb8f00c4581b98fdeb09c034415d178bd7824\": request timeout"
time="2026-09-13T02:34:14Z" level=warning msg="Request Failed" error="Get \"http://nginx/api/admissions/76526663cbd156c43d979c93a137a9301a3efd077e0ced67dce92bc54a0a8716\": request timeout"
time="2026-09-13T02:34:14Z" level=warning msg="Request Failed" error="Get \"http://nginx/api/admissions/e2d9e01b933c1614ed64c69a17139a5b37517d414b8eaea5c8a360ec82ba6e20\": request timeout"
time="2026-09-13T02:34:14Z" level=warning msg="Request Failed" error="Get \"http://nginx/api/admissions/d19b7901568e74c6623f311762fb16333264f5e469118cdb935452b2d30e6915\": request timeout"
time="2026-09-13T02:34:14Z" level=warning msg="Request Failed" error="Get \"http://nginx/api/admissions/99de155b07dada92f67f019b712323942256e5999ad3513c703ba81afe4dfe66\": request timeout"
time="2026-09-13T02:34:14Z" level=warning msg="Request Failed" error="Get \"http://nginx/api/admissions/efb72e6b54e499faf948a5aaea7506f8a73c7db21126841f75443a7d9b2ea23f\": request timeout"
time="2026-09-13T02:34:14Z" level=warning msg="Request Failed" error="Get \"http://nginx/api/admissions/e17a2abcc5af9e1bf3fb3cd6ebc4728abdead74b213dd81c92ed6c75c32b7774\": request timeout"
time="2026-09-13T02:34:14Z" level=warning msg="Request Failed" error="Get \"http://nginx/api/admissions/66934ddb0d87b9fdfb8bb575a69fa34d53e923bb29d1c5249f8216dcaaf107d6\": request timeout"
time="2026-09-13T02:34:14Z" level=warning msg="Request Failed" error="Get \"http://nginx/api/admissions/5a662321579672d02ad73f958094b255bf4ca2fd02297e378ed93388f102ce60\": request timeout"
time="2026-09-13T02:34:14Z" level=warning msg="Request Failed" error="Get \"http://nginx/api/admissions/83aa33ea998e34475569d6b510a549662d31172322f1a33faf938c3e721db849\": request timeout"
time="2026-09-13T02:34:14Z" level=warning msg="Request Failed" error="Get \"http://nginx/api/admissions/3bdf56469dd76762a1f4f838081e54e2643103623eb5f29432153d2e48d8389d\": request timeout"
time="2026-09-13T02:34:14Z" level=warning msg="Request Failed" error="Get \"http://nginx/api/admissions/218453443a393cd8e9446f04654301a0c2eafbcafaac58739a943de44334ca06\": request timeout"
time="2026-09-13T02:34:14Z" level=warning msg="Request Failed" error="Get \"http://nginx/api/admissions/76f120c71bc4ae401a9fcf0f94e07b303e59d12f947ff49334495bce4e1a79d6\": request timeout"
time="2026-09-13T02:34:14Z" level=warning msg="Request Failed" error="Get \"http://nginx/api/admissions/4498fe67d8edf9a85c80b045c66dd75dcfd5cb87efc8f1e626febcc2c2f48e08\": request timeout"
time="2026-09-13T02:34:14Z" level=warning msg="Request Failed" error="Get \"http://nginx/api/admissions/413506738a0ef22b5ca49d435b525b2143cfc5100060ec60fcb08baeb162fe60\": request timeout"
time="2026-09-13T02:34:14Z" level=warning msg="Request Failed" error="Get \"http://nginx/api/admissions/0e34a6387503566956db21d8fcfc783bf89126ad6d135547926d2451eb655b34\": request timeout"
time="2026-09-13T02:34:14Z" level=warning msg="Request Failed" error="Get \"http://nginx/api/admissions/00b6019e76ee5a6bd7bd5c3303062735788a784ad1b70a41fb3b9a48e39132c7\": request timeout"
time="2026-09-13T02:34:14Z" level=warning msg="Request Failed" error="Get \"http://nginx/api/admissions/ae1088dacc0e25624d0f1c70280025e068cd7b894926d328c2f187e70e167168\": request timeout"
time="2026-09-13T02:34:14Z" level=warning msg="Request Failed" error="Get \"http://nginx/api/admissions/574d97d2a5b83df6f6d949a3788b2a5f13cb1d4dea90d3aa26c0acde18b0402c\": request timeout"
time="2026-09-13T02:34:14Z" level=warning msg="Request Failed" error="Get \"http://nginx/api/admissions/e251392dcc837b656d0b635b6db51f4335784331cea7ad321cc7e8cf7692026e\": request timeout"
time="2026-09-13T02:34:14Z" level=warning msg="Request Failed" error="Get \"http://nginx/api/admissions/5160b86a9c01386384811a2158d4cbae0407f70dfd69e2a941c2d08aa904aad1\": request timeout"
time="2026-09-13T02:34:14Z" level=warning msg="Request Failed" error="Get \"http://nginx/api/admissions/34adf6f94e0f2eadb7731e70500fdd11e379fd6d32c6ac1e09922b941997cc01\": request timeout"
time="2026-09-13T02:34:14Z" level=warning msg="Request Failed" error="Get \"http://nginx/api/admissions/800b22f750afad53f90ef60964b504cd74da708252159b5efe98ca425f0abad5\": request timeout"
time="2026-09-13T02:34:14Z" level=warning msg="Request Failed" error="Get \"http://nginx/api/admissions/cca9e268c684a4f3abc9e5cae95653b2994636be1cc74e0726ff8d08d24d91b6\": request timeout"
time="2026-09-13T02:34:14Z" level=warning msg="Request Failed" error="Get \"http://nginx/api/admissions/162cb6dc4ff9a60048830b5634c6d865c0584663e5b696f37f9ae753d6af4b5b\": request timeout"
time="2026-09-13T02:34:14Z" level=warning msg="Request Failed" error="Get \"http://nginx/api/admissions/c249ea9638a6660b5bb16f24b5131af611a001fc85c80f0f65dca760957b966d\": request timeout"
time="2026-09-13T02:34:14Z" level=warning msg="Request Failed" error="Get \"http://nginx/api/admissions/36eb7982e09bed25c101fee614294913f7573284f0ad851ca631c081ae2e83ff\": request timeout"
time="2026-09-13T02:34:14Z" level=warning msg="Request Failed" error="Get \"http://nginx/api/admissions/5a2ec25c73ce51476283f7a8af26e5167bc2bba117a5e2a18766eea3fd5900be\": request timeout"
time="2026-09-13T02:34:14Z" level=warning msg="Request Failed" error="Get \"http://nginx/api/admissions/cd0983eb626ccdb6b2bb2a4a27b7e0b5cf645dc35b371231654393fe13bc837d\": request timeout"
time="2026-09-13T02:34:14Z" level=warning msg="Request Failed" error="Get \"http://nginx/api/admissions/86d0e143eb8970386cfef48086018ab4a110d7dda213e4b1ba2b86d0cba3c594\": request timeout"
time="2026-09-13T02:34:15Z" level=warning msg="Request Failed" error="Get \"http://nginx/api/admissions/7563322ecfeb82da7d2fa06ffc763d8d23fb4fc084de708c9f56d08e7fc39edd\": request timeout"
time="2026-09-13T02:34:15Z" level=warning msg="Request Failed" error="Get \"http://nginx/api/admissions/4f01519a9cc1344cf364ff8a4d98eeaafce45e6de9e62329abc2f02664d9a057\": request timeout"
time="2026-09-13T02:34:15Z" level=warning msg="Request Failed" error="Get \"http://nginx/api/admissions/215df9b9e57c099c59f0a54c9eb9de64e7d8a7f97625e1a3e50bbebb4aac56a3\": request timeout"
time="2026-09-13T02:34:15Z" level=warning msg="Request Failed" error="Get \"http://nginx/api/admissions/c2c26847276b7be2b9a9565e0d8fa1674d6804f392a5af81a96f48acfeb0ede4\": request timeout"
time="2026-09-13T02:34:15Z" level=warning msg="Request Failed" error="Get \"http://nginx/api/admissions/2e08dddd116ce52c67499f36d0075adc2532c99f004c86a9868daeda01091206\": request timeout"
time="2026-09-13T02:34:15Z" level=warning msg="Request Failed" error="Get \"http://nginx/api/admissions/16e582ead268d7b6d4984eaa9be6c3dab0715a510a990377b18e0849b8894ebf\": request timeout"
time="2026-09-13T02:34:15Z" level=warning msg="Request Failed" error="Get \"http://nginx/api/admissions/dc9fb3269a4f98cece54be6df150b969be795e7d7f5face0d7c1d59cf29e20ea\": request timeout"
time="2026-09-13T02:34:15Z" level=warning msg="Request Failed" error="Get \"http://nginx/api/admissions/0c61203d900ac2b9d7e4505345b2f1201c123726f3264c2688d06faabaf63710\": request timeout"
time="2026-09-13T02:34:15Z" level=warning msg="Request Failed" error="Get \"http://nginx/api/admissions/3eb2d899878c9a07793a6194dd4cebbc3f8d44003a144a0e5995d72440ef1852\": request timeout"
time="2026-09-13T02:34:15Z" level=warning msg="Request Failed" error="Get \"http://nginx/api/admissions/f4eea0f207ff89655e2ed5dfbc775f3ba6173ee84328771461673da019ffdda5\": request timeout"
time="2026-09-13T02:34:15Z" level=warning msg="Request Failed" error="Get \"http://nginx/api/admissions/ef8a9967952f4da8d47d3f928b362816fd07e957156443851f2ccc966d71ef39\": request timeout"
time="2026-09-13T02:34:15Z" level=warning msg="Request Failed" error="Get \"http://nginx/api/admissions/e5b1d3d2b502e5dc54c2c9cb3de99aa4591d5bf0ba6c47014b2e3b55476b4531\": request timeout"
time="2026-09-13T02:34:15Z" level=warning msg="Request Failed" error="Get \"http://nginx/api/admissions/f89d4640fbbc5c52987620ff4cc2d130b0013c855a9b7ee340ea231aa2951216\": request timeout"
time="2026-09-13T02:34:15Z" level=warning msg="Request Failed" error="Get \"http://nginx/api/admissions/d8f109f67139a31b993e2dac125136f25772531cdf3db374e47a11e07d594bff\": request timeout"
time="2026-09-13T02:34:15Z" level=warning msg="Request Failed" error="Get \"http://nginx/api/admissions/1b3f9770412eced894f19b327648dc451f9ca39c565e8d09860065beceb98928\": request timeout"
time="2026-09-13T02:34:15Z" level=warning msg="Request Failed" error="Get \"http://nginx/api/admissions/a26c1e5fbad50af58019386d8b5c48fe4bf8968bf12d427aa0b6b56d2f75f33c\": request timeout"
time="2026-09-13T02:34:15Z" level=warning msg="Request Failed" error="Get \"http://nginx/api/admissions/6199b4bead1c21860f0514f7adb34362ed42c74eaa107b80d2fbd62f341ae2b6\": request timeout"
time="2026-09-13T02:34:15Z" level=warning msg="Request Failed" error="Get \"http://nginx/api/admissions/70f154d58808855da5aa44d0f5f33c43df58bcaa39f272dc13a112fb2153cab9\": request timeout"

running (2m52.9s), 01455/02018 VUs, 2662 complete and 0 interrupted iterations
browsers ??[ 100% ] 02018/02018 VUs  1m0s  100.00 iters/s
time="2026-09-13T02:34:15Z" level=warning msg="Request Failed" error="Get \"http://nginx/api/admissions/7bffe1fac09a8ef9d686f7e18a04df09a94ded489ea7142955cf108eed7ad2ae\": request timeout"
time="2026-09-13T02:34:15Z" level=warning msg="Request Failed" error="Get \"http://nginx/api/admissions/b34d36a5913118f76a3aa40cc83305fdbf716a25176d94228e5ed056d6b9f5fe\": request timeout"
time="2026-09-13T02:34:15Z" level=warning msg="Request Failed" error="Get \"http://nginx/api/admissions/dd5eb830f30160601db781b2d9952cac3bf35a318cfb9648048d7ed0030ced35\": request timeout"
time="2026-09-13T02:34:15Z" level=warning msg="Request Failed" error="Get \"http://nginx/api/admissions/c41bf6e20661608713015e0385b069db177f5503df256edf5df95e611b675a5b\": request timeout"
time="2026-09-13T02:34:15Z" level=warning msg="Request Failed" error="Get \"http://nginx/api/admissions/637ee363c5629ced1185c8daf082701a61c6823880e36ad9ad3d399837fe88e9\": request timeout"
time="2026-09-13T02:34:15Z" level=warning msg="Request Failed" error="Get \"http://nginx/api/admissions/1db7ea59e5f0b9579195782615911f3ad3459640a44798a3c29be3882f5a5385\": request timeout"
time="2026-09-13T02:34:15Z" level=warning msg="Request Failed" error="Get \"http://nginx/api/admissions/d80b16f69bb9f8b6b5c9ce41afe9701787c301376b6d3634ea97fad58a9be7fd\": request timeout"
time="2026-09-13T02:34:15Z" level=warning msg="Request Failed" error="Get \"http://nginx/api/admissions/c3565d0a3cbc85d4e83e5b81f40e78db6312322f5c057a19cc696286b69f4e6f\": request timeout"
time="2026-09-13T02:34:15Z" level=warning msg="Request Failed" error="Get \"http://nginx/api/admissions/ea7304c1fbcff2ab678de32355abe92b7ea0d9c2825ad75345959879261d5f0b\": request timeout"
time="2026-09-13T02:34:15Z" level=warning msg="Request Failed" error="Get \"http://nginx/api/admissions/d8c2b265b3b9211680cadea1d78c98c400c0441a4f75bb5c2e6a4e8467512930\": request timeout"
time="2026-09-13T02:34:15Z" level=warning msg="Request Failed" error="Get \"http://nginx/api/admissions/1adb88573513a358f5ed5474bf87325025bf9aaa6304e6800f5fa8200ce60e23\": request timeout"
time="2026-09-13T02:34:15Z" level=warning msg="Request Failed" error="Get \"http://nginx/api/admissions/20791ec4f580b51da415886768ef74034c4de4bc66cca473ceb8f41d45cdb6dd\": request timeout"
time="2026-09-13T02:34:15Z" level=warning msg="Request Failed" error="Get \"http://nginx/api/admissions/9f9c48cbf951e4fc027b69d5e7a1d6fe0ffdd90347ea2236c015adbaa2e2aeef\": request timeout"
time="2026-09-13T02:34:15Z" level=warning msg="Request Failed" error="Get \"http://nginx/api/admissions/841f32639aa1f9419742ecfdca54b796736de8fc82f3a9d0a68ecc10f0072d2b\": request timeout"
time="2026-09-13T02:34:15Z" level=warning msg="Request Failed" error="Get \"http://nginx/api/admissions/a3bd9912dc6e09b6472c7fab1e8503be62126c4a4740799d490ed2378c6fbe83\": request timeout"
time="2026-09-13T02:34:15Z" level=warning msg="Request Failed" error="Get \"http://nginx/api/admissions/c97dbd1b62d8aba0e7b831d007b89f0b073533fde8aed5090bcdea2e81449557\": request timeout"
time="2026-09-13T02:34:15Z" level=warning msg="Request Failed" error="Get \"http://nginx/api/admissions/e20b7d971f1610a310e0a415b4bac1e7b7e8db407e81768822c37054969795aa\": request timeout"
time="2026-09-13T02:34:15Z" level=warning msg="Request Failed" error="Get \"http://nginx/api/admissions/91aa2f31dacb2109f881f7b03a774180c378171b83f08fa7c243ad8735bd7af0\": request timeout"
time="2026-09-13T02:34:15Z" level=warning msg="Request Failed" error="Get \"http://nginx/api/admissions/2df7214c6707484d2cdf594e627b3b991a171ef34395cd686313659a7b185be1\": request timeout"
time="2026-09-13T02:34:15Z" level=warning msg="Request Failed" error="Get \"http://nginx/api/admissions/40f65161885183171ff09917f4890bbe5ff2975a75eb9b2f1f36f39a308d3459\": request timeout"
time="2026-09-13T02:34:15Z" level=warning msg="Request Failed" error="Get \"http://nginx/api/admissions/73a02e5b00567c9ad1950c84ca586227a8f4c2ead97a990efa385bd44717c71c\": request timeout"
time="2026-09-13T02:34:15Z" level=warning msg="Request Failed" error="Get \"http://nginx/api/admissions/aa521c454184df789bee5e28e3e9067cb3f71884dbffd62d4801cc761f50a5a2\": request timeout"
time="2026-09-13T02:34:15Z" level=warning msg="Request Failed" error="Get \"http://nginx/api/admissions/7402bf0fb0e8b41393cf0341757224adbac22d247d7ecd4844179d1b23ebc87f\": request timeout"
time="2026-09-13T02:34:15Z" level=warning msg="Request Failed" error="Get \"http://nginx/api/admissions/4e790dea1d5056a668db0e2ffebed3844c865b308dc9b457ff47dd6bc63bac06\": request timeout"
time="2026-09-13T02:34:15Z" level=warning msg="Request Failed" error="Get \"http://nginx/api/admissions/154a2c976418bf73d1f96fbecfd614d2ca6a0ce2e46f9b0c67695cf79be381b9\": request timeout"
time="2026-09-13T02:34:15Z" level=warning msg="Request Failed" error="Get \"http://nginx/api/admissions/ba30b2658d67ff698ef55bbf98f448c77598b945814e24f99e59fe250708351e\": request timeout"
time="2026-09-13T02:34:15Z" level=warning msg="Request Failed" error="Get \"http://nginx/api/admissions/619c2c687d583d2f63d7d7eb33cdf69bc41b88fe6766d301ff3484f2dccab90a\": request timeout"
time="2026-09-13T02:34:15Z" level=warning msg="Request Failed" error="Get \"http://nginx/api/admissions/dae242ba0617634587f77f4723c172eab2897167358608a98e25b75c10c98698\": request timeout"
time="2026-09-13T02:34:15Z" level=warning msg="Request Failed" error="Get \"http://nginx/api/admissions/8dbbc656cecd7fe7276edea7eb7546b3b8ffdf789e436f4d5e93daeb129aa364\": request timeout"
time="2026-09-13T02:34:15Z" level=warning msg="Request Failed" error="Get \"http://nginx/api/admissions/f2df2330893338b6ceb047e47984a0eb6a117eaa4b3f095d8eb92c7e79602998\": request timeout"
time="2026-09-13T02:34:15Z" level=warning msg="Request Failed" error="Get \"http://nginx/api/admissions/12c649440ee507f26518c600b42d8a9788fc6000f03fc48a09ad701091143019\": request timeout"
time="2026-09-13T02:34:15Z" level=warning msg="Request Failed" error="Get \"http://nginx/api/admissions/1fb1a5da42ceabd9f860c8fbcc2f0b3cf1433f3da8039892b96f160c6e8e026d\": request timeout"
time="2026-09-13T02:34:15Z" level=warning msg="Request Failed" error="Get \"http://nginx/api/admissions/e0da74f38d9213a722b99ca8d7728bb4f401929b2b75949f4757b0b62f4a171a\": request timeout"
time="2026-09-13T02:34:15Z" level=warning msg="Request Failed" error="Get \"http://nginx/api/admissions/8bb28b66008b477533635b5bcad47c3b79193aa29cb9f4245d189a0b8a0fb19b\": request timeout"
time="2026-09-13T02:34:15Z" level=warning msg="Request Failed" error="Get \"http://nginx/api/admissions/ac80ac868b2ceb647773aecfe5d9a338f1a4dff51a127e0570ac65b759f7abb1\": request timeout"
time="2026-09-13T02:34:15Z" level=warning msg="Request Failed" error="Get \"http://nginx/api/admissions/07be8324496722a61e1d881714efae742172150e4a1c2018f06d5bfafa12c54b\": request timeout"
time="2026-09-13T02:34:15Z" level=warning msg="Request Failed" error="Get \"http://nginx/api/admissions/dbfb11202deed12c2ff4cb06f948495484706523db22ac58899c8873bcb4641e\": request timeout"
time="2026-09-13T02:34:15Z" level=warning msg="Request Failed" error="Get \"http://nginx/api/admissions/c25169d2a4271017d399239fe3d19ea5614af74160b828909e1d5bf194bebed2\": request timeout"
time="2026-09-13T02:34:15Z" level=warning msg="Request Failed" error="Get \"http://nginx/api/admissions/2ff60bfee7a83ec205b23c347546c4f76d52497edda9f13a69badab3af542863\": request timeout"
time="2026-09-13T02:34:15Z" level=warning msg="Request Failed" error="Get \"http://nginx/api/admissions/2a5c1b8f3ef907c2f97aa7dfe515e7277a58e9d05ee624c55faf0e8fbcf03aca\": request timeout"
time="2026-09-13T02:34:15Z" level=warning msg="Request Failed" error="Get \"http://nginx/api/admissions/4c85e2e77ba78cff9806b82fe5931092e6c98254e9c1f3ef57566f9cbd7f40c7\": request timeout"
time="2026-09-13T02:34:15Z" level=warning msg="Request Failed" error="Get \"http://nginx/api/admissions/4a59c6275020a672cc1fd89c903aa66fb017c51d7719f35e91d0837fc31b274e\": request timeout"
time="2026-09-13T02:34:15Z" level=warning msg="Request Failed" error="Get \"http://nginx/api/admissions/dee1d4cae66c8460076cd76ad92c1091ac11c875089ee2ad603476982c1c53c0\": request timeout"
time="2026-09-13T02:34:15Z" level=warning msg="Request Failed" error="Get \"http://nginx/api/admissions/14cb33dd191dc5e9ddcd74399589308c269f11a118c7a26691f98769a47d7503\": request timeout"
time="2026-09-13T02:34:15Z" level=warning msg="Request Failed" error="Get \"http://nginx/api/admissions/4c7b6abd6d6fc67f62640000e458cc81fd1684310f998593e89c0863c6c6c65b\": request timeout"
time="2026-09-13T02:34:15Z" level=warning msg="Request Failed" error="Get \"http://nginx/api/admissions/6e75f3141325af39825e6f323fae365c225adea8320ed967d771f491aaad5778\": request timeout"
time="2026-09-13T02:34:15Z" level=warning msg="Request Failed" error="Get \"http://nginx/api/admissions/009350e047c2bc553b57c44c203528a2b5ed526c29faf82df23c0eab90701fd9\": request timeout"
time="2026-09-13T02:34:15Z" level=warning msg="Request Failed" error="Get \"http://nginx/api/admissions/360473bde313ebc2a2175f5c9a4241d612d7f263cb0f67d38a061d815a16742a\": request timeout"
time="2026-09-13T02:34:15Z" level=warning msg="Request Failed" error="Get \"http://nginx/api/admissions/bcee671bf99d9888395dfd5639e3e152fc525daa366097186ce08ad7ac99d4ef\": request timeout"
time="2026-09-13T02:34:15Z" level=warning msg="Request Failed" error="Get \"http://nginx/api/admissions/96298e8257ba6a88a068e90e774bfb51a5d29ee1d245256ad0d3ad62d932e693\": request timeout"
time="2026-09-13T02:34:15Z" level=warning msg="Request Failed" error="Get \"http://nginx/api/admissions/56d1971b15534a1974a6f48532bbc1f998cd7032754482c537cdac4d37721353\": request timeout"
time="2026-09-13T02:34:15Z" level=warning msg="Request Failed" error="Get \"http://nginx/api/admissions/1edace211fa86c5e2f9583c237e58c43985a6f9843fec6d87b0fc9895b0c24ea\": request timeout"
time="2026-09-13T02:34:15Z" level=warning msg="Request Failed" error="Get \"http://nginx/api/admissions/041e41397e2cd0c60b310aee621a28e4ae4a8f7f1763ec9511dfed04bb280ff0\": request timeout"
time="2026-09-13T02:34:15Z" level=warning msg="Request Failed" error="Get \"http://nginx/api/admissions/807f6c06aaf00000517ed9eae5d617e34aab940a368341716af1314ca6cd95f1\": request timeout"
time="2026-09-13T02:34:15Z" level=warning msg="Request Failed" error="Get \"http://nginx/api/admissions/5ce373fb4305f2cdb6ee4506c0dd43b65dbf5af5d7180d29e74210d6e9c8badd\": request timeout"
time="2026-09-13T02:34:15Z" level=warning msg="Request Failed" error="Get \"http://nginx/api/admissions/990a5c272884b8f77e2f23388bfc1cae372f7c2e9ce0c61abddefe1eeff6368e\": request timeout"
time="2026-09-13T02:34:15Z" level=warning msg="Request Failed" error="Get \"http://nginx/api/admissions/fc5b139fedef9d51b64875d9f7f8408b4ac74b650b6c274f53c868656bf61a55\": request timeout"
time="2026-09-13T02:34:15Z" level=warning msg="Request Failed" error="Get \"http://nginx/api/admissions/875b9fe37ec9e745ddaab6ee9212b61a2419f2239cb5ee4c0d0f77abbe2f9a11\": request timeout"
time="2026-09-13T02:34:15Z" level=warning msg="Request Failed" error="Get \"http://nginx/api/admissions/4316ff384554b933e021a3c1a9f0fca3bf09b72a05072f7e85dae629d9694a76\": request timeout"
time="2026-09-13T02:34:15Z" level=warning msg="Request Failed" error="Get \"http://nginx/api/admissions/8474455660c01e668baee80861c9d171e564d3a7d83167eec980d43574cb1310\": request timeout"
time="2026-09-13T02:34:15Z" level=warning msg="Request Failed" error="Get \"http://nginx/api/admissions/c1fd65298accf7f993ef7720c80dd587778873b14eed9774d28fb908b8aefd20\": request timeout"
time="2026-09-13T02:34:15Z" level=warning msg="Request Failed" error="Get \"http://nginx/api/admissions/55b14f40d1b4e7104a1377d742fa095a0bb99da02dc4f03bcb5a5f79232b90b9\": request timeout"
time="2026-09-13T02:34:15Z" level=warning msg="Request Failed" error="Get \"http://nginx/api/admissions/df15c85552b3128dd147f81710f0d41753bdac631913d920bd5946c2a9d41a78\": request timeout"
time="2026-09-13T02:34:15Z" level=warning msg="Request Failed" error="Get \"http://nginx/api/admissions/9d07143f0fb8b0b422d9a2e1f17efbf253e720710fe38acce13d28b53e02d505\": request timeout"
time="2026-09-13T02:34:15Z" level=warning msg="Request Failed" error="Get \"http://nginx/api/admissions/7265b1b34199a46fd75ca9c2fda395999c692b8daa427d3973b997e6c64907d4\": request timeout"
time="2026-09-13T02:34:15Z" level=warning msg="Request Failed" error="Get \"http://nginx/api/admissions/e7081561cd79d2f83e657f28867535901e09578f6b9b2b42a2185d43312def3e\": request timeout"
time="2026-09-13T02:34:15Z" level=warning msg="Request Failed" error="Get \"http://nginx/api/admissions/c1d3252a2efb7e195e9239ecdce48cc69c83306439118743a3b3273b3f2c5f78\": request timeout"
time="2026-09-13T02:34:15Z" level=warning msg="Request Failed" error="Get \"http://nginx/api/admissions/922e9664cd2f0cbcf670d1a3e6288efacf72c71e5761bab5726ff524bc147efb\": request timeout"
time="2026-09-13T02:34:15Z" level=warning msg="Request Failed" error="Get \"http://nginx/api/admissions/29770992c6781e4815da4aec2e8d82af52d4425e9f9d504dc84566bba220dccd\": request timeout"
time="2026-09-13T02:34:15Z" level=warning msg="Request Failed" error="Get \"http://nginx/api/admissions/c2598342d6ce3578b40eb2d8d65f6c135d7587c29038945f22769995cf749489\": request timeout"
time="2026-09-13T02:34:16Z" level=warning msg="Request Failed" error="Get \"http://nginx/api/admissions/26d57036144e62c38f9117263779bebfebed521de449dfc27ac689a1ba22323d\": request timeout"
time="2026-09-13T02:34:16Z" level=warning msg="Request Failed" error="Get \"http://nginx/api/admissions/c348bf87b8334cb40e710fb93aa2d977283a92c472fb6c2c61a54e9481bd1df8\": request timeout"
time="2026-09-13T02:34:16Z" level=warning msg="Request Failed" error="Get \"http://nginx/api/admissions/af659a32d5485eb17f917c36167e6376ba9565dae230a84d0089e65c5c44e290\": request timeout"
time="2026-09-13T02:34:16Z" level=warning msg="Request Failed" error="Get \"http://nginx/api/admissions/38671617eafdb7b4429753bb16a35d11c982d8e0d65b936a1093837eb3e74d7b\": request timeout"
time="2026-09-13T02:34:16Z" level=warning msg="Request Failed" error="Get \"http://nginx/api/admissions/9a7417057be0a699383acdfe81500b3568b1434a74ab4daee1af005c06edc6dd\": request timeout"
time="2026-09-13T02:34:16Z" level=warning msg="Request Failed" error="Get \"http://nginx/api/admissions/8689944b4f88981a850654deb0cabcba34093be141b999e6f8285e983bbe6db6\": request timeout"
time="2026-09-13T02:34:16Z" level=warning msg="Request Failed" error="Get \"http://nginx/api/admissions/c790137c8cb72e7563aaead6e0615a52bb77b70d799fb3c287163652cdc808ce\": request timeout"
time="2026-09-13T02:34:16Z" level=warning msg="Request Failed" error="Get \"http://nginx/api/admissions/41ab44013519ccbfb3502425a14198fe71467e2b1c75c0c5ab654f0142d993d1\": request timeout"
time="2026-09-13T02:34:16Z" level=warning msg="Request Failed" error="Get \"http://nginx/api/admissions/968df357e428824370c0c08041efbce76233ef40cb97253df729516a8bc7d947\": request timeout"
time="2026-09-13T02:34:16Z" level=warning msg="Request Failed" error="Get \"http://nginx/api/admissions/698a2e43eb43f4a246260fa644eea5d871d1d1f0d9120aca4875eb1d87c68975\": request timeout"
time="2026-09-13T02:34:16Z" level=warning msg="Request Failed" error="Get \"http://nginx/api/admissions/1df10aee0c60512b03c58dee71321c50eef3e1e202375944127ee24c41b4bd33\": request timeout"
time="2026-09-13T02:34:16Z" level=warning msg="Request Failed" error="Get \"http://nginx/api/admissions/c7f1ea71239a984edf33b48ee865d9354430a918fc36b5b2a1e3802da4a82b59\": request timeout"
time="2026-09-13T02:34:16Z" level=warning msg="Request Failed" error="Get \"http://nginx/api/admissions/7ecb0a480a668732f48167b4f034524c410245ecf91b9c59be05d6f346991b7b\": request timeout"
time="2026-09-13T02:34:16Z" level=warning msg="Request Failed" error="Get \"http://nginx/api/admissions/b7986cb1a108ead96f63f1bfe39efed4fecd41c766913f40c5d47c1a5fdab807\": request timeout"
time="2026-09-13T02:34:16Z" level=warning msg="Request Failed" error="Get \"http://nginx/api/admissions/8e982e05b9cb823db0a1644d0629bbf5f2f8fdc8f4b304407086d70a28312503\": request timeout"
time="2026-09-13T02:34:16Z" level=warning msg="Request Failed" error="Get \"http://nginx/api/admissions/11d78f260ea2299d211b38ce2328cae28374045d9319c8d49f18de072206c8b7\": request timeout"
time="2026-09-13T02:34:16Z" level=warning msg="Request Failed" error="Get \"http://nginx/api/admissions/6b8fef48eb9a92194a3f464bc2f9986165115e9e7eb1d8fa0d33d49d509b081f\": request timeout"
time="2026-09-13T02:34:16Z" level=warning msg="Request Failed" error="Get \"http://nginx/api/admissions/b61dfe9762dd66185ca77c1e0fb474c52e7f4d548544c11334d391be6bfe5011\": request timeout"
time="2026-09-13T02:34:16Z" level=warning msg="Request Failed" error="Get \"http://nginx/api/admissions/c15a192050145a9f8bf87dc492bd7c87ce55effdd6d02d7c3fa54a7fc4db076a\": request timeout"
time="2026-09-13T02:34:16Z" level=warning msg="Request Failed" error="Get \"http://nginx/api/admissions/a53143c285a0f3b73469b11728f897f704c39a2aabfab465ae791567ecf4155d\": request timeout"
time="2026-09-13T02:34:16Z" level=warning msg="Request Failed" error="Get \"http://nginx/api/admissions/2901a27048103174e9c55ff49d1c3696c872388628d4b41958f21dca8edeaaaa\": request timeout"
time="2026-09-13T02:34:16Z" level=warning msg="Request Failed" error="Get \"http://nginx/api/admissions/f0e337a60e1aa51960f7baf2c7c0a5ee5064edc7db156a9b6fa914c9e6157933\": request timeout"
time="2026-09-13T02:34:16Z" level=warning msg="Request Failed" error="Get \"http://nginx/api/admissions/1617774fea4082253673f0ccdb75590ce9f160303409d2fbcf219fe5f8a8b76d\": request timeout"
time="2026-09-13T02:34:16Z" level=warning msg="Request Failed" error="Get \"http://nginx/api/admissions/8c3f601c98c40e06cceafa0922c68134d4b34c3527a9f934fda12f9a2b5957f6\": request timeout"
time="2026-09-13T02:34:16Z" level=warning msg="Request Failed" error="Get \"http://nginx/api/admissions/4c4774c8c0cfc76a7866eb5329e5b7b4e5bdd65836192c648c7d4b73dac546d6\": request timeout"
time="2026-09-13T02:34:16Z" level=warning msg="Request Failed" error="Get \"http://nginx/api/admissions/e4ae74f04f9790115c6ca7a9c53029904fa1d2c9a28656c4c247ebcac77a685a\": request timeout"
time="2026-09-13T02:34:16Z" level=warning msg="Request Failed" error="Get \"http://nginx/api/admissions/99fa78a74099e9d597b0910c28a30dbce12af42dc85f18519615d2ed1d317e4c\": request timeout"
time="2026-09-13T02:34:16Z" level=warning msg="Request Failed" error="Get \"http://nginx/api/admissions/e931ee046de0396da6656b4b4d4eed05b5d1b4022dcf0d683a02dcedb7493436\": request timeout"
time="2026-09-13T02:34:16Z" level=warning msg="Request Failed" error="Get \"http://nginx/api/admissions/3ed0c1dc1c037f081ea1889ef68e472230fbe3162db72e1bf1e836b2ad7d4d26\": request timeout"
time="2026-09-13T02:34:16Z" level=warning msg="Request Failed" error="Get \"http://nginx/api/admissions/a1d709a7a2efd2890dd29985dc53f21411a6563036ae2c4d778d742bf9de7d2d\": request timeout"
time="2026-09-13T02:34:16Z" level=warning msg="Request Failed" error="Get \"http://nginx/api/admissions/e46bc7cc5c4391d36788254f85d6cfec461663d275a968e876f13a38afd1950c\": request timeout"

running (2m53.9s), 01450/02018 VUs, 2667 complete and 0 interrupted iterations
browsers ??[ 100% ] 02018/02018 VUs  1m0s  100.00 iters/s
time="2026-09-13T02:34:16Z" level=warning msg="Request Failed" error="Get \"http://nginx/api/admissions/a3b61fc666e3f33d18adf7fc5fd02220c3ab316d6afd187d3b506c9f08fd8c93\": request timeout"
time="2026-09-13T02:34:16Z" level=warning msg="Request Failed" error="Get \"http://nginx/api/admissions/33d3e4c3de3896b9693b8e13dbbb04b2430f86f0e2fba533f6ca7dea279e87a3\": request timeout"
time="2026-09-13T02:34:16Z" level=warning msg="Request Failed" error="Get \"http://nginx/api/admissions/73a2e46ccb5cf0daba94c6bc1590c9b6630c01ef2dd9b1768e8c3c183c3cc447\": request timeout"
time="2026-09-13T02:34:16Z" level=warning msg="Request Failed" error="Get \"http://nginx/api/admissions/57c7eb04d7b7586d18d87fb914bd2479dc4e253de11352a2f7e26fc2881553f9\": request timeout"
time="2026-09-13T02:34:16Z" level=warning msg="Request Failed" error="Get \"http://nginx/api/admissions/0252d58c80981ad7ccae5b4e9b1e08e7ad5fd8cb759cea02b7a6033afd8541b7\": request timeout"
time="2026-09-13T02:34:16Z" level=warning msg="Request Failed" error="Get \"http://nginx/api/admissions/c4d2cf22871a1b21e7ceddd05bf8358bf535003b927fc64b8bcf4df821d801a2\": request timeout"
time="2026-09-13T02:34:16Z" level=warning msg="Request Failed" error="Get \"http://nginx/api/admissions/55a1ff649b5c88bbb115de3534612217493f9e56de2f904582e28da178b0e8f6\": request timeout"
time="2026-09-13T02:34:16Z" level=warning msg="Request Failed" error="Get \"http://nginx/api/admissions/8ff894fc59053626568dd67fcc3ea499048970725eadf2ed09a22e49f514c059\": request timeout"
time="2026-09-13T02:34:16Z" level=warning msg="Request Failed" error="Get \"http://nginx/api/admissions/72f9cf1e0ac287568947270a96d2dd05ef135bb2edad19b300ba616a17710dd7\": request timeout"
time="2026-09-13T02:34:16Z" level=warning msg="Request Failed" error="Get \"http://nginx/api/admissions/625dd117eaede7fa1a0dd4b1849840277e72afd1e705feaa70459fdcb15b9949\": request timeout"
time="2026-09-13T02:34:16Z" level=warning msg="Request Failed" error="Get \"http://nginx/api/admissions/b4d0d810e2e070bae48dae1d9d6f2d4e5ec48b3539023c40809c001b1d12f5f3\": request timeout"
time="2026-09-13T02:34:16Z" level=warning msg="Request Failed" error="Get \"http://nginx/api/admissions/32a8f9832753bc51a0c2bf7dd060429c831f3101e50236c42d22325880ca4ca1\": request timeout"
time="2026-09-13T02:34:16Z" level=warning msg="Request Failed" error="Get \"http://nginx/api/admissions/b01ab1b5ded38c7c89e40140095a851194302ce1caf75779489691d8c888fb7a\": request timeout"
time="2026-09-13T02:34:16Z" level=warning msg="Request Failed" error="Get \"http://nginx/api/admissions/7531906fa1023e43c11ec9c27716178f8bc509fdddc87bf12d6c2501e8aed11e\": request timeout"
time="2026-09-13T02:34:16Z" level=warning msg="Request Failed" error="Get \"http://nginx/api/admissions/5a5a49e08f71ec345817363cf097329d1cdc40efbd9ceeda07e614f911ce8f46\": request timeout"
time="2026-09-13T02:34:16Z" level=warning msg="Request Failed" error="Get \"http://nginx/api/admissions/8acbce19f66130d779a56c698996a7e0a012416b3f9727eab74f3727c2c0a91d\": request timeout"
time="2026-09-13T02:34:16Z" level=warning msg="Request Failed" error="Get \"http://nginx/api/admissions/68b942d3492e55d49801b63c1a876b26763caaca70cf6dcdb99c511d5433c0f5\": request timeout"
time="2026-09-13T02:34:16Z" level=warning msg="Request Failed" error="Get \"http://nginx/api/admissions/fb2f5b515d584313c189d45e23a98af9c604b7a9e48e2ecdc49572bb47fd7aa0\": request timeout"
time="2026-09-13T02:34:16Z" level=warning msg="Request Failed" error="Get \"http://nginx/api/admissions/13839806e042819a8605aeccd4c4b5c48c780904126880f001faf82fad33e437\": request timeout"
time="2026-09-13T02:34:16Z" level=warning msg="Request Failed" error="Get \"http://nginx/api/admissions/c05b861bed76a6f6a0475a71e2c961fbf9ae468e36283ea37b29b2d7d2bd878c\": request timeout"
time="2026-09-13T02:34:16Z" level=warning msg="Request Failed" error="Get \"http://nginx/api/admissions/3109b5d8645a367903f6cb1b5edd93b77dc4febf12a5ae8e7635fe5d6934a656\": request timeout"
time="2026-09-13T02:34:16Z" level=warning msg="Request Failed" error="Get \"http://nginx/api/admissions/3f235480a707138ecc3f1be647b83cf0cc910038fce22810f7a9770435b957f1\": request timeout"
time="2026-09-13T02:34:16Z" level=warning msg="Request Failed" error="Get \"http://nginx/api/admissions/b956cc46a9310aa9c3ead251aa71acf8fbbdca9504e4d95b33ad6b2ab1324195\": request timeout"
time="2026-09-13T02:34:16Z" level=warning msg="Request Failed" error="Get \"http://nginx/api/admissions/792a403893b7b59850cfc598a8253648b66bf1e354b5a6ba7d5fdf9399e1546c\": request timeout"
time="2026-09-13T02:34:16Z" level=warning msg="Request Failed" error="Get \"http://nginx/api/admissions/c93eabf9fd9027f0461dbac91cdb5448fe6afa7953161bd44616ce873128dd5d\": request timeout"
time="2026-09-13T02:34:16Z" level=warning msg="Request Failed" error="Get \"http://nginx/api/admissions/0a2c0fb991613430f852bec1550660e3e2cb742e4eaa838e70b47021e8fa75a9\": request timeout"
time="2026-09-13T02:34:16Z" level=warning msg="Request Failed" error="Get \"http://nginx/api/admissions/74f7bdff2e30e14982b484c59c446fb418a0d1696831a1c8aed0712411c9410e\": request timeout"
time="2026-09-13T02:34:16Z" level=warning msg="Request Failed" error="Get \"http://nginx/api/admissions/3fe3ef62270ad6cc9b7407667a7e4e5fd4e74e4efacb84bc1e864ffecf191ac1\": request timeout"
time="2026-09-13T02:34:16Z" level=warning msg="Request Failed" error="Get \"http://nginx/api/admissions/caec5f6c0c11bff3a8b8f1a3f8c971708bf92bdf730a3467453d3128aebf3c47\": request timeout"
time="2026-09-13T02:34:16Z" level=warning msg="Request Failed" error="Get \"http://nginx/api/admissions/6d0c2c2dde2d7c5406c4d41fe5800dce722c8f05f9cb54298d923165eaa0f9dd\": request timeout"
time="2026-09-13T02:34:16Z" level=warning msg="Request Failed" error="Get \"http://nginx/api/admissions/c4ffd9c140d12dc88e98ce473902471808ca8199794686a4c592b13d286d5e6a\": request timeout"
time="2026-09-13T02:34:16Z" level=warning msg="Request Failed" error="Get \"http://nginx/api/admissions/dd1a9f640f56b867e75c64581e521e13744006b60079717f10b0ac7269ec879f\": request timeout"
time="2026-09-13T02:34:16Z" level=warning msg="Request Failed" error="Get \"http://nginx/api/admissions/c367cc7a4d017bb6b0d07362c1abad9138336052606bc8366d8d9b54598b1dae\": request timeout"
time="2026-09-13T02:34:16Z" level=warning msg="Request Failed" error="Get \"http://nginx/api/admissions/382d18018292607c8e96642e46688c6ce6bf6da63b7db75e07c23bac0244ca40\": request timeout"
time="2026-09-13T02:34:16Z" level=warning msg="Request Failed" error="Get \"http://nginx/api/admissions/155733c1e84ed8ba8e991299f513d3c9981516a68db3af6668da98132008efb0\": request timeout"
time="2026-09-13T02:34:16Z" level=warning msg="Request Failed" error="Get \"http://nginx/api/admissions/42a42cb77525fd7fe4b7a48abb48586a41802d6a56af4ceebdb7ce19c84481d6\": request timeout"
time="2026-09-13T02:34:16Z" level=warning msg="Request Failed" error="Get \"http://nginx/api/admissions/a0d44df4ae26e3527446f7b8b1a8701a6c5b84274bd26efac501068784f56300\": request timeout"
time="2026-09-13T02:34:16Z" level=warning msg="Request Failed" error="Get \"http://nginx/api/admissions/eba5bac4b118ba7117d03a9679d6a39589ad6999531a15e0b14c4fab72aa6c3b\": request timeout"
time="2026-09-13T02:34:16Z" level=warning msg="Request Failed" error="Get \"http://nginx/api/admissions/3c6a1ad0c52d1f2231b4c14a27aa2e00761aa6eb7f05de9cb45a02a6ceed3962\": request timeout"
time="2026-09-13T02:34:16Z" level=warning msg="Request Failed" error="Get \"http://nginx/api/admissions/7bf66b4045974322cb03112606aca35e46f0531a549dc2e267164298141ec29f\": request timeout"
time="2026-09-13T02:34:16Z" level=warning msg="Request Failed" error="Get \"http://nginx/api/admissions/42bfd0719f8efd7982b2da3b725ea2089602be5efc9443fc08e2df4f95bb3ca5\": request timeout"
time="2026-09-13T02:34:17Z" level=warning msg="Request Failed" error="Get \"http://nginx/api/admissions/e7a08f5590ccc507ecdda496f3122b2b3b748f3bd1af9e5feddc645396fd9412\": request timeout"
time="2026-09-13T02:34:17Z" level=warning msg="Request Failed" error="Get \"http://nginx/api/admissions/de05cbad16dd3869bda9d44dabb0d0b7e674091437ea53641628745e7b7e72bc\": request timeout"
time="2026-09-13T02:34:17Z" level=warning msg="Request Failed" error="Get \"http://nginx/api/admissions/5b5104972f267d2932978e8801203dbefb63d6c48ca22ed085634d713bc1c5e5\": request timeout"
time="2026-09-13T02:34:17Z" level=warning msg="Request Failed" error="Get \"http://nginx/api/admissions/6d94bdc5f6d1c90262c6dc70fe7fbd0fefcdd7c97310d29468721adebfb642da\": request timeout"
time="2026-09-13T02:34:17Z" level=warning msg="Request Failed" error="Get \"http://nginx/api/admissions/bf7438701b1825ad561795700d5e3fb51224278a89cd59fae312e284cadf0e64\": request timeout"
time="2026-09-13T02:34:17Z" level=warning msg="Request Failed" error="Get \"http://nginx/api/admissions/7f72f6ef16d1bebf631da03c63e7532fe6e995a8d1ee7d4680c4e2b2c038229e\": request timeout"
time="2026-09-13T02:34:17Z" level=warning msg="Request Failed" error="Get \"http://nginx/api/admissions/85077cc08d51e1ff0279afc604ef8eef2f9a044c73148be5a27022416314beda\": request timeout"
time="2026-09-13T02:34:17Z" level=warning msg="Request Failed" error="Get \"http://nginx/api/admissions/9d6f9317d7886290e23c37a491487b392f1ee4c29b4ccf5da5444a570dd70dd7\": request timeout"
time="2026-09-13T02:34:17Z" level=warning msg="Request Failed" error="Get \"http://nginx/api/admissions/96474208a3320599df6df2e93887c9a23e8995b33a791dab098cab74166f9b26\": request timeout"
time="2026-09-13T02:34:17Z" level=warning msg="Request Failed" error="Get \"http://nginx/api/admissions/81fbc5d3f014b3d63f094e3055e5b40282aae7db13eb9cf07800938868acd045\": request timeout"
time="2026-09-13T02:34:17Z" level=warning msg="Request Failed" error="Get \"http://nginx/api/admissions/89a946e36990a70de3bf9f78130631a15e29a6c9bdadd42a65ae38ecce337065\": request timeout"
time="2026-09-13T02:34:17Z" level=warning msg="Request Failed" error="Get \"http://nginx/api/admissions/e4fb3601e5d27586148949c8a94bd0639c988df15a180dc25977c05dc1429a8a\": request timeout"
time="2026-09-13T02:34:17Z" level=warning msg="Request Failed" error="Get \"http://nginx/api/admissions/1bfff9c3cc454fb02902bb26e013442e31a04dfcf47c4e2410d564a26b53948a\": request timeout"
time="2026-09-13T02:34:17Z" level=warning msg="Request Failed" error="Get \"http://nginx/api/admissions/8acbb23e2b9427a9573ccb18ea95fe78a6bd558fa5037f1819169b1b7893fd7d\": request timeout"
time="2026-09-13T02:34:17Z" level=warning msg="Request Failed" error="Get \"http://nginx/api/admissions/5a47e26a478fdff618fbf3083b6fb35660c5d060a00f8dd1b96f862964993af3\": request timeout"
time="2026-09-13T02:34:17Z" level=warning msg="Request Failed" error="Get \"http://nginx/api/admissions/dbeba573eb2eea47d61a81cbbeb5b7dfda5024c886179449cc873e6adb6d591d\": request timeout"

running (2m54.9s), 01442/02018 VUs, 2675 complete and 0 interrupted iterations
browsers ??[ 100% ] 02018/02018 VUs  1m0s  100.00 iters/s
time="2026-09-13T02:34:17Z" level=warning msg="Request Failed" error="Get \"http://nginx/api/admissions/6410d30ec89edd0fb39a43966ea9e2fef71ad17131a94400622411323d1f031a\": request timeout"
time="2026-09-13T02:34:17Z" level=warning msg="Request Failed" error="Get \"http://nginx/api/admissions/956a0662ad9492d5172b634b301b8f80c1a67a6ee266a4d216805a6e62babbde\": request timeout"
time="2026-09-13T02:34:17Z" level=warning msg="Request Failed" error="Get \"http://nginx/api/admissions/eea8eaf5da83843070ab21186cabccbb974a0fcf4f3a352bd350a337a5ce3e52\": request timeout"
time="2026-09-13T02:34:17Z" level=warning msg="Request Failed" error="Get \"http://nginx/api/admissions/a718d320d7d546fc07f9dc9c4d6fdcf1bcc136942dac2a2a582fdf592907986e\": request timeout"
time="2026-09-13T02:34:17Z" level=warning msg="Request Failed" error="Get \"http://nginx/api/admissions/74aa8828e8acd69c2410c18318f6ef5b4941e2449562e79d20fc0035832cb089\": request timeout"
time="2026-09-13T02:34:17Z" level=warning msg="Request Failed" error="Get \"http://nginx/api/admissions/7ed4ca5944c850aa8eb27ab5b683b081530b9bb9e0933bdac1fa7da1d86dda90\": request timeout"
time="2026-09-13T02:34:17Z" level=warning msg="Request Failed" error="Get \"http://nginx/api/admissions/5baa3e4374229557385bba6b944c1546a0cf8a8ef238a1192e51430ae9bc3ca8\": request timeout"
time="2026-09-13T02:34:17Z" level=warning msg="Request Failed" error="Get \"http://nginx/api/admissions/8a542b0c071d48a0e435419a2356339a1c3fa12f1de8f63b7e73c05c28beb104\": request timeout"
time="2026-09-13T02:34:17Z" level=warning msg="Request Failed" error="Get \"http://nginx/api/admissions/025ed124fb584d021f3a370d11a53e4b00e6b8467c6361dd59ce404c600f2464\": request timeout"
time="2026-09-13T02:34:17Z" level=warning msg="Request Failed" error="Get \"http://nginx/api/admissions/77623868b6a0c9b867ae813370542b0cdd5e5a7c93b2d26eabe5a4d9cf5c8913\": request timeout"
time="2026-09-13T02:34:17Z" level=warning msg="Request Failed" error="Get \"http://nginx/api/admissions/742c9ec8db96760dc3781ea05c9849733cfb86b243963e73badf886e4ed569ab\": request timeout"
time="2026-09-13T02:34:17Z" level=warning msg="Request Failed" error="Get \"http://nginx/api/admissions/d984e503a7556392644afd92bbc51df6ca12236350e9af032cc8db34304f0796\": request timeout"
time="2026-09-13T02:34:17Z" level=warning msg="Request Failed" error="Get \"http://nginx/api/admissions/2328fb1f84ad2263a53e36aecb48603e54042fbc8ac372a5a306ed8d7cf21cd4\": request timeout"
time="2026-09-13T02:34:17Z" level=warning msg="Request Failed" error="Get \"http://nginx/api/admissions/cc5055316c1773541f88cb3e4a3853ecf8972a1156d303f3b08ec54939d85595\": request timeout"
time="2026-09-13T02:34:17Z" level=warning msg="Request Failed" error="Get \"http://nginx/api/admissions/c2f9f76db3da3f2473c8631e1c02831358e568f19d30b4512473d1a3b52e055f\": request timeout"
time="2026-09-13T02:34:17Z" level=warning msg="Request Failed" error="Get \"http://nginx/api/admissions/310f0117271c5ef87d9764ca8d9e5ff6e41c1e24812f15c42d02af78753d6a18\": request timeout"
time="2026-09-13T02:34:17Z" level=warning msg="Request Failed" error="Get \"http://nginx/api/admissions/beb864e53e5bc3d32572d1013a63ff046defb9d25925b6f4166dcec84d713f36\": request timeout"
time="2026-09-13T02:34:17Z" level=warning msg="Request Failed" error="Get \"http://nginx/api/admissions/1b6e15c5597a125e387ee7f9fc95b52daf9de320f79729e853073ba0ed6c5038\": request timeout"
time="2026-09-13T02:34:17Z" level=warning msg="Request Failed" error="Get \"http://nginx/api/admissions/b554dc24efe4cb362d2c860b2e51a62d154a269ede2930f6646ed42bbc47f716\": request timeout"
time="2026-09-13T02:34:17Z" level=warning msg="Request Failed" error="Get \"http://nginx/api/admissions/de31432a15fba144709191f9b76aac6777c45f8a6da118fe28d95fc9216159c3\": request timeout"
time="2026-09-13T02:34:17Z" level=warning msg="Request Failed" error="Get \"http://nginx/api/admissions/bc242081e6bb59d793a0f2aa840279c698b753375c1e054546f8ccb91594bea1\": request timeout"
time="2026-09-13T02:34:17Z" level=warning msg="Request Failed" error="Get \"http://nginx/api/admissions/4d5e2c14c42fd1dea11f821a1f6b278ebfe7410e0b23d831b450a48c3b66e267\": request timeout"
time="2026-09-13T02:34:17Z" level=warning msg="Request Failed" error="Get \"http://nginx/api/admissions/86e02875ab75650d117d1c06857d65d12a10abdfb069fcd1821fc41b25b09db8\": request timeout"
time="2026-09-13T02:34:17Z" level=warning msg="Request Failed" error="Get \"http://nginx/api/admissions/d3c39483eb35d055c65e2ee9f8f846c5172bf3c6c34504292de636dab11ac08c\": request timeout"
time="2026-09-13T02:34:17Z" level=warning msg="Request Failed" error="Get \"http://nginx/api/admissions/8f9e88eaaa6c883d8372411b00e3bb40b50615ec56e14697c6905375d2120961\": request timeout"
time="2026-09-13T02:34:17Z" level=warning msg="Request Failed" error="Get \"http://nginx/api/admissions/42f99ae402d883721bf57f1934ceffbeee8d2137e40ceef9f94af3bce21b6901\": request timeout"
time="2026-09-13T02:34:17Z" level=warning msg="Request Failed" error="Get \"http://nginx/api/admissions/a1490c367e665ac72aecf35be3ea8f9bf78828b721c157335cd32afc9dc5b478\": request timeout"
time="2026-09-13T02:34:17Z" level=warning msg="Request Failed" error="Get \"http://nginx/api/admissions/b1c93252e26ad4ae73fbf7fc4f3e1f98e2b4aeb3af5e482801d93c5bc2af9d65\": request timeout"
time="2026-09-13T02:34:17Z" level=warning msg="Request Failed" error="Get \"http://nginx/api/admissions/fc47b677f87b32fd956364a4ed2d058892c161d3ee3185778898e07542b404ba\": request timeout"
time="2026-09-13T02:34:17Z" level=warning msg="Request Failed" error="Get \"http://nginx/api/admissions/a93fd875605544390e24aec81100fe03310973172562752097cf832a5694b100\": request timeout"
time="2026-09-13T02:34:17Z" level=warning msg="Request Failed" error="Get \"http://nginx/api/admissions/d9364cfeba400b3c18f3def5333221ec6baa6b0f803683c570ecb0741e0d623c\": request timeout"
time="2026-09-13T02:34:17Z" level=warning msg="Request Failed" error="Get \"http://nginx/api/admissions/e4d1abb26ae2979039caaf9563144039f37bcd62a0d31d00844d3d217ed1b8fb\": request timeout"
time="2026-09-13T02:34:17Z" level=warning msg="Request Failed" error="Get \"http://nginx/api/admissions/81195c707c05422ff41ca999688dbd124b02a1024884b18273918be929638008\": request timeout"
time="2026-09-13T02:34:17Z" level=warning msg="Request Failed" error="Get \"http://nginx/api/admissions/11d5ccbb9991e8142022e6c88e7cd0513c3f277490025153738f5297b7509462\": request timeout"
time="2026-09-13T02:34:17Z" level=warning msg="Request Failed" error="Get \"http://nginx/api/admissions/60c09c3bda3dc959a0f67d3fb0a3a268f98f47f288bf793ecfa08b26dcb6821a\": request timeout"
time="2026-09-13T02:34:17Z" level=warning msg="Request Failed" error="Get \"http://nginx/api/admissions/0b5cbcabf2afe4d33a908d6a86a20c1f760dddf7b4e8feb2faf940d20c983a50\": request timeout"
time="2026-09-13T02:34:17Z" level=warning msg="Request Failed" error="Get \"http://nginx/api/admissions/61fac3c39545d4f1a3940fb6f9c1d253560e99d0454312a0d731b28d61613ac3\": request timeout"
time="2026-09-13T02:34:17Z" level=warning msg="Request Failed" error="Get \"http://nginx/api/admissions/3cdace1dc3450b6c4714794ff8aea93153b6d9308604e4d01591b18c3038fa06\": request timeout"
time="2026-09-13T02:34:17Z" level=warning msg="Request Failed" error="Get \"http://nginx/api/admissions/02e26d848b7dab2b3064527aa8c83036dc9cf37c0ee005da45388eb3b14d89ff\": request timeout"
time="2026-09-13T02:34:17Z" level=warning msg="Request Failed" error="Get \"http://nginx/api/admissions/5a9672f2b0cc58a4b1e2dadf1c2ee923e63ef87d98b514d0f9999617fc2d217d\": request timeout"
time="2026-09-13T02:34:17Z" level=warning msg="Request Failed" error="Get \"http://nginx/api/admissions/c01561752946ad48447724bef81eabd8c74cf0c1cf4da9497812e5573ab7fe77\": request timeout"
time="2026-09-13T02:34:18Z" level=warning msg="Request Failed" error="Get \"http://nginx/api/admissions/f7380591541f5729e47906dfac3211a4d8df9bffde31a9344fe964b410449749\": request timeout"
time="2026-09-13T02:34:18Z" level=warning msg="Request Failed" error="Get \"http://nginx/api/admissions/9df5d8da93e68da13eea89021e00401b426db7cc58c4befeb32baaeb3eb641c2\": request timeout"
time="2026-09-13T02:34:18Z" level=warning msg="Request Failed" error="Get \"http://nginx/api/admissions/922a36acd2fed221bce893f8a9baa7e8470dc310832fa96b8a8450cda903a028\": request timeout"
time="2026-09-13T02:34:18Z" level=warning msg="Request Failed" error="Get \"http://nginx/api/admissions/d15b0940147e55a94eebb0acc4a1adda8321fd6f28ca40826fe685c449db7db6\": request timeout"
time="2026-09-13T02:34:18Z" level=warning msg="Request Failed" error="Get \"http://nginx/api/admissions/ac2c77f21e5fc97ba0172a69626fb400046d01c2cf5ee2b84b4ebe0c5c434dc7\": request timeout"
time="2026-09-13T02:34:18Z" level=warning msg="Request Failed" error="Get \"http://nginx/api/admissions/95c7f2c4e475b23e77873013c10c91914eb8b5468934405be6f12dc14b5bdcf9\": request timeout"
time="2026-09-13T02:34:18Z" level=warning msg="Request Failed" error="Get \"http://nginx/api/admissions/d1813588be7d8175dfa69a03f34c8e1daf086b285a0595deb0979c752ddeb714\": request timeout"
time="2026-09-13T02:34:18Z" level=warning msg="Request Failed" error="Get \"http://nginx/api/admissions/5d1fc77d169709734899d7c2c70c34023f92ea6b8c2c0889b4121e81421118a0\": request timeout"
time="2026-09-13T02:34:18Z" level=warning msg="Request Failed" error="Get \"http://nginx/api/admissions/e40665b2fc890cf5a25e446b9be44276a8435f3aef73f3f70ebdc424226f0445\": request timeout"
time="2026-09-13T02:34:18Z" level=warning msg="Request Failed" error="Get \"http://nginx/api/admissions/9b9fcd399503321e5c038ee6a9b517bfcb3a822369b4bb0dae929f5c5565d7b2\": request timeout"
time="2026-09-13T02:34:18Z" level=warning msg="Request Failed" error="Get \"http://nginx/api/admissions/078406d458096db2de9cbd693211b095cdd53e3fd467758310bebb41c77773db\": request timeout"
time="2026-09-13T02:34:18Z" level=warning msg="Request Failed" error="Get \"http://nginx/api/admissions/5a438766c96dcb96d531fb6be14524700feabeec37982cf23be2afcc8292bfac\": request timeout"
time="2026-09-13T02:34:18Z" level=warning msg="Request Failed" error="Get \"http://nginx/api/admissions/375393d60399da8ed54373ff102eef7b742c97fae14f69c7151f95f783cb874a\": request timeout"
time="2026-09-13T02:34:18Z" level=warning msg="Request Failed" error="Get \"http://nginx/api/admissions/4b6e351226aba9475200f7e09aec3ce9d030777df0210342e9d18370163d4b2e\": request timeout"
time="2026-09-13T02:34:18Z" level=warning msg="Request Failed" error="Get \"http://nginx/api/admissions/2fa70db962441ab846879cbd27f30e11df92ef1b29705f248e0e3507b6ccb3d0\": request timeout"
time="2026-09-13T02:34:18Z" level=warning msg="Request Failed" error="Get \"http://nginx/api/admissions/ab659362674e73d57e33bfeea6b1c222d17dc057e9349eddd60fc2e57a5c75b0\": request timeout"

running (2m55.9s), 01434/02018 VUs, 2683 complete and 0 interrupted iterations
browsers ??[ 100% ] 02018/02018 VUs  1m0s  100.00 iters/s
time="2026-09-13T02:34:18Z" level=warning msg="Request Failed" error="Get \"http://nginx/api/admissions/0c12d73eb75578229c57c2c65caf0359f378f38a1fa7a1f1c8584b413a4d687f\": request timeout"
time="2026-09-13T02:34:18Z" level=warning msg="Request Failed" error="Get \"http://nginx/api/admissions/f05ee6f2495cd2841a57f748d3b178f639028475f366fe52934eee55d1ced998\": request timeout"
time="2026-09-13T02:34:18Z" level=warning msg="Request Failed" error="Get \"http://nginx/api/admissions/89c16a0cfc10ff202970ad62078f1458b4580ce85ba8baf2efbce596670695ef\": request timeout"
time="2026-09-13T02:34:18Z" level=warning msg="Request Failed" error="Get \"http://nginx/api/admissions/fd1122d0e709ad6a6af941cbb194203bbba11e005a7347df6fb13da75bc79b8c\": request timeout"
time="2026-09-13T02:34:18Z" level=warning msg="Request Failed" error="Get \"http://nginx/api/admissions/10ab9cb67eef9dea6464d113e9de3170bce641369e47bfa70d31bf2c7f525a42\": request timeout"
time="2026-09-13T02:34:18Z" level=warning msg="Request Failed" error="Get \"http://nginx/api/admissions/0bd24f7703607158ec3915c15ff61a9c92c53abf536d8b8ff211f6157c5b36a7\": request timeout"
time="2026-09-13T02:34:18Z" level=warning msg="Request Failed" error="Get \"http://nginx/api/admissions/14454969185e6d22e1a4dbec630d7c7c9c73e8bcdafae6cbbb0d4a8a04d4c4d5\": request timeout"
time="2026-09-13T02:34:18Z" level=warning msg="Request Failed" error="Get \"http://nginx/api/admissions/25b5d7778dbed56b4098f8560445a783038e1bf9c7f787fb3a50cc80b1778877\": request timeout"
time="2026-09-13T02:34:18Z" level=warning msg="Request Failed" error="Get \"http://nginx/api/admissions/12c942abbe98c28b3557b8c1fc5bad7d94d118bbcd2b4106c0df77da8997c096\": request timeout"
time="2026-09-13T02:34:18Z" level=warning msg="Request Failed" error="Get \"http://nginx/api/admissions/a62e88234aeb3ce08f17f5ee7fe93eff17f46dfdbfa27b6ef2ed78d00ae70cc6\": request timeout"
time="2026-09-13T02:34:18Z" level=warning msg="Request Failed" error="Get \"http://nginx/api/admissions/c38107835415baed6672c1097ded0704d04d3997d36d6bd171fab34a4e2b70ed\": request timeout"
time="2026-09-13T02:34:18Z" level=warning msg="Request Failed" error="Get \"http://nginx/api/admissions/80a28231b897916d0586d8950906e2933f13c27361d1f89b8767daac169f2a63\": request timeout"
time="2026-09-13T02:34:18Z" level=warning msg="Request Failed" error="Get \"http://nginx/api/admissions/49d2d44bdcac7b42235c92d6c3707bb50d3c810ac731b33139317e81c34947b4\": request timeout"
time="2026-09-13T02:34:18Z" level=warning msg="Request Failed" error="Get \"http://nginx/api/admissions/7e2dbdb2672d3a85327a24966a644ee12c572da3d9d754c9e613c244acedfd5e\": request timeout"
time="2026-09-13T02:34:18Z" level=warning msg="Request Failed" error="Get \"http://nginx/api/admissions/0a9b25bc891a83894201cffce0313717842cdbd730a2841c5db62786f20ee02b\": request timeout"
time="2026-09-13T02:34:18Z" level=warning msg="Request Failed" error="Get \"http://nginx/api/admissions/348eeeb277d2aa164a4f840761a2b9a4a7e94867eea2ffc3cfd177615d5dcd96\": request timeout"
time="2026-09-13T02:34:18Z" level=warning msg="Request Failed" error="Get \"http://nginx/api/admissions/ca2367ee9f824142199ca8259908bdd99d98fe56afbd619a20a64cb475f24261\": request timeout"
time="2026-09-13T02:34:18Z" level=warning msg="Request Failed" error="Get \"http://nginx/api/admissions/de1ca4ba6ec92fd420c41079a49f57af6af1dc3800656e3471906a815481ee53\": request timeout"
time="2026-09-13T02:34:18Z" level=warning msg="Request Failed" error="Get \"http://nginx/api/admissions/b9815a387fdfd1f43bcff89ad65c06f3f26be773192b15d8a0fe3de970e0bab1\": request timeout"
time="2026-09-13T02:34:18Z" level=warning msg="Request Failed" error="Get \"http://nginx/api/admissions/6abf05a5660fabeb237a7ec82c50d77bc3f18691e792a78f88628b4219a59ade\": request timeout"
time="2026-09-13T02:34:19Z" level=warning msg="Request Failed" error="Get \"http://nginx/api/admissions/9f2596a87ed90f1d5981c6007dc62146ec1c304b8d8b5c01358a5e7e6ca74c79\": request timeout"
time="2026-09-13T02:34:19Z" level=warning msg="Request Failed" error="Get \"http://nginx/api/admissions/2f4279666150afdcbefb44e80d5b744380f23e319b4def7b9a2802b32d8ad296\": request timeout"
time="2026-09-13T02:34:19Z" level=warning msg="Request Failed" error="Get \"http://nginx/api/admissions/166682a2cbdd110dc4e2f5a437ea51c7131efe0dda8034660941ddb127a2c640\": request timeout"
time="2026-09-13T02:34:19Z" level=warning msg="Request Failed" error="Get \"http://nginx/api/admissions/c826ec36c03bce6b888a5ea639569a0cd5743948d67d02032f223624cb19c9c4\": request timeout"
time="2026-09-13T02:34:19Z" level=warning msg="Request Failed" error="Get \"http://nginx/api/admissions/80bfdb7bf131313831d2fabfde46b737c02d1861b138928728f4568ed0bee3bb\": request timeout"
time="2026-09-13T02:34:19Z" level=warning msg="Request Failed" error="Get \"http://nginx/api/admissions/027b7588786a80aedb2b2b63180dd366937ab30eb707f9e33b5425058d286d9f\": request timeout"
time="2026-09-13T02:34:19Z" level=warning msg="Request Failed" error="Get \"http://nginx/api/admissions/64d31c84e77297e5f4f8dfe41d999a044d02a177ab2bfa5fb1d1c4b54f6de7b6\": request timeout"
time="2026-09-13T02:34:19Z" level=warning msg="Request Failed" error="Get \"http://nginx/api/admissions/8b14143d6daa793248c4bc2ebe74902b2d5b4d5154871138ff94e106416920a2\": request timeout"
time="2026-09-13T02:34:19Z" level=warning msg="Request Failed" error="Get \"http://nginx/api/admissions/5933b0a2316738a7e08c6757ba270d1ac985e163401ecfb9642845e1eb8e8161\": request timeout"
time="2026-09-13T02:34:19Z" level=warning msg="Request Failed" error="Get \"http://nginx/api/admissions/a6a4cce29a21fa45de00b5b0ed2fc24cd8c03bf743d14af2959f58ab0ac6548d\": request timeout"
time="2026-09-13T02:34:19Z" level=warning msg="Request Failed" error="Get \"http://nginx/api/admissions/8427b4da290fc928229a999b2d3540dcfb1b7e26b2ac54eb1e38d6c76ec62e7f\": request timeout"
time="2026-09-13T02:34:19Z" level=warning msg="Request Failed" error="Get \"http://nginx/api/admissions/efa14bed4f64fb8660e961c9764973cbceed6b5ce7a007f0eaa77a056f13a3d9\": request timeout"
time="2026-09-13T02:34:19Z" level=warning msg="Request Failed" error="Get \"http://nginx/api/admissions/7c545aa418dc249b8674b35a56c881af107ccd377878c70a2994b282cc606562\": request timeout"

running (2m56.9s), 01425/02018 VUs, 2692 complete and 0 interrupted iterations
browsers ??[ 100% ] 02018/02018 VUs  1m0s  100.00 iters/s
time="2026-09-13T02:34:19Z" level=warning msg="Request Failed" error="Get \"http://nginx/api/admissions/7973698ea7da19653e48e4679ca6da199de933325b143972477b64bf490e207f\": request timeout"
time="2026-09-13T02:34:19Z" level=warning msg="Request Failed" error="Get \"http://nginx/api/admissions/fab056f577d3784f6ab8315341ca443725c6b75e5239db767df24bf55d831bc1\": request timeout"
time="2026-09-13T02:34:19Z" level=warning msg="Request Failed" error="Get \"http://nginx/api/admissions/1b26da661f98ca9c3c9819ad335c316d485f42cbc8037cab923ffb73be6b0845\": request timeout"
time="2026-09-13T02:34:19Z" level=warning msg="Request Failed" error="Get \"http://nginx/api/admissions/b0f0aa3503cdb5c92b3a4099cac49728d44b7ca69448f85bb28891a6be51adf4\": request timeout"
time="2026-09-13T02:34:19Z" level=warning msg="Request Failed" error="Get \"http://nginx/api/admissions/848b41b9710c3274920b095af69eb880dae2d27aa6a37eac3cdd2f819202338d\": request timeout"
time="2026-09-13T02:34:19Z" level=warning msg="Request Failed" error="Get \"http://nginx/api/admissions/0bf472beb6004f39aa7c99e76e25fbc0dadde1f02705e2dbb0835cd6f6bbd2be\": request timeout"
time="2026-09-13T02:34:19Z" level=warning msg="Request Failed" error="Get \"http://nginx/api/admissions/8821ac07f8172b733c67cd45c4c0fcbb6d18339f9b189693ae605a9faca45500\": request timeout"
time="2026-09-13T02:34:19Z" level=warning msg="Request Failed" error="Get \"http://nginx/api/admissions/24bb91776f7d037d79130b5d8c917195a3e764483e90c77d89dbd2d55033c0fd\": request timeout"
time="2026-09-13T02:34:19Z" level=warning msg="Request Failed" error="Get \"http://nginx/api/admissions/9b000af64d4a194a5d89dc9edb0839802cad889076a2b6d1f0701a29b0371166\": request timeout"
time="2026-09-13T02:34:19Z" level=warning msg="Request Failed" error="Get \"http://nginx/api/admissions/c0c55ec941e7c1bcf2d96d041c553d292633043dbcd1cd63e56dd3766bec1877\": request timeout"
time="2026-09-13T02:34:19Z" level=warning msg="Request Failed" error="Get \"http://nginx/api/admissions/7a335525476397a436b6e72e0da1134aed6e332ed5fca568e169fafd2db6c8f8\": request timeout"
time="2026-09-13T02:34:19Z" level=warning msg="Request Failed" error="Get \"http://nginx/api/admissions/fb109c998cf5c2f0bf4e01288de63978cb05d9fea1ea616407f0d8c3f402a639\": request timeout"
time="2026-09-13T02:34:19Z" level=warning msg="Request Failed" error="Get \"http://nginx/api/admissions/8cc0baa9019d365c8257464ffff9f6720df0e102f34a0921d01ec60410363a85\": request timeout"
time="2026-09-13T02:34:19Z" level=warning msg="Request Failed" error="Get \"http://nginx/api/admissions/d67572a43baa454b7025f10409db22eb5c2630ce2144aeca7c1da77762866a0e\": request timeout"
time="2026-09-13T02:34:19Z" level=warning msg="Request Failed" error="Get \"http://nginx/api/admissions/820060462e416a3b3faeb1fa848516b8f240e989ce5d36eb44452384a93682b4\": request timeout"
time="2026-09-13T02:34:19Z" level=warning msg="Request Failed" error="Get \"http://nginx/api/admissions/80a4a849aa74048ae8f8db8a56a5c946e2b46ac195dc514832aff0384ab22027\": request timeout"
time="2026-09-13T02:34:19Z" level=warning msg="Request Failed" error="Get \"http://nginx/api/admissions/533ffe299576280e478e2657a532fd97ad70d744b2f58fc67da5ad681f2f2b2b\": request timeout"
time="2026-09-13T02:34:19Z" level=warning msg="Request Failed" error="Get \"http://nginx/api/admissions/78234b3308b3f6f2f5dba4f0fbfeec5a7c24c49c39102f4c1c49eace8a2314ac\": request timeout"
time="2026-09-13T02:34:19Z" level=warning msg="Request Failed" error="Get \"http://nginx/api/admissions/94f6d63959dc837decc75ba1aef5c071f64bbaeb978454f70cfcb379b6b8164b\": request timeout"
time="2026-09-13T02:34:19Z" level=warning msg="Request Failed" error="Get \"http://nginx/api/admissions/d4959d8a4bd87b9c9d28edee7a0d280580932f2dec3450e3dfaf369a9dafa4bd\": request timeout"
time="2026-09-13T02:34:19Z" level=warning msg="Request Failed" error="Get \"http://nginx/api/admissions/d541e38f87d7c814c8f8e7947a4fb9c91134bd97289bd3029e171c594271ded9\": request timeout"
time="2026-09-13T02:34:19Z" level=warning msg="Request Failed" error="Get \"http://nginx/api/admissions/31b8e93206755ec033f3b725f2bbe574da83511fd68e82fcc1eca065c44e0e16\": request timeout"
time="2026-09-13T02:34:19Z" level=warning msg="Request Failed" error="Get \"http://nginx/api/admissions/56626bbcf08fad0c78a6a41bac58ed9d947b6f2b0e01d9d5dcb1ca097cfbf3cb\": request timeout"
time="2026-09-13T02:34:19Z" level=warning msg="Request Failed" error="Get \"http://nginx/api/admissions/f83a593870355f9038eead186f1f3d5a96b0808bcde14f6c46cf01cf00889f58\": request timeout"
time="2026-09-13T02:34:19Z" level=warning msg="Request Failed" error="Get \"http://nginx/api/admissions/91bf709facb82e4f1fba03838430e17a6f259c67b97e3a66b46ae06e426b5ecf\": request timeout"
time="2026-09-13T02:34:19Z" level=warning msg="Request Failed" error="Get \"http://nginx/api/admissions/c6c4eb86ce3e009c8868d57310cf9ceb4d0f44bc82bc933a607e015d4ec8b540\": request timeout"
time="2026-09-13T02:34:19Z" level=warning msg="Request Failed" error="Get \"http://nginx/api/admissions/704417807393768a86ed09e8b32bf3a70fe1ab4f91aba802b66bbf6e8c8bf19a\": request timeout"
time="2026-09-13T02:34:19Z" level=warning msg="Request Failed" error="Get \"http://nginx/api/admissions/8ddc97ecaae63714c3ead5565b747931c2cb28de39c071b95c4fc679d6f45280\": request timeout"
time="2026-09-13T02:34:19Z" level=warning msg="Request Failed" error="Get \"http://nginx/api/admissions/664bd7c69d1ca11edafb50a6bd138c2aa7e3925949eceecfaacb1e320969eb9d\": request timeout"
time="2026-09-13T02:34:19Z" level=warning msg="Request Failed" error="Get \"http://nginx/api/admissions/2605f791b55b88e83edde8bd7670e77a22f837cfb36c29804bf5ea7c3fa7bf91\": request timeout"
time="2026-09-13T02:34:19Z" level=warning msg="Request Failed" error="Get \"http://nginx/api/admissions/075daea41a3693391f912dbdaad503ad9a6d1aac703e30149ef6f812567367b8\": request timeout"
time="2026-09-13T02:34:19Z" level=warning msg="Request Failed" error="Get \"http://nginx/api/admissions/1ed06fb96536deb1538870fb0844f29df70e55ddc6cda4fd7774c395021fe949\": request timeout"
time="2026-09-13T02:34:19Z" level=warning msg="Request Failed" error="Get \"http://nginx/api/admissions/63aa833ba952bf941c8bde6c9b14365006deed173cab2e7a3b5f7da9379ad7c7\": request timeout"
time="2026-09-13T02:34:20Z" level=warning msg="Request Failed" error="Get \"http://nginx/api/admissions/10ce21812fc132a07ca1ddd236f95b39a28fa77cd97b2ca3e60e625a5c2d4ef8\": request timeout"
time="2026-09-13T02:34:20Z" level=warning msg="Request Failed" error="Get \"http://nginx/api/admissions/c77a514491de1b208484242dff4b4177d3c5ca63d284900104224495fbc6bad0\": request timeout"
time="2026-09-13T02:34:20Z" level=warning msg="Request Failed" error="Get \"http://nginx/api/admissions/f7c6c81b9c8c191d3addbc9294945265e640ee694f7bd60ed9e5dd19371541dd\": request timeout"
time="2026-09-13T02:34:20Z" level=warning msg="Request Failed" error="Get \"http://nginx/api/admissions/9c2b38bfb6b0ca33bc3e30cf404f05a4e59c404fd04123bec8397421a0e387d0\": request timeout"
time="2026-09-13T02:34:20Z" level=warning msg="Request Failed" error="Get \"http://nginx/api/admissions/682fac9bc58dacb46b69863babc64b625fa8e7d81317c1efc750ecf3e8ea1393\": request timeout"
time="2026-09-13T02:34:20Z" level=warning msg="Request Failed" error="Get \"http://nginx/api/admissions/fd28d48e02e685d66f77c8454fa7e3a26b9d5624fbb681ae96e604b1210e2f5f\": request timeout"
time="2026-09-13T02:34:20Z" level=warning msg="Request Failed" error="Get \"http://nginx/api/admissions/d13907c02b7505b0d3320702a247776175b30e8f7d792f3b58daa54a1b67b99d\": request timeout"
time="2026-09-13T02:34:20Z" level=warning msg="Request Failed" error="Get \"http://nginx/api/admissions/6d96beb2e6e069728e2dce37704836b4c9bff6f3379d7aeee35d637cd7da0023\": request timeout"
time="2026-09-13T02:34:20Z" level=warning msg="Request Failed" error="Get \"http://nginx/api/admissions/5dabb50e00dd8dbda5df0710072878d6af6d19f01a3d363db94d424b8f9aa78b\": request timeout"
time="2026-09-13T02:34:20Z" level=warning msg="Request Failed" error="Get \"http://nginx/api/admissions/11d0724a68f06114e871fab641df66cb672d8b33f825a1cee21ea7dab096444f\": request timeout"
time="2026-09-13T02:34:20Z" level=warning msg="Request Failed" error="Get \"http://nginx/api/admissions/1fb30651f49b0150daf04daabb8d2d77773584770f8b922726f14e0b1c3a0a24\": request timeout"
time="2026-09-13T02:34:20Z" level=warning msg="Request Failed" error="Get \"http://nginx/api/admissions/c9277d9ce736d2e9fcd53352174d2dd6c6758ed38368a62328b0997d9d0c90c8\": request timeout"
time="2026-09-13T02:34:20Z" level=warning msg="Request Failed" error="Get \"http://nginx/api/admissions/ebbfbfe245a012a635ea30ac5ab9a1a65b8f4573aac2861ccd2776a611451acd\": request timeout"
time="2026-09-13T02:34:20Z" level=warning msg="Request Failed" error="Get \"http://nginx/api/admissions/38a07457c265765a9857b399f57116aabf081d36c8ba4d3ba8d85b64d3222c96\": request timeout"
time="2026-09-13T02:34:20Z" level=warning msg="Request Failed" error="Get \"http://nginx/api/admissions/02d52aee2b23ac9adc699f995b899fd29a663587ce472945e77a18dbf5cb2c90\": request timeout"
time="2026-09-13T02:34:20Z" level=warning msg="Request Failed" error="Get \"http://nginx/api/admissions/8ae7ad156b4135dc2388d3848db9e18050ab78129c9af1fdb8bf2a18861d3294\": request timeout"
time="2026-09-13T02:34:20Z" level=warning msg="Request Failed" error="Get \"http://nginx/api/admissions/0b193af559277dd0a9b4b8e7227620ad4410ea06e16b1c712dcbdbe69fcb8ba3\": request timeout"
time="2026-09-13T02:34:20Z" level=warning msg="Request Failed" error="Get \"http://nginx/api/admissions/3bba040e850ec12f06317b5eb26aa405091b21eb4a88ffea5576f069c7f80f14\": request timeout"
time="2026-09-13T02:34:20Z" level=warning msg="Request Failed" error="Get \"http://nginx/api/admissions/0e5c758c18a5713d15a97bbf4f1606a4ba2bb5c1a059912e88a65c13b91d556e\": request timeout"
time="2026-09-13T02:34:20Z" level=warning msg="Request Failed" error="Get \"http://nginx/api/admissions/416d494cee940e461495b03d86442187de1841bdc46d2928c9b18bd84ba90248\": request timeout"

running (2m57.9s), 01418/02018 VUs, 2699 complete and 0 interrupted iterations
browsers ??[ 100% ] 02018/02018 VUs  1m0s  100.00 iters/s
time="2026-09-13T02:34:20Z" level=warning msg="Request Failed" error="Get \"http://nginx/api/admissions/73b4b0343472710940217e6dc06cc33d1113cf19bddfee2d2f65970235f78c81\": request timeout"
time="2026-09-13T02:34:20Z" level=warning msg="Request Failed" error="Get \"http://nginx/api/admissions/0a66f476b363c548315deb98ac15ba9db9127cec74f44424b926ea2d6162c1eb\": request timeout"
time="2026-09-13T02:34:20Z" level=warning msg="Request Failed" error="Get \"http://nginx/api/admissions/3ee15bbc4f31a58ab2990a05e721147804e0887040130f1408682328921f9c35\": request timeout"
time="2026-09-13T02:34:20Z" level=warning msg="Request Failed" error="Get \"http://nginx/api/admissions/7e8258af65e9892b686050ceae6584561f1e4d18689f831fbfaaef22a2bc34db\": request timeout"
time="2026-09-13T02:34:20Z" level=warning msg="Request Failed" error="Get \"http://nginx/api/admissions/779870a3f97e1208635fdacf40113a1fe1e2f504ee569791093de686b72a2d09\": request timeout"
time="2026-09-13T02:34:20Z" level=warning msg="Request Failed" error="Get \"http://nginx/api/admissions/d01748383232e6bfd886c2ed57b3f00c4992aa329f522fb4c71ad03ba5e0681a\": request timeout"
time="2026-09-13T02:34:20Z" level=warning msg="Request Failed" error="Get \"http://nginx/api/admissions/2840edfe5aab33816fc4015ad027c78ad7e1f450a29734fae351bf92008c40e8\": request timeout"
time="2026-09-13T02:34:20Z" level=warning msg="Request Failed" error="Get \"http://nginx/api/admissions/6b6c0cbf5e0c30faa9eba8a384cdde2000698e6723db920c3a06a36c856ea708\": request timeout"
time="2026-09-13T02:34:20Z" level=warning msg="Request Failed" error="Get \"http://nginx/api/admissions/da2d406facf287e22675b6b99422eb2b9d458564893a075d389aef4647222702\": request timeout"
time="2026-09-13T02:34:20Z" level=warning msg="Request Failed" error="Get \"http://nginx/api/admissions/ee61d177b5e9a6e56045d2679a9d9f65e4ea3be303b0fd1ab87846aea720c8ff\": request timeout"
time="2026-09-13T02:34:20Z" level=warning msg="Request Failed" error="Get \"http://nginx/api/admissions/1b8f07b65749beb61ac25f87e3264ca591ef06cb76be6cfc2b888897b4c8aaa1\": request timeout"
time="2026-09-13T02:34:20Z" level=warning msg="Request Failed" error="Get \"http://nginx/api/admissions/9d1f1f60b83551d6cc8e9840c60668c1822afac9def921318f34364b77a3bb1b\": request timeout"
time="2026-09-13T02:34:20Z" level=warning msg="Request Failed" error="Get \"http://nginx/api/admissions/3d87289622fa80013445fde29b5cbe7579b340e7b6152955d69e8c7b9afa9a96\": request timeout"
time="2026-09-13T02:34:20Z" level=warning msg="Request Failed" error="Get \"http://nginx/api/admissions/77b358c9f36d73952432c163b25fd03d83cc07172f82c727ae6b1978ddae382b\": request timeout"
time="2026-09-13T02:34:20Z" level=warning msg="Request Failed" error="Get \"http://nginx/api/admissions/f4b01e8d44e318cd82272dd8a1a3d41f97ed9347237a7b740dc6c924012d9591\": request timeout"
time="2026-09-13T02:34:20Z" level=warning msg="Request Failed" error="Get \"http://nginx/api/admissions/f71eea886e6d443e6a23aecaba7b42f46665a455b73bcba6519a7ea4cbe0f1db\": request timeout"
time="2026-09-13T02:34:20Z" level=warning msg="Request Failed" error="Get \"http://nginx/api/admissions/f4e12caf6bab882f0021960e09eb988786e8c3b32b35247b1789b395a2c8bfe9\": request timeout"
time="2026-09-13T02:34:20Z" level=warning msg="Request Failed" error="Get \"http://nginx/api/admissions/43ca89b6619ffb9d9b4961429e33fa96648a9533e780000907c53aaccf0fc728\": request timeout"
time="2026-09-13T02:34:20Z" level=warning msg="Request Failed" error="Get \"http://nginx/api/admissions/644352f239d80e19c57e7e7544372150389cf6d2bd3b6f086d1ceebceeb176c4\": request timeout"
time="2026-09-13T02:34:20Z" level=warning msg="Request Failed" error="Get \"http://nginx/api/admissions/95e138d2d9da6cf70d998ae46c370cc66105283ebd2774bd8dad6de447fa686c\": request timeout"
time="2026-09-13T02:34:20Z" level=warning msg="Request Failed" error="Get \"http://nginx/api/admissions/9c7e0e8544163a2bf4b8f1e97c583e37b06e8c92280822444b606a37ee447347\": request timeout"
time="2026-09-13T02:34:20Z" level=warning msg="Request Failed" error="Get \"http://nginx/api/admissions/1cdccab3d8f8643df7c553bff1270353030dbab1d0238f24386d44c3adc3ed14\": request timeout"
time="2026-09-13T02:34:20Z" level=warning msg="Request Failed" error="Get \"http://nginx/api/admissions/525c8c62e236485b9be3d65f8406117a842a0a4179fe8ba8be08196ba9c26cdd\": request timeout"
time="2026-09-13T02:34:20Z" level=warning msg="Request Failed" error="Get \"http://nginx/api/admissions/4670021c1919edb26184e1dd38828997ceed27e922932f9455acb1a82be29048\": request timeout"
time="2026-09-13T02:34:20Z" level=warning msg="Request Failed" error="Get \"http://nginx/api/admissions/7671deec2bd23a60ae8cc03bb9e0a14b36a95da3e14a334664d801a5292e23dd\": request timeout"
time="2026-09-13T02:34:20Z" level=warning msg="Request Failed" error="Get \"http://nginx/api/admissions/f5adab5aad236c5a07cc241f5a5640c8299b8dde5a9c3d961032693b97221dc9\": request timeout"
time="2026-09-13T02:34:20Z" level=warning msg="Request Failed" error="Get \"http://nginx/api/admissions/54ce60a5ed73fb82eb69aad325b844c0d279d42cd24ca366edfb93be3803fadb\": request timeout"
time="2026-09-13T02:34:20Z" level=warning msg="Request Failed" error="Get \"http://nginx/api/admissions/d3a67d50b3bbbaacef05879b7bc709accbb997b2f476a16f495f05daa71f6fc5\": request timeout"
time="2026-09-13T02:34:21Z" level=warning msg="Request Failed" error="Get \"http://nginx/api/admissions/5918be2d7410c26d5449064bc02f71e450f8b792b6a193a6c48607cde9d7f4ab\": request timeout"
time="2026-09-13T02:34:21Z" level=warning msg="Request Failed" error="Get \"http://nginx/api/admissions/e0ec0d86effea89192f8e21c55d45aea40cc71ea4746841f25fc437dd9162538\": request timeout"

running (2m58.9s), 01418/02018 VUs, 2699 complete and 0 interrupted iterations
browsers ??[ 100% ] 02018/02018 VUs  1m0s  100.00 iters/s

running (2m59.9s), 01418/02018 VUs, 2699 complete and 0 interrupted iterations
browsers ??[ 100% ] 02018/02018 VUs  1m0s  100.00 iters/s
time="2026-09-13T02:34:22Z" level=warning msg="Request Failed" error="Get \"http://nginx/api/admissions/aa30cce6fad491521724ad881c4e0cfced8aeec820487b0801b702def15e0741\": request timeout"
time="2026-09-13T02:34:22Z" level=warning msg="Request Failed" error="Get \"http://nginx/api/admissions/8dbbbc5e1318bde4121baf2f2d8313d4232eae935f648f0c04d5086b6468bd93\": request timeout"
time="2026-09-13T02:34:22Z" level=warning msg="Request Failed" error="Get \"http://nginx/api/admissions/b95cf64e353fd6a08c418866f29903e702234e43b0537678094ad59092393b63\": request timeout"
time="2026-09-13T02:34:22Z" level=warning msg="Request Failed" error="Get \"http://nginx/api/admissions/cea3726a5ac800cff5251847bf5d9347ee7bb5cc8056e3f2f03ac8cfdfc7e8c8\": request timeout"
time="2026-09-13T02:34:22Z" level=warning msg="Request Failed" error="Get \"http://nginx/api/admissions/5e43674594abebcfa35e2d07087a7027eb80b86823db21316edacf32677e203a\": request timeout"
time="2026-09-13T02:34:22Z" level=warning msg="Request Failed" error="Get \"http://nginx/api/admissions/e5c4df39c57b18efc1aa320f7089253a1192c5945f5a6013f64bdd40e5a259cd\": request timeout"
time="2026-09-13T02:34:22Z" level=warning msg="Request Failed" error="Get \"http://nginx/api/admissions/e82ccb81efd517b604d34dbe89413ecfd0708dd8a6776c0e69f30183064cd266\": request timeout"
time="2026-09-13T02:34:22Z" level=warning msg="Request Failed" error="Get \"http://nginx/api/admissions/62b6df06d20d1a44e08dab6a1ccc48c77caf32f340a6132ed12e406a872e5651\": request timeout"
time="2026-09-13T02:34:22Z" level=warning msg="Request Failed" error="Get \"http://nginx/api/admissions/d1a57ea533f8f92019ccd69e01dba6762cccc4a800175fb41b76c3b6957fb554\": request timeout"
time="2026-09-13T02:34:23Z" level=warning msg="Request Failed" error="Get \"http://nginx/api/admissions/37f4200d9d673055c7782d91db50b4e642d579f6705e48cc5218cabb73bea959\": request timeout"
time="2026-09-13T02:34:23Z" level=warning msg="Request Failed" error="Get \"http://nginx/api/admissions/01c268cd2fbb7190fabfd705e5e1867f1c06dac3228b97cfb27502f9f546410a\": request timeout"
time="2026-09-13T02:34:23Z" level=warning msg="Request Failed" error="Get \"http://nginx/api/admissions/f29cd0e421f975461053ac6b6bfac66255097f2c467c75b81bbdd1444bf74a43\": request timeout"
time="2026-09-13T02:34:23Z" level=warning msg="Request Failed" error="Get \"http://nginx/api/admissions/6e3e36ac9ae6f3788717968e33aa76ba6dfd6a1cbff1dbd7da828e6c5cb56fea\": request timeout"

running (3m00.9s), 01418/02018 VUs, 2699 complete and 0 interrupted iterations
browsers ??[ 100% ] 02018/02018 VUs  1m0s  100.00 iters/s
time="2026-09-13T02:34:23Z" level=warning msg="Request Failed" error="Get \"http://nginx/api/admissions/f3924a974f4db04b55777faeb9adab88a18fd28666d780c1785026f35d648e69\": request timeout"
time="2026-09-13T02:34:23Z" level=warning msg="Request Failed" error="Get \"http://nginx/api/admissions/af1f8b6560d626c7fc68c9557c6e28391417711238c6aa2156529c4cab6b6cd1\": request timeout"
time="2026-09-13T02:34:23Z" level=warning msg="Request Failed" error="Get \"http://nginx/api/admissions/85b82f7a4aac0da0fc0a4b13fe09b580e4f1e33fed55ba5477d77c2394e63325\": request timeout"
time="2026-09-13T02:34:23Z" level=warning msg="Request Failed" error="Get \"http://nginx/api/admissions/5721528771b4e78bcc40cc1c2009bdd6ba919b5dbfa03ae184f66902c6f43454\": request timeout"
time="2026-09-13T02:34:23Z" level=warning msg="Request Failed" error="Get \"http://nginx/api/admissions/9455768f52512c93c27d84dade7f13e97e325943354984386506db4f59eee287\": request timeout"
time="2026-09-13T02:34:23Z" level=warning msg="Request Failed" error="Get \"http://nginx/api/admissions/87f4bbdc4ada4985233b2bdb96cae72f0fb680eb69ce1afca0e8ce75f1a31e8d\": request timeout"
time="2026-09-13T02:34:23Z" level=warning msg="Request Failed" error="Get \"http://nginx/api/admissions/88b9c2c41a5858edf0fb063ac08d19bd0123bdbda29451866fe158a3bea463f7\": request timeout"
time="2026-09-13T02:34:23Z" level=warning msg="Request Failed" error="Get \"http://nginx/api/admissions/3ca0aeaa3a0f6edc6e79cc8182b41500cdb6f3ce9323446128ad3dce35712c39\": request timeout"
time="2026-09-13T02:34:23Z" level=warning msg="Request Failed" error="Get \"http://nginx/api/admissions/981815d29ac39f96d610b80c2b0057aaf1320eb81566480d1f6c8f8a5079ba42\": request timeout"
time="2026-09-13T02:34:23Z" level=warning msg="Request Failed" error="Get \"http://nginx/api/admissions/c32ea921773b36144f898e02ce14aea3ce20f69d1c725ee348661bde0fa2dbef\": request timeout"
time="2026-09-13T02:34:23Z" level=warning msg="Request Failed" error="Get \"http://nginx/api/admissions/d88b34295c203b2948d0ba5504415d7a762e1dc7a85129232804899253176456\": request timeout"
time="2026-09-13T02:34:23Z" level=warning msg="Request Failed" error="Get \"http://nginx/api/admissions/62edfe1c4acbd35b16153f96500c3dee1c3834135c62fcfe02fa31782d0fbf8b\": request timeout"

running (3m01.9s), 01414/02018 VUs, 2703 complete and 0 interrupted iterations
browsers ??[ 100% ] 02018/02018 VUs  1m0s  100.00 iters/s

running (3m02.9s), 01405/02018 VUs, 2712 complete and 0 interrupted iterations
browsers ??[ 100% ] 02018/02018 VUs  1m0s  100.00 iters/s

running (3m03.9s), 01401/02018 VUs, 2716 complete and 0 interrupted iterations
browsers ??[ 100% ] 02018/02018 VUs  1m0s  100.00 iters/s

running (3m04.9s), 01395/02018 VUs, 2722 complete and 0 interrupted iterations
browsers ??[ 100% ] 02018/02018 VUs  1m0s  100.00 iters/s

running (3m05.9s), 01386/02018 VUs, 2731 complete and 0 interrupted iterations
browsers ??[ 100% ] 02018/02018 VUs  1m0s  100.00 iters/s

running (3m06.9s), 01377/02018 VUs, 2740 complete and 0 interrupted iterations
browsers ??[ 100% ] 02018/02018 VUs  1m0s  100.00 iters/s

running (3m07.9s), 01369/02018 VUs, 2748 complete and 0 interrupted iterations
browsers ??[ 100% ] 02018/02018 VUs  1m0s  100.00 iters/s
time="2026-09-13T02:34:30Z" level=warning msg="Request Failed" error="Get \"http://nginx/api/admissions/36cc406685b4a50e15ffe28b4cf8b9e8fe3b375a006693d10940668bb7337a79\": request timeout"
time="2026-09-13T02:34:30Z" level=warning msg="Request Failed" error="Get \"http://nginx/api/admissions/e4422486a2c9fee02fe64a240ae3043b9f443151f7cbb8b72559b27e30c7b629\": request timeout"
time="2026-09-13T02:34:30Z" level=warning msg="Request Failed" error="Get \"http://nginx/api/admissions/7e8e4ea4c4e22a264952cbdacee99ac17d81af25fa1001962ea179037d2e7524\": request timeout"
time="2026-09-13T02:34:30Z" level=warning msg="Request Failed" error="Get \"http://nginx/api/admissions/c9dc06fb9888ea5d46207269116170fdcd5f68e191b6007be5dc4cf3db270111\": request timeout"
time="2026-09-13T02:34:30Z" level=warning msg="Request Failed" error="Get \"http://nginx/api/admissions/18582494e21c750834a2d1cf186635fd02fe7d4a9ca5930011b04e28a37b909f\": request timeout"
time="2026-09-13T02:34:30Z" level=warning msg="Request Failed" error="Get \"http://nginx/api/admissions/600509cfc112d6ec9fc29fdf1b549457154baba9e50b1b4e381262fe24e5cafe\": request timeout"
time="2026-09-13T02:34:30Z" level=warning msg="Request Failed" error="Get \"http://nginx/api/admissions/2bcc6bc8541222654c33f4fa7b405d5e42f21df6e37dfce0444d3949a0bedfed\": request timeout"
time="2026-09-13T02:34:31Z" level=warning msg="Request Failed" error="Get \"http://nginx/api/admissions/5351330b33d553144caa4bad7bc34cd7cb41dab8a672e1897238de2fae1cfc30\": request timeout"
time="2026-09-13T02:34:31Z" level=warning msg="Request Failed" error="Get \"http://nginx/api/admissions/61a855d959868b6384b1a89014a0cea77ba95abc86cdbd516b70fce3f7b2d013\": request timeout"
time="2026-09-13T02:34:31Z" level=warning msg="Request Failed" error="Get \"http://nginx/api/admissions/81171eac0267fdb1251d8d8fed9102db870f97b18b525e1b6dcb08b27e8ae7ff\": request timeout"
time="2026-09-13T02:34:31Z" level=warning msg="Request Failed" error="Get \"http://nginx/api/admissions/233e81d24bd0134fa22241aaaaa45529bf3a0f7c87040fcab39bb71076b49323\": request timeout"
time="2026-09-13T02:34:31Z" level=warning msg="Request Failed" error="Get \"http://nginx/api/admissions/caca5ca9457c3f792023ff26f1af0b4e1a4f04cb8b1e2defea0e8517d9fb1502\": request timeout"
time="2026-09-13T02:34:31Z" level=warning msg="Request Failed" error="Get \"http://nginx/api/admissions/81bec139e563b2025ea0e11ace85d48513415fcbdac76a28f03571ed7d3bd5d0\": request timeout"
time="2026-09-13T02:34:31Z" level=warning msg="Request Failed" error="Get \"http://nginx/api/admissions/ef78140e09f574bec921fdab33afac3241132e0fa4ef95f221326b8ffd617e99\": request timeout"
time="2026-09-13T02:34:31Z" level=warning msg="Request Failed" error="Get \"http://nginx/api/admissions/b0f2334a94a52cc781e4dece187aaa84a5ef9d97b39add7c5976cd179d72a8af\": request timeout"
time="2026-09-13T02:34:31Z" level=warning msg="Request Failed" error="Get \"http://nginx/api/admissions/8f4f1e4cf1c4e505063f7e3df5155cd3c48f55340e8dcd9014e212e246285bec\": request timeout"
time="2026-09-13T02:34:31Z" level=warning msg="Request Failed" error="Get \"http://nginx/api/admissions/7a12867613025a85cbb31b906f10a47dca17b9fe48e5dbcfa147d0cc2d45cbd0\": request timeout"
time="2026-09-13T02:34:31Z" level=warning msg="Request Failed" error="Get \"http://nginx/api/admissions/1e26fd3de6ab9a61805cfa47834490735ff32a34506217ecabf8ca19f6cd439a\": request timeout"

running (3m08.9s), 01368/02018 VUs, 2749 complete and 0 interrupted iterations
browsers ??[ 100% ] 02018/02018 VUs  1m0s  100.00 iters/s
time="2026-09-13T02:34:31Z" level=warning msg="Request Failed" error="Get \"http://nginx/api/admissions/e751d5933b6f4ab0519ea3f42eba329b0c1c51816cd4ec23cfbe95fa13870331\": request timeout"
time="2026-09-13T02:34:31Z" level=warning msg="Request Failed" error="Get \"http://nginx/api/admissions/c0051981550f69f0bd4734e9465efaad600803c43cc41f9dad0d568bf60ec0b8\": request timeout"
time="2026-09-13T02:34:31Z" level=warning msg="Request Failed" error="Get \"http://nginx/api/admissions/871c6cfaa31a5d95d9ec6f9201bdf80f1880928a66a133451172a2fa49cf46cc\": request timeout"
time="2026-09-13T02:34:31Z" level=warning msg="Request Failed" error="Get \"http://nginx/api/admissions/83545068f2228b8a5fc3556fed461f86991d9a52a57a7a3d6582aa0dc74b2be0\": request timeout"
time="2026-09-13T02:34:31Z" level=warning msg="Request Failed" error="Get \"http://nginx/api/admissions/214089dfc3e29aa753264a96512659ac997757860fa6b53076aea55dfba564e8\": request timeout"
time="2026-09-13T02:34:31Z" level=warning msg="Request Failed" error="Get \"http://nginx/api/admissions/cacb6f2189deb0bb9600d3d7aa36fd60cdfa6dce3d877db155079b5322881a07\": request timeout"
time="2026-09-13T02:34:31Z" level=warning msg="Request Failed" error="Get \"http://nginx/api/admissions/528dd059dd4776e5ae74dc1cf88565de6856929c774f360f947d8aa633ac91c9\": request timeout"
time="2026-09-13T02:34:31Z" level=warning msg="Request Failed" error="Get \"http://nginx/api/admissions/c9dc1a89300858a78f357e06893aec5bdf60c3980e9888b9fb508b2bcc6fcbda\": request timeout"
time="2026-09-13T02:34:31Z" level=warning msg="Request Failed" error="Get \"http://nginx/api/admissions/6fd30b6a35bb2d2439d846b0567dc39375cefd83c6eb4215092f26b166e1c686\": request timeout"
time="2026-09-13T02:34:31Z" level=warning msg="Request Failed" error="Get \"http://nginx/api/admissions/75cfe45a521b57d9d2d811c17313b47cb476adbb473197faf74a9aede437cf63\": request timeout"
time="2026-09-13T02:34:31Z" level=warning msg="Request Failed" error="Get \"http://nginx/api/admissions/e7e690ffad0d616db6d7ee48a0c77ebc91c8ef883edea13db56662131e3813e2\": request timeout"
time="2026-09-13T02:34:31Z" level=warning msg="Request Failed" error="Get \"http://nginx/api/admissions/a99241b6fb09c98cc426921da8e6654834b9c2ff024ed017d49de7e69e9370b7\": request timeout"
time="2026-09-13T02:34:31Z" level=warning msg="Request Failed" error="Get \"http://nginx/api/admissions/d19b7901568e74c6623f311762fb16333264f5e469118cdb935452b2d30e6915\": request timeout"
time="2026-09-13T02:34:31Z" level=warning msg="Request Failed" error="Get \"http://nginx/api/admissions/efb72e6b54e499faf948a5aaea7506f8a73c7db21126841f75443a7d9b2ea23f\": request timeout"
time="2026-09-13T02:34:31Z" level=warning msg="Request Failed" error="Get \"http://nginx/api/admissions/e2d9e01b933c1614ed64c69a17139a5b37517d414b8eaea5c8a360ec82ba6e20\": request timeout"
time="2026-09-13T02:34:31Z" level=warning msg="Request Failed" error="Get \"http://nginx/api/admissions/66934ddb0d87b9fdfb8bb575a69fa34d53e923bb29d1c5249f8216dcaaf107d6\": request timeout"
time="2026-09-13T02:34:31Z" level=warning msg="Request Failed" error="Get \"http://nginx/api/admissions/99de155b07dada92f67f019b712323942256e5999ad3513c703ba81afe4dfe66\": request timeout"
time="2026-09-13T02:34:31Z" level=warning msg="Request Failed" error="Get \"http://nginx/api/admissions/ba1b7ce9d414eb2ae1db81fe6a0bb8f00c4581b98fdeb09c034415d178bd7824\": request timeout"
time="2026-09-13T02:34:31Z" level=warning msg="Request Failed" error="Get \"http://nginx/api/admissions/76526663cbd156c43d979c93a137a9301a3efd077e0ced67dce92bc54a0a8716\": request timeout"
time="2026-09-13T02:34:31Z" level=warning msg="Request Failed" error="Get \"http://nginx/api/admissions/5a662321579672d02ad73f958094b255bf4ca2fd02297e378ed93388f102ce60\": request timeout"
time="2026-09-13T02:34:31Z" level=warning msg="Request Failed" error="Get \"http://nginx/api/admissions/e17a2abcc5af9e1bf3fb3cd6ebc4728abdead74b213dd81c92ed6c75c32b7774\": request timeout"
time="2026-09-13T02:34:31Z" level=warning msg="Request Failed" error="Get \"http://nginx/api/admissions/0e34a6387503566956db21d8fcfc783bf89126ad6d135547926d2451eb655b34\": request timeout"
time="2026-09-13T02:34:31Z" level=warning msg="Request Failed" error="Get \"http://nginx/api/admissions/218453443a393cd8e9446f04654301a0c2eafbcafaac58739a943de44334ca06\": request timeout"
time="2026-09-13T02:34:31Z" level=warning msg="Request Failed" error="Get \"http://nginx/api/admissions/ae1088dacc0e25624d0f1c70280025e068cd7b894926d328c2f187e70e167168\": request timeout"
time="2026-09-13T02:34:31Z" level=warning msg="Request Failed" error="Get \"http://nginx/api/admissions/83aa33ea998e34475569d6b510a549662d31172322f1a33faf938c3e721db849\": request timeout"
time="2026-09-13T02:34:31Z" level=warning msg="Request Failed" error="Get \"http://nginx/api/admissions/3bdf56469dd76762a1f4f838081e54e2643103623eb5f29432153d2e48d8389d\": request timeout"
time="2026-09-13T02:34:31Z" level=warning msg="Request Failed" error="Get \"http://nginx/api/admissions/4498fe67d8edf9a85c80b045c66dd75dcfd5cb87efc8f1e626febcc2c2f48e08\": request timeout"
time="2026-09-13T02:34:31Z" level=warning msg="Request Failed" error="Get \"http://nginx/api/admissions/413506738a0ef22b5ca49d435b525b2143cfc5100060ec60fcb08baeb162fe60\": request timeout"
time="2026-09-13T02:34:31Z" level=warning msg="Request Failed" error="Get \"http://nginx/api/admissions/76f120c71bc4ae401a9fcf0f94e07b303e59d12f947ff49334495bce4e1a79d6\": request timeout"
time="2026-09-13T02:34:31Z" level=warning msg="Request Failed" error="Get \"http://nginx/api/admissions/574d97d2a5b83df6f6d949a3788b2a5f13cb1d4dea90d3aa26c0acde18b0402c\": request timeout"
time="2026-09-13T02:34:31Z" level=warning msg="Request Failed" error="Get \"http://nginx/api/admissions/00b6019e76ee5a6bd7bd5c3303062735788a784ad1b70a41fb3b9a48e39132c7\": request timeout"
time="2026-09-13T02:34:31Z" level=warning msg="Request Failed" error="Get \"http://nginx/api/admissions/5160b86a9c01386384811a2158d4cbae0407f70dfd69e2a941c2d08aa904aad1\": request timeout"
time="2026-09-13T02:34:31Z" level=warning msg="Request Failed" error="Get \"http://nginx/api/admissions/cca9e268c684a4f3abc9e5cae95653b2994636be1cc74e0726ff8d08d24d91b6\": request timeout"
time="2026-09-13T02:34:31Z" level=warning msg="Request Failed" error="Get \"http://nginx/api/admissions/5a2ec25c73ce51476283f7a8af26e5167bc2bba117a5e2a18766eea3fd5900be\": request timeout"
time="2026-09-13T02:34:31Z" level=warning msg="Request Failed" error="Get \"http://nginx/api/admissions/800b22f750afad53f90ef60964b504cd74da708252159b5efe98ca425f0abad5\": request timeout"
time="2026-09-13T02:34:31Z" level=warning msg="Request Failed" error="Get \"http://nginx/api/admissions/e251392dcc837b656d0b635b6db51f4335784331cea7ad321cc7e8cf7692026e\": request timeout"
time="2026-09-13T02:34:32Z" level=warning msg="Request Failed" error="Get \"http://nginx/api/admissions/162cb6dc4ff9a60048830b5634c6d865c0584663e5b696f37f9ae753d6af4b5b\": request timeout"
time="2026-09-13T02:34:32Z" level=warning msg="Request Failed" error="Get \"http://nginx/api/admissions/cd0983eb626ccdb6b2bb2a4a27b7e0b5cf645dc35b371231654393fe13bc837d\": request timeout"
time="2026-09-13T02:34:32Z" level=warning msg="Request Failed" error="Get \"http://nginx/api/admissions/34adf6f94e0f2eadb7731e70500fdd11e379fd6d32c6ac1e09922b941997cc01\": request timeout"
time="2026-09-13T02:34:32Z" level=warning msg="Request Failed" error="Get \"http://nginx/api/admissions/16e582ead268d7b6d4984eaa9be6c3dab0715a510a990377b18e0849b8894ebf\": request timeout"
time="2026-09-13T02:34:32Z" level=warning msg="Request Failed" error="Get \"http://nginx/api/admissions/215df9b9e57c099c59f0a54c9eb9de64e7d8a7f97625e1a3e50bbebb4aac56a3\": request timeout"
time="2026-09-13T02:34:32Z" level=warning msg="Request Failed" error="Get \"http://nginx/api/admissions/36eb7982e09bed25c101fee614294913f7573284f0ad851ca631c081ae2e83ff\": request timeout"
time="2026-09-13T02:34:32Z" level=warning msg="Request Failed" error="Get \"http://nginx/api/admissions/86d0e143eb8970386cfef48086018ab4a110d7dda213e4b1ba2b86d0cba3c594\": request timeout"
time="2026-09-13T02:34:32Z" level=warning msg="Request Failed" error="Get \"http://nginx/api/admissions/0c61203d900ac2b9d7e4505345b2f1201c123726f3264c2688d06faabaf63710\": request timeout"
time="2026-09-13T02:34:32Z" level=warning msg="Request Failed" error="Get \"http://nginx/api/admissions/c249ea9638a6660b5bb16f24b5131af611a001fc85c80f0f65dca760957b966d\": request timeout"
time="2026-09-13T02:34:32Z" level=warning msg="Request Failed" error="Get \"http://nginx/api/admissions/c2c26847276b7be2b9a9565e0d8fa1674d6804f392a5af81a96f48acfeb0ede4\": request timeout"
time="2026-09-13T02:34:32Z" level=warning msg="Request Failed" error="Get \"http://nginx/api/admissions/7563322ecfeb82da7d2fa06ffc763d8d23fb4fc084de708c9f56d08e7fc39edd\": request timeout"
time="2026-09-13T02:34:32Z" level=warning msg="Request Failed" error="Get \"http://nginx/api/admissions/4f01519a9cc1344cf364ff8a4d98eeaafce45e6de9e62329abc2f02664d9a057\": request timeout"
time="2026-09-13T02:34:32Z" level=warning msg="Request Failed" error="Get \"http://nginx/api/admissions/2e08dddd116ce52c67499f36d0075adc2532c99f004c86a9868daeda01091206\": request timeout"
time="2026-09-13T02:34:32Z" level=warning msg="Request Failed" error="Get \"http://nginx/api/admissions/dc9fb3269a4f98cece54be6df150b969be795e7d7f5face0d7c1d59cf29e20ea\": request timeout"

running (3m09.9s), 01368/02018 VUs, 2749 complete and 0 interrupted iterations
browsers ??[ 100% ] 02018/02018 VUs  1m0s  100.00 iters/s
time="2026-09-13T02:34:32Z" level=warning msg="Request Failed" error="Get \"http://nginx/api/admissions/e5b1d3d2b502e5dc54c2c9cb3de99aa4591d5bf0ba6c47014b2e3b55476b4531\": request timeout"
time="2026-09-13T02:34:32Z" level=warning msg="Request Failed" error="Get \"http://nginx/api/admissions/3eb2d899878c9a07793a6194dd4cebbc3f8d44003a144a0e5995d72440ef1852\": request timeout"
time="2026-09-13T02:34:32Z" level=warning msg="Request Failed" error="Get \"http://nginx/api/admissions/1b3f9770412eced894f19b327648dc451f9ca39c565e8d09860065beceb98928\": request timeout"
time="2026-09-13T02:34:32Z" level=warning msg="Request Failed" error="Get \"http://nginx/api/admissions/f4eea0f207ff89655e2ed5dfbc775f3ba6173ee84328771461673da019ffdda5\": request timeout"
time="2026-09-13T02:34:32Z" level=warning msg="Request Failed" error="Get \"http://nginx/api/admissions/f89d4640fbbc5c52987620ff4cc2d130b0013c855a9b7ee340ea231aa2951216\": request timeout"
time="2026-09-13T02:34:32Z" level=warning msg="Request Failed" error="Get \"http://nginx/api/admissions/ef8a9967952f4da8d47d3f928b362816fd07e957156443851f2ccc966d71ef39\": request timeout"
time="2026-09-13T02:34:32Z" level=warning msg="Request Failed" error="Get \"http://nginx/api/admissions/d8f109f67139a31b993e2dac125136f25772531cdf3db374e47a11e07d594bff\": request timeout"
time="2026-09-13T02:34:32Z" level=warning msg="Request Failed" error="Get \"http://nginx/api/admissions/c41bf6e20661608713015e0385b069db177f5503df256edf5df95e611b675a5b\": request timeout"
time="2026-09-13T02:34:32Z" level=warning msg="Request Failed" error="Get \"http://nginx/api/admissions/70f154d58808855da5aa44d0f5f33c43df58bcaa39f272dc13a112fb2153cab9\": request timeout"
time="2026-09-13T02:34:32Z" level=warning msg="Request Failed" error="Get \"http://nginx/api/admissions/dd5eb830f30160601db781b2d9952cac3bf35a318cfb9648048d7ed0030ced35\": request timeout"
time="2026-09-13T02:34:32Z" level=warning msg="Request Failed" error="Get \"http://nginx/api/admissions/6199b4bead1c21860f0514f7adb34362ed42c74eaa107b80d2fbd62f341ae2b6\": request timeout"
time="2026-09-13T02:34:32Z" level=warning msg="Request Failed" error="Get \"http://nginx/api/admissions/7bffe1fac09a8ef9d686f7e18a04df09a94ded489ea7142955cf108eed7ad2ae\": request timeout"
time="2026-09-13T02:34:32Z" level=warning msg="Request Failed" error="Get \"http://nginx/api/admissions/b34d36a5913118f76a3aa40cc83305fdbf716a25176d94228e5ed056d6b9f5fe\": request timeout"
time="2026-09-13T02:34:32Z" level=warning msg="Request Failed" error="Get \"http://nginx/api/admissions/20791ec4f580b51da415886768ef74034c4de4bc66cca473ceb8f41d45cdb6dd\": request timeout"
time="2026-09-13T02:34:32Z" level=warning msg="Request Failed" error="Get \"http://nginx/api/admissions/c3565d0a3cbc85d4e83e5b81f40e78db6312322f5c057a19cc696286b69f4e6f\": request timeout"
time="2026-09-13T02:34:32Z" level=warning msg="Request Failed" error="Get \"http://nginx/api/admissions/a26c1e5fbad50af58019386d8b5c48fe4bf8968bf12d427aa0b6b56d2f75f33c\": request timeout"
time="2026-09-13T02:34:32Z" level=warning msg="Request Failed" error="Get \"http://nginx/api/admissions/ea7304c1fbcff2ab678de32355abe92b7ea0d9c2825ad75345959879261d5f0b\": request timeout"
time="2026-09-13T02:34:32Z" level=warning msg="Request Failed" error="Get \"http://nginx/api/admissions/91aa2f31dacb2109f881f7b03a774180c378171b83f08fa7c243ad8735bd7af0\": request timeout"
time="2026-09-13T02:34:32Z" level=warning msg="Request Failed" error="Get \"http://nginx/api/admissions/1db7ea59e5f0b9579195782615911f3ad3459640a44798a3c29be3882f5a5385\": request timeout"
time="2026-09-13T02:34:32Z" level=warning msg="Request Failed" error="Get \"http://nginx/api/admissions/637ee363c5629ced1185c8daf082701a61c6823880e36ad9ad3d399837fe88e9\": request timeout"
time="2026-09-13T02:34:32Z" level=warning msg="Request Failed" error="Get \"http://nginx/api/admissions/d8c2b265b3b9211680cadea1d78c98c400c0441a4f75bb5c2e6a4e8467512930\": request timeout"
time="2026-09-13T02:34:32Z" level=warning msg="Request Failed" error="Get \"http://nginx/api/admissions/d80b16f69bb9f8b6b5c9ce41afe9701787c301376b6d3634ea97fad58a9be7fd\": request timeout"
time="2026-09-13T02:34:32Z" level=warning msg="Request Failed" error="Get \"http://nginx/api/admissions/a3bd9912dc6e09b6472c7fab1e8503be62126c4a4740799d490ed2378c6fbe83\": request timeout"
time="2026-09-13T02:34:32Z" level=warning msg="Request Failed" error="Get \"http://nginx/api/admissions/841f32639aa1f9419742ecfdca54b796736de8fc82f3a9d0a68ecc10f0072d2b\": request timeout"
time="2026-09-13T02:34:32Z" level=warning msg="Request Failed" error="Get \"http://nginx/api/admissions/1adb88573513a358f5ed5474bf87325025bf9aaa6304e6800f5fa8200ce60e23\": request timeout"
time="2026-09-13T02:34:32Z" level=warning msg="Request Failed" error="Get \"http://nginx/api/admissions/e20b7d971f1610a310e0a415b4bac1e7b7e8db407e81768822c37054969795aa\": request timeout"
time="2026-09-13T02:34:32Z" level=warning msg="Request Failed" error="Get \"http://nginx/api/admissions/4e790dea1d5056a668db0e2ffebed3844c865b308dc9b457ff47dd6bc63bac06\": request timeout"
time="2026-09-13T02:34:32Z" level=warning msg="Request Failed" error="Get \"http://nginx/api/admissions/f2df2330893338b6ceb047e47984a0eb6a117eaa4b3f095d8eb92c7e79602998\": request timeout"
time="2026-09-13T02:34:32Z" level=warning msg="Request Failed" error="Get \"http://nginx/api/admissions/9f9c48cbf951e4fc027b69d5e7a1d6fe0ffdd90347ea2236c015adbaa2e2aeef\": request timeout"
time="2026-09-13T02:34:32Z" level=warning msg="Request Failed" error="Get \"http://nginx/api/admissions/e0da74f38d9213a722b99ca8d7728bb4f401929b2b75949f4757b0b62f4a171a\": request timeout"
time="2026-09-13T02:34:32Z" level=warning msg="Request Failed" error="Get \"http://nginx/api/admissions/8bb28b66008b477533635b5bcad47c3b79193aa29cb9f4245d189a0b8a0fb19b\": request timeout"
time="2026-09-13T02:34:32Z" level=warning msg="Request Failed" error="Get \"http://nginx/api/admissions/619c2c687d583d2f63d7d7eb33cdf69bc41b88fe6766d301ff3484f2dccab90a\": request timeout"
time="2026-09-13T02:34:32Z" level=warning msg="Request Failed" error="Get \"http://nginx/api/admissions/7402bf0fb0e8b41393cf0341757224adbac22d247d7ecd4844179d1b23ebc87f\": request timeout"
time="2026-09-13T02:34:32Z" level=warning msg="Request Failed" error="Get \"http://nginx/api/admissions/ac80ac868b2ceb647773aecfe5d9a338f1a4dff51a127e0570ac65b759f7abb1\": request timeout"
time="2026-09-13T02:34:32Z" level=warning msg="Request Failed" error="Get \"http://nginx/api/admissions/2df7214c6707484d2cdf594e627b3b991a171ef34395cd686313659a7b185be1\": request timeout"
time="2026-09-13T02:34:32Z" level=warning msg="Request Failed" error="Get \"http://nginx/api/admissions/8dbbc656cecd7fe7276edea7eb7546b3b8ffdf789e436f4d5e93daeb129aa364\": request timeout"
time="2026-09-13T02:34:32Z" level=warning msg="Request Failed" error="Get \"http://nginx/api/admissions/40f65161885183171ff09917f4890bbe5ff2975a75eb9b2f1f36f39a308d3459\": request timeout"
time="2026-09-13T02:34:32Z" level=warning msg="Request Failed" error="Get \"http://nginx/api/admissions/12c649440ee507f26518c600b42d8a9788fc6000f03fc48a09ad701091143019\": request timeout"
time="2026-09-13T02:34:32Z" level=warning msg="Request Failed" error="Get \"http://nginx/api/admissions/c97dbd1b62d8aba0e7b831d007b89f0b073533fde8aed5090bcdea2e81449557\": request timeout"
time="2026-09-13T02:34:32Z" level=warning msg="Request Failed" error="Get \"http://nginx/api/admissions/aa521c454184df789bee5e28e3e9067cb3f71884dbffd62d4801cc761f50a5a2\": request timeout"
time="2026-09-13T02:34:32Z" level=warning msg="Request Failed" error="Get \"http://nginx/api/admissions/c25169d2a4271017d399239fe3d19ea5614af74160b828909e1d5bf194bebed2\": request timeout"
time="2026-09-13T02:34:32Z" level=warning msg="Request Failed" error="Get \"http://nginx/api/admissions/73a02e5b00567c9ad1950c84ca586227a8f4c2ead97a990efa385bd44717c71c\": request timeout"
time="2026-09-13T02:34:32Z" level=warning msg="Request Failed" error="Get \"http://nginx/api/admissions/2ff60bfee7a83ec205b23c347546c4f76d52497edda9f13a69badab3af542863\": request timeout"
time="2026-09-13T02:34:32Z" level=warning msg="Request Failed" error="Get \"http://nginx/api/admissions/dae242ba0617634587f77f4723c172eab2897167358608a98e25b75c10c98698\": request timeout"
time="2026-09-13T02:34:32Z" level=warning msg="Request Failed" error="Get \"http://nginx/api/admissions/ba30b2658d67ff698ef55bbf98f448c77598b945814e24f99e59fe250708351e\": request timeout"
time="2026-09-13T02:34:32Z" level=warning msg="Request Failed" error="Get \"http://nginx/api/admissions/4c7b6abd6d6fc67f62640000e458cc81fd1684310f998593e89c0863c6c6c65b\": request timeout"
time="2026-09-13T02:34:32Z" level=warning msg="Request Failed" error="Get \"http://nginx/api/admissions/154a2c976418bf73d1f96fbecfd614d2ca6a0ce2e46f9b0c67695cf79be381b9\": request timeout"
time="2026-09-13T02:34:32Z" level=warning msg="Request Failed" error="Get \"http://nginx/api/admissions/6e75f3141325af39825e6f323fae365c225adea8320ed967d771f491aaad5778\": request timeout"
time="2026-09-13T02:34:32Z" level=warning msg="Request Failed" error="Get \"http://nginx/api/admissions/1fb1a5da42ceabd9f860c8fbcc2f0b3cf1433f3da8039892b96f160c6e8e026d\": request timeout"
time="2026-09-13T02:34:32Z" level=warning msg="Request Failed" error="Get \"http://nginx/api/admissions/bcee671bf99d9888395dfd5639e3e152fc525daa366097186ce08ad7ac99d4ef\": request timeout"
time="2026-09-13T02:34:32Z" level=warning msg="Request Failed" error="Get \"http://nginx/api/admissions/dbfb11202deed12c2ff4cb06f948495484706523db22ac58899c8873bcb4641e\": request timeout"
time="2026-09-13T02:34:32Z" level=warning msg="Request Failed" error="Get \"http://nginx/api/admissions/4a59c6275020a672cc1fd89c903aa66fb017c51d7719f35e91d0837fc31b274e\": request timeout"
time="2026-09-13T02:34:32Z" level=warning msg="Request Failed" error="Get \"http://nginx/api/admissions/4c85e2e77ba78cff9806b82fe5931092e6c98254e9c1f3ef57566f9cbd7f40c7\": request timeout"
time="2026-09-13T02:34:32Z" level=warning msg="Request Failed" error="Get \"http://nginx/api/admissions/07be8324496722a61e1d881714efae742172150e4a1c2018f06d5bfafa12c54b\": request timeout"
time="2026-09-13T02:34:32Z" level=warning msg="Request Failed" error="Get \"http://nginx/api/admissions/2a5c1b8f3ef907c2f97aa7dfe515e7277a58e9d05ee624c55faf0e8fbcf03aca\": request timeout"
time="2026-09-13T02:34:32Z" level=warning msg="Request Failed" error="Get \"http://nginx/api/admissions/009350e047c2bc553b57c44c203528a2b5ed526c29faf82df23c0eab90701fd9\": request timeout"
time="2026-09-13T02:34:32Z" level=warning msg="Request Failed" error="Get \"http://nginx/api/admissions/14cb33dd191dc5e9ddcd74399589308c269f11a118c7a26691f98769a47d7503\": request timeout"
time="2026-09-13T02:34:32Z" level=warning msg="Request Failed" error="Get \"http://nginx/api/admissions/dee1d4cae66c8460076cd76ad92c1091ac11c875089ee2ad603476982c1c53c0\": request timeout"
time="2026-09-13T02:34:32Z" level=warning msg="Request Failed" error="Get \"http://nginx/api/admissions/360473bde313ebc2a2175f5c9a4241d612d7f263cb0f67d38a061d815a16742a\": request timeout"
time="2026-09-13T02:34:32Z" level=warning msg="Request Failed" error="Get \"http://nginx/api/admissions/5ce373fb4305f2cdb6ee4506c0dd43b65dbf5af5d7180d29e74210d6e9c8badd\": request timeout"
time="2026-09-13T02:34:32Z" level=warning msg="Request Failed" error="Get \"http://nginx/api/admissions/041e41397e2cd0c60b310aee621a28e4ae4a8f7f1763ec9511dfed04bb280ff0\": request timeout"
time="2026-09-13T02:34:32Z" level=warning msg="Request Failed" error="Get \"http://nginx/api/admissions/807f6c06aaf00000517ed9eae5d617e34aab940a368341716af1314ca6cd95f1\": request timeout"
time="2026-09-13T02:34:32Z" level=warning msg="Request Failed" error="Get \"http://nginx/api/admissions/7265b1b34199a46fd75ca9c2fda395999c692b8daa427d3973b997e6c64907d4\": request timeout"
time="2026-09-13T02:34:32Z" level=warning msg="Request Failed" error="Get \"http://nginx/api/admissions/875b9fe37ec9e745ddaab6ee9212b61a2419f2239cb5ee4c0d0f77abbe2f9a11\": request timeout"
time="2026-09-13T02:34:33Z" level=warning msg="Request Failed" error="Get \"http://nginx/api/admissions/56d1971b15534a1974a6f48532bbc1f998cd7032754482c537cdac4d37721353\": request timeout"
time="2026-09-13T02:34:33Z" level=warning msg="Request Failed" error="Get \"http://nginx/api/admissions/4316ff384554b933e021a3c1a9f0fca3bf09b72a05072f7e85dae629d9694a76\": request timeout"
time="2026-09-13T02:34:33Z" level=warning msg="Request Failed" error="Get \"http://nginx/api/admissions/96298e8257ba6a88a068e90e774bfb51a5d29ee1d245256ad0d3ad62d932e693\": request timeout"
time="2026-09-13T02:34:33Z" level=warning msg="Request Failed" error="Get \"http://nginx/api/admissions/990a5c272884b8f77e2f23388bfc1cae372f7c2e9ce0c61abddefe1eeff6368e\": request timeout"
time="2026-09-13T02:34:33Z" level=warning msg="Request Failed" error="Get \"http://nginx/api/admissions/1edace211fa86c5e2f9583c237e58c43985a6f9843fec6d87b0fc9895b0c24ea\": request timeout"
time="2026-09-13T02:34:33Z" level=warning msg="Request Failed" error="Get \"http://nginx/api/admissions/922e9664cd2f0cbcf670d1a3e6288efacf72c71e5761bab5726ff524bc147efb\": request timeout"
time="2026-09-13T02:34:33Z" level=warning msg="Request Failed" error="Get \"http://nginx/api/admissions/c1fd65298accf7f993ef7720c80dd587778873b14eed9774d28fb908b8aefd20\": request timeout"
time="2026-09-13T02:34:33Z" level=warning msg="Request Failed" error="Get \"http://nginx/api/admissions/29770992c6781e4815da4aec2e8d82af52d4425e9f9d504dc84566bba220dccd\": request timeout"
time="2026-09-13T02:34:33Z" level=warning msg="Request Failed" error="Get \"http://nginx/api/admissions/fc5b139fedef9d51b64875d9f7f8408b4ac74b650b6c274f53c868656bf61a55\": request timeout"
time="2026-09-13T02:34:33Z" level=warning msg="Request Failed" error="Get \"http://nginx/api/admissions/9d07143f0fb8b0b422d9a2e1f17efbf253e720710fe38acce13d28b53e02d505\": request timeout"
time="2026-09-13T02:34:33Z" level=warning msg="Request Failed" error="Get \"http://nginx/api/admissions/e7081561cd79d2f83e657f28867535901e09578f6b9b2b42a2185d43312def3e\": request timeout"
time="2026-09-13T02:34:33Z" level=warning msg="Request Failed" error="Get \"http://nginx/api/admissions/df15c85552b3128dd147f81710f0d41753bdac631913d920bd5946c2a9d41a78\": request timeout"
time="2026-09-13T02:34:33Z" level=warning msg="Request Failed" error="Get \"http://nginx/api/admissions/55b14f40d1b4e7104a1377d742fa095a0bb99da02dc4f03bcb5a5f79232b90b9\": request timeout"
time="2026-09-13T02:34:33Z" level=warning msg="Request Failed" error="Get \"http://nginx/api/admissions/8474455660c01e668baee80861c9d171e564d3a7d83167eec980d43574cb1310\": request timeout"
time="2026-09-13T02:34:33Z" level=warning msg="Request Failed" error="Get \"http://nginx/api/admissions/26d57036144e62c38f9117263779bebfebed521de449dfc27ac689a1ba22323d\": request timeout"
time="2026-09-13T02:34:33Z" level=warning msg="Request Failed" error="Get \"http://nginx/api/admissions/c1d3252a2efb7e195e9239ecdce48cc69c83306439118743a3b3273b3f2c5f78\": request timeout"
time="2026-09-13T02:34:33Z" level=warning msg="Request Failed" error="Get \"http://nginx/api/admissions/af659a32d5485eb17f917c36167e6376ba9565dae230a84d0089e65c5c44e290\": request timeout"
time="2026-09-13T02:34:33Z" level=warning msg="Request Failed" error="Get \"http://nginx/api/admissions/c2598342d6ce3578b40eb2d8d65f6c135d7587c29038945f22769995cf749489\": request timeout"
time="2026-09-13T02:34:33Z" level=warning msg="Request Failed" error="Get \"http://nginx/api/admissions/8689944b4f88981a850654deb0cabcba34093be141b999e6f8285e983bbe6db6\": request timeout"
time="2026-09-13T02:34:33Z" level=warning msg="Request Failed" error="Get \"http://nginx/api/admissions/7ecb0a480a668732f48167b4f034524c410245ecf91b9c59be05d6f346991b7b\": request timeout"
time="2026-09-13T02:34:33Z" level=warning msg="Request Failed" error="Get \"http://nginx/api/admissions/c348bf87b8334cb40e710fb93aa2d977283a92c472fb6c2c61a54e9481bd1df8\": request timeout"
time="2026-09-13T02:34:33Z" level=warning msg="Request Failed" error="Get \"http://nginx/api/admissions/41ab44013519ccbfb3502425a14198fe71467e2b1c75c0c5ab654f0142d993d1\": request timeout"
time="2026-09-13T02:34:33Z" level=warning msg="Request Failed" error="Get \"http://nginx/api/admissions/c790137c8cb72e7563aaead6e0615a52bb77b70d799fb3c287163652cdc808ce\": request timeout"
time="2026-09-13T02:34:33Z" level=warning msg="Request Failed" error="Get \"http://nginx/api/admissions/698a2e43eb43f4a246260fa644eea5d871d1d1f0d9120aca4875eb1d87c68975\": request timeout"
time="2026-09-13T02:34:33Z" level=warning msg="Request Failed" error="Get \"http://nginx/api/admissions/9a7417057be0a699383acdfe81500b3568b1434a74ab4daee1af005c06edc6dd\": request timeout"
time="2026-09-13T02:34:33Z" level=warning msg="Request Failed" error="Get \"http://nginx/api/admissions/8e982e05b9cb823db0a1644d0629bbf5f2f8fdc8f4b304407086d70a28312503\": request timeout"
time="2026-09-13T02:34:33Z" level=warning msg="Request Failed" error="Get \"http://nginx/api/admissions/c15a192050145a9f8bf87dc492bd7c87ce55effdd6d02d7c3fa54a7fc4db076a\": request timeout"
time="2026-09-13T02:34:33Z" level=warning msg="Request Failed" error="Get \"http://nginx/api/admissions/38671617eafdb7b4429753bb16a35d11c982d8e0d65b936a1093837eb3e74d7b\": request timeout"
time="2026-09-13T02:34:33Z" level=warning msg="Request Failed" error="Get \"http://nginx/api/admissions/2901a27048103174e9c55ff49d1c3696c872388628d4b41958f21dca8edeaaaa\": request timeout"

running (3m10.9s), 01368/02018 VUs, 2749 complete and 0 interrupted iterations
browsers ??[ 100% ] 02018/02018 VUs  1m0s  100.00 iters/s
time="2026-09-13T02:34:33Z" level=warning msg="Request Failed" error="Get \"http://nginx/api/admissions/968df357e428824370c0c08041efbce76233ef40cb97253df729516a8bc7d947\": request timeout"
time="2026-09-13T02:34:33Z" level=warning msg="Request Failed" error="Get \"http://nginx/api/admissions/c7f1ea71239a984edf33b48ee865d9354430a918fc36b5b2a1e3802da4a82b59\": request timeout"
time="2026-09-13T02:34:33Z" level=warning msg="Request Failed" error="Get \"http://nginx/api/admissions/a53143c285a0f3b73469b11728f897f704c39a2aabfab465ae791567ecf4155d\": request timeout"
time="2026-09-13T02:34:33Z" level=warning msg="Request Failed" error="Get \"http://nginx/api/admissions/1df10aee0c60512b03c58dee71321c50eef3e1e202375944127ee24c41b4bd33\": request timeout"
time="2026-09-13T02:34:33Z" level=warning msg="Request Failed" error="Get \"http://nginx/api/admissions/11d78f260ea2299d211b38ce2328cae28374045d9319c8d49f18de072206c8b7\": request timeout"
time="2026-09-13T02:34:33Z" level=warning msg="Request Failed" error="Get \"http://nginx/api/admissions/6b8fef48eb9a92194a3f464bc2f9986165115e9e7eb1d8fa0d33d49d509b081f\": request timeout"
time="2026-09-13T02:34:33Z" level=warning msg="Request Failed" error="Get \"http://nginx/api/admissions/f0e337a60e1aa51960f7baf2c7c0a5ee5064edc7db156a9b6fa914c9e6157933\": request timeout"
time="2026-09-13T02:34:33Z" level=warning msg="Request Failed" error="Get \"http://nginx/api/admissions/b61dfe9762dd66185ca77c1e0fb474c52e7f4d548544c11334d391be6bfe5011\": request timeout"
time="2026-09-13T02:34:33Z" level=warning msg="Request Failed" error="Get \"http://nginx/api/admissions/4c4774c8c0cfc76a7866eb5329e5b7b4e5bdd65836192c648c7d4b73dac546d6\": request timeout"
time="2026-09-13T02:34:33Z" level=warning msg="Request Failed" error="Get \"http://nginx/api/admissions/b7986cb1a108ead96f63f1bfe39efed4fecd41c766913f40c5d47c1a5fdab807\": request timeout"
time="2026-09-13T02:34:33Z" level=warning msg="Request Failed" error="Get \"http://nginx/api/admissions/e4ae74f04f9790115c6ca7a9c53029904fa1d2c9a28656c4c247ebcac77a685a\": request timeout"
time="2026-09-13T02:34:33Z" level=warning msg="Request Failed" error="Get \"http://nginx/api/admissions/8c3f601c98c40e06cceafa0922c68134d4b34c3527a9f934fda12f9a2b5957f6\": request timeout"
time="2026-09-13T02:34:33Z" level=warning msg="Request Failed" error="Get \"http://nginx/api/admissions/1617774fea4082253673f0ccdb75590ce9f160303409d2fbcf219fe5f8a8b76d\": request timeout"
time="2026-09-13T02:34:33Z" level=warning msg="Request Failed" error="Get \"http://nginx/api/admissions/a1d709a7a2efd2890dd29985dc53f21411a6563036ae2c4d778d742bf9de7d2d\": request timeout"
time="2026-09-13T02:34:33Z" level=warning msg="Request Failed" error="Get \"http://nginx/api/admissions/99fa78a74099e9d597b0910c28a30dbce12af42dc85f18519615d2ed1d317e4c\": request timeout"
time="2026-09-13T02:34:33Z" level=warning msg="Request Failed" error="Get \"http://nginx/api/admissions/e931ee046de0396da6656b4b4d4eed05b5d1b4022dcf0d683a02dcedb7493436\": request timeout"
time="2026-09-13T02:34:33Z" level=warning msg="Request Failed" error="Get \"http://nginx/api/admissions/33d3e4c3de3896b9693b8e13dbbb04b2430f86f0e2fba533f6ca7dea279e87a3\": request timeout"
time="2026-09-13T02:34:33Z" level=warning msg="Request Failed" error="Get \"http://nginx/api/admissions/e46bc7cc5c4391d36788254f85d6cfec461663d275a968e876f13a38afd1950c\": request timeout"
time="2026-09-13T02:34:33Z" level=warning msg="Request Failed" error="Get \"http://nginx/api/admissions/a3b61fc666e3f33d18adf7fc5fd02220c3ab316d6afd187d3b506c9f08fd8c93\": request timeout"
time="2026-09-13T02:34:33Z" level=warning msg="Request Failed" error="Get \"http://nginx/api/admissions/73a2e46ccb5cf0daba94c6bc1590c9b6630c01ef2dd9b1768e8c3c183c3cc447\": request timeout"
time="2026-09-13T02:34:33Z" level=warning msg="Request Failed" error="Get \"http://nginx/api/admissions/3ed0c1dc1c037f081ea1889ef68e472230fbe3162db72e1bf1e836b2ad7d4d26\": request timeout"
time="2026-09-13T02:34:33Z" level=warning msg="Request Failed" error="Get \"http://nginx/api/admissions/0252d58c80981ad7ccae5b4e9b1e08e7ad5fd8cb759cea02b7a6033afd8541b7\": request timeout"
time="2026-09-13T02:34:33Z" level=warning msg="Request Failed" error="Get \"http://nginx/api/admissions/c4d2cf22871a1b21e7ceddd05bf8358bf535003b927fc64b8bcf4df821d801a2\": request timeout"
time="2026-09-13T02:34:33Z" level=warning msg="Request Failed" error="Get \"http://nginx/api/admissions/55a1ff649b5c88bbb115de3534612217493f9e56de2f904582e28da178b0e8f6\": request timeout"
time="2026-09-13T02:34:33Z" level=warning msg="Request Failed" error="Get \"http://nginx/api/admissions/8ff894fc59053626568dd67fcc3ea499048970725eadf2ed09a22e49f514c059\": request timeout"
time="2026-09-13T02:34:33Z" level=warning msg="Request Failed" error="Get \"http://nginx/api/admissions/57c7eb04d7b7586d18d87fb914bd2479dc4e253de11352a2f7e26fc2881553f9\": request timeout"
time="2026-09-13T02:34:33Z" level=warning msg="Request Failed" error="Get \"http://nginx/api/admissions/72f9cf1e0ac287568947270a96d2dd05ef135bb2edad19b300ba616a17710dd7\": request timeout"
time="2026-09-13T02:34:33Z" level=warning msg="Request Failed" error="Get \"http://nginx/api/admissions/7531906fa1023e43c11ec9c27716178f8bc509fdddc87bf12d6c2501e8aed11e\": request timeout"
time="2026-09-13T02:34:33Z" level=warning msg="Request Failed" error="Get \"http://nginx/api/admissions/13839806e042819a8605aeccd4c4b5c48c780904126880f001faf82fad33e437\": request timeout"
time="2026-09-13T02:34:33Z" level=warning msg="Request Failed" error="Get \"http://nginx/api/admissions/b4d0d810e2e070bae48dae1d9d6f2d4e5ec48b3539023c40809c001b1d12f5f3\": request timeout"
time="2026-09-13T02:34:33Z" level=warning msg="Request Failed" error="Get \"http://nginx/api/admissions/32a8f9832753bc51a0c2bf7dd060429c831f3101e50236c42d22325880ca4ca1\": request timeout"
time="2026-09-13T02:34:33Z" level=warning msg="Request Failed" error="Get \"http://nginx/api/admissions/3109b5d8645a367903f6cb1b5edd93b77dc4febf12a5ae8e7635fe5d6934a656\": request timeout"
time="2026-09-13T02:34:33Z" level=warning msg="Request Failed" error="Get \"http://nginx/api/admissions/625dd117eaede7fa1a0dd4b1849840277e72afd1e705feaa70459fdcb15b9949\": request timeout"
time="2026-09-13T02:34:33Z" level=warning msg="Request Failed" error="Get \"http://nginx/api/admissions/b01ab1b5ded38c7c89e40140095a851194302ce1caf75779489691d8c888fb7a\": request timeout"
time="2026-09-13T02:34:33Z" level=warning msg="Request Failed" error="Get \"http://nginx/api/admissions/fb2f5b515d584313c189d45e23a98af9c604b7a9e48e2ecdc49572bb47fd7aa0\": request timeout"
time="2026-09-13T02:34:33Z" level=warning msg="Request Failed" error="Get \"http://nginx/api/admissions/8acbce19f66130d779a56c698996a7e0a012416b3f9727eab74f3727c2c0a91d\": request timeout"
time="2026-09-13T02:34:33Z" level=warning msg="Request Failed" error="Get \"http://nginx/api/admissions/68b942d3492e55d49801b63c1a876b26763caaca70cf6dcdb99c511d5433c0f5\": request timeout"
time="2026-09-13T02:34:33Z" level=warning msg="Request Failed" error="Get \"http://nginx/api/admissions/caec5f6c0c11bff3a8b8f1a3f8c971708bf92bdf730a3467453d3128aebf3c47\": request timeout"
time="2026-09-13T02:34:33Z" level=warning msg="Request Failed" error="Get \"http://nginx/api/admissions/5a5a49e08f71ec345817363cf097329d1cdc40efbd9ceeda07e614f911ce8f46\": request timeout"
time="2026-09-13T02:34:33Z" level=warning msg="Request Failed" error="Get \"http://nginx/api/admissions/c05b861bed76a6f6a0475a71e2c961fbf9ae468e36283ea37b29b2d7d2bd878c\": request timeout"
time="2026-09-13T02:34:33Z" level=warning msg="Request Failed" error="Get \"http://nginx/api/admissions/155733c1e84ed8ba8e991299f513d3c9981516a68db3af6668da98132008efb0\": request timeout"
time="2026-09-13T02:34:33Z" level=warning msg="Request Failed" error="Get \"http://nginx/api/admissions/c93eabf9fd9027f0461dbac91cdb5448fe6afa7953161bd44616ce873128dd5d\": request timeout"
time="2026-09-13T02:34:33Z" level=warning msg="Request Failed" error="Get \"http://nginx/api/admissions/792a403893b7b59850cfc598a8253648b66bf1e354b5a6ba7d5fdf9399e1546c\": request timeout"
time="2026-09-13T02:34:33Z" level=warning msg="Request Failed" error="Get \"http://nginx/api/admissions/3f235480a707138ecc3f1be647b83cf0cc910038fce22810f7a9770435b957f1\": request timeout"
time="2026-09-13T02:34:33Z" level=warning msg="Request Failed" error="Get \"http://nginx/api/admissions/b956cc46a9310aa9c3ead251aa71acf8fbbdca9504e4d95b33ad6b2ab1324195\": request timeout"
time="2026-09-13T02:34:33Z" level=warning msg="Request Failed" error="Get \"http://nginx/api/admissions/eba5bac4b118ba7117d03a9679d6a39589ad6999531a15e0b14c4fab72aa6c3b\": request timeout"
time="2026-09-13T02:34:33Z" level=warning msg="Request Failed" error="Get \"http://nginx/api/admissions/3c6a1ad0c52d1f2231b4c14a27aa2e00761aa6eb7f05de9cb45a02a6ceed3962\": request timeout"
time="2026-09-13T02:34:34Z" level=warning msg="Request Failed" error="Get \"http://nginx/api/admissions/de05cbad16dd3869bda9d44dabb0d0b7e674091437ea53641628745e7b7e72bc\": request timeout"
time="2026-09-13T02:34:34Z" level=warning msg="Request Failed" error="Get \"http://nginx/api/admissions/74f7bdff2e30e14982b484c59c446fb418a0d1696831a1c8aed0712411c9410e\": request timeout"
time="2026-09-13T02:34:34Z" level=warning msg="Request Failed" error="Get \"http://nginx/api/admissions/42bfd0719f8efd7982b2da3b725ea2089602be5efc9443fc08e2df4f95bb3ca5\": request timeout"
time="2026-09-13T02:34:34Z" level=warning msg="Request Failed" error="Get \"http://nginx/api/admissions/0a2c0fb991613430f852bec1550660e3e2cb742e4eaa838e70b47021e8fa75a9\": request timeout"
time="2026-09-13T02:34:34Z" level=warning msg="Request Failed" error="Get \"http://nginx/api/admissions/6d0c2c2dde2d7c5406c4d41fe5800dce722c8f05f9cb54298d923165eaa0f9dd\": request timeout"
time="2026-09-13T02:34:34Z" level=warning msg="Request Failed" error="Get \"http://nginx/api/admissions/c4ffd9c140d12dc88e98ce473902471808ca8199794686a4c592b13d286d5e6a\": request timeout"
time="2026-09-13T02:34:34Z" level=warning msg="Request Failed" error="Get \"http://nginx/api/admissions/3fe3ef62270ad6cc9b7407667a7e4e5fd4e74e4efacb84bc1e864ffecf191ac1\": request timeout"
time="2026-09-13T02:34:34Z" level=warning msg="Request Failed" error="Get \"http://nginx/api/admissions/c367cc7a4d017bb6b0d07362c1abad9138336052606bc8366d8d9b54598b1dae\": request timeout"
time="2026-09-13T02:34:34Z" level=warning msg="Request Failed" error="Get \"http://nginx/api/admissions/382d18018292607c8e96642e46688c6ce6bf6da63b7db75e07c23bac0244ca40\": request timeout"
time="2026-09-13T02:34:34Z" level=warning msg="Request Failed" error="Get \"http://nginx/api/admissions/dd1a9f640f56b867e75c64581e521e13744006b60079717f10b0ac7269ec879f\": request timeout"
time="2026-09-13T02:34:34Z" level=warning msg="Request Failed" error="Get \"http://nginx/api/admissions/5b5104972f267d2932978e8801203dbefb63d6c48ca22ed085634d713bc1c5e5\": request timeout"
time="2026-09-13T02:34:34Z" level=warning msg="Request Failed" error="Get \"http://nginx/api/admissions/7f72f6ef16d1bebf631da03c63e7532fe6e995a8d1ee7d4680c4e2b2c038229e\": request timeout"
time="2026-09-13T02:34:34Z" level=warning msg="Request Failed" error="Get \"http://nginx/api/admissions/42a42cb77525fd7fe4b7a48abb48586a41802d6a56af4ceebdb7ce19c84481d6\": request timeout"
time="2026-09-13T02:34:34Z" level=warning msg="Request Failed" error="Get \"http://nginx/api/admissions/bf7438701b1825ad561795700d5e3fb51224278a89cd59fae312e284cadf0e64\": request timeout"
time="2026-09-13T02:34:34Z" level=warning msg="Request Failed" error="Get \"http://nginx/api/admissions/a0d44df4ae26e3527446f7b8b1a8701a6c5b84274bd26efac501068784f56300\": request timeout"
time="2026-09-13T02:34:34Z" level=warning msg="Request Failed" error="Get \"http://nginx/api/admissions/7bf66b4045974322cb03112606aca35e46f0531a549dc2e267164298141ec29f\": request timeout"
time="2026-09-13T02:34:34Z" level=warning msg="Request Failed" error="Get \"http://nginx/api/admissions/85077cc08d51e1ff0279afc604ef8eef2f9a044c73148be5a27022416314beda\": request timeout"
time="2026-09-13T02:34:34Z" level=warning msg="Request Failed" error="Get \"http://nginx/api/admissions/e7a08f5590ccc507ecdda496f3122b2b3b748f3bd1af9e5feddc645396fd9412\": request timeout"
time="2026-09-13T02:34:34Z" level=warning msg="Request Failed" error="Get \"http://nginx/api/admissions/96474208a3320599df6df2e93887c9a23e8995b33a791dab098cab74166f9b26\": request timeout"
time="2026-09-13T02:34:34Z" level=warning msg="Request Failed" error="Get \"http://nginx/api/admissions/6d94bdc5f6d1c90262c6dc70fe7fbd0fefcdd7c97310d29468721adebfb642da\": request timeout"

running (3m11.9s), 01364/02018 VUs, 2753 complete and 0 interrupted iterations
browsers ??[ 100% ] 02018/02018 VUs  1m0s  100.00 iters/s
time="2026-09-13T02:34:34Z" level=warning msg="Request Failed" error="Get \"http://nginx/api/admissions/5a47e26a478fdff618fbf3083b6fb35660c5d060a00f8dd1b96f862964993af3\": request timeout"
time="2026-09-13T02:34:34Z" level=warning msg="Request Failed" error="Get \"http://nginx/api/admissions/1bfff9c3cc454fb02902bb26e013442e31a04dfcf47c4e2410d564a26b53948a\": request timeout"
time="2026-09-13T02:34:34Z" level=warning msg="Request Failed" error="Get \"http://nginx/api/admissions/89a946e36990a70de3bf9f78130631a15e29a6c9bdadd42a65ae38ecce337065\": request timeout"
time="2026-09-13T02:34:34Z" level=warning msg="Request Failed" error="Get \"http://nginx/api/admissions/8acbb23e2b9427a9573ccb18ea95fe78a6bd558fa5037f1819169b1b7893fd7d\": request timeout"
time="2026-09-13T02:34:34Z" level=warning msg="Request Failed" error="Get \"http://nginx/api/admissions/e4fb3601e5d27586148949c8a94bd0639c988df15a180dc25977c05dc1429a8a\": request timeout"
time="2026-09-13T02:34:34Z" level=warning msg="Request Failed" error="Get \"http://nginx/api/admissions/956a0662ad9492d5172b634b301b8f80c1a67a6ee266a4d216805a6e62babbde\": request timeout"
time="2026-09-13T02:34:34Z" level=warning msg="Request Failed" error="Get \"http://nginx/api/admissions/9d6f9317d7886290e23c37a491487b392f1ee4c29b4ccf5da5444a570dd70dd7\": request timeout"
time="2026-09-13T02:34:34Z" level=warning msg="Request Failed" error="Get \"http://nginx/api/admissions/025ed124fb584d021f3a370d11a53e4b00e6b8467c6361dd59ce404c600f2464\": request timeout"
time="2026-09-13T02:34:34Z" level=warning msg="Request Failed" error="Get \"http://nginx/api/admissions/dbeba573eb2eea47d61a81cbbeb5b7dfda5024c886179449cc873e6adb6d591d\": request timeout"
time="2026-09-13T02:34:34Z" level=warning msg="Request Failed" error="Get \"http://nginx/api/admissions/a718d320d7d546fc07f9dc9c4d6fdcf1bcc136942dac2a2a582fdf592907986e\": request timeout"
time="2026-09-13T02:34:34Z" level=warning msg="Request Failed" error="Get \"http://nginx/api/admissions/6410d30ec89edd0fb39a43966ea9e2fef71ad17131a94400622411323d1f031a\": request timeout"
time="2026-09-13T02:34:34Z" level=warning msg="Request Failed" error="Get \"http://nginx/api/admissions/eea8eaf5da83843070ab21186cabccbb974a0fcf4f3a352bd350a337a5ce3e52\": request timeout"
time="2026-09-13T02:34:34Z" level=warning msg="Request Failed" error="Get \"http://nginx/api/admissions/7ed4ca5944c850aa8eb27ab5b683b081530b9bb9e0933bdac1fa7da1d86dda90\": request timeout"
time="2026-09-13T02:34:34Z" level=warning msg="Request Failed" error="Get \"http://nginx/api/admissions/81fbc5d3f014b3d63f094e3055e5b40282aae7db13eb9cf07800938868acd045\": request timeout"
time="2026-09-13T02:34:34Z" level=warning msg="Request Failed" error="Get \"http://nginx/api/admissions/8a542b0c071d48a0e435419a2356339a1c3fa12f1de8f63b7e73c05c28beb104\": request timeout"
time="2026-09-13T02:34:34Z" level=warning msg="Request Failed" error="Get \"http://nginx/api/admissions/5baa3e4374229557385bba6b944c1546a0cf8a8ef238a1192e51430ae9bc3ca8\": request timeout"
time="2026-09-13T02:34:34Z" level=warning msg="Request Failed" error="Get \"http://nginx/api/admissions/74aa8828e8acd69c2410c18318f6ef5b4941e2449562e79d20fc0035832cb089\": request timeout"
time="2026-09-13T02:34:34Z" level=warning msg="Request Failed" error="Get \"http://nginx/api/admissions/742c9ec8db96760dc3781ea05c9849733cfb86b243963e73badf886e4ed569ab\": request timeout"
time="2026-09-13T02:34:34Z" level=warning msg="Request Failed" error="Get \"http://nginx/api/admissions/77623868b6a0c9b867ae813370542b0cdd5e5a7c93b2d26eabe5a4d9cf5c8913\": request timeout"
time="2026-09-13T02:34:34Z" level=warning msg="Request Failed" error="Get \"http://nginx/api/admissions/d984e503a7556392644afd92bbc51df6ca12236350e9af032cc8db34304f0796\": request timeout"
time="2026-09-13T02:34:34Z" level=warning msg="Request Failed" error="Get \"http://nginx/api/admissions/310f0117271c5ef87d9764ca8d9e5ff6e41c1e24812f15c42d02af78753d6a18\": request timeout"
time="2026-09-13T02:34:34Z" level=warning msg="Request Failed" error="Get \"http://nginx/api/admissions/1b6e15c5597a125e387ee7f9fc95b52daf9de320f79729e853073ba0ed6c5038\": request timeout"
time="2026-09-13T02:34:34Z" level=warning msg="Request Failed" error="Get \"http://nginx/api/admissions/2328fb1f84ad2263a53e36aecb48603e54042fbc8ac372a5a306ed8d7cf21cd4\": request timeout"
time="2026-09-13T02:34:34Z" level=warning msg="Request Failed" error="Get \"http://nginx/api/admissions/de31432a15fba144709191f9b76aac6777c45f8a6da118fe28d95fc9216159c3\": request timeout"
time="2026-09-13T02:34:34Z" level=warning msg="Request Failed" error="Get \"http://nginx/api/admissions/bc242081e6bb59d793a0f2aa840279c698b753375c1e054546f8ccb91594bea1\": request timeout"
time="2026-09-13T02:34:34Z" level=warning msg="Request Failed" error="Get \"http://nginx/api/admissions/cc5055316c1773541f88cb3e4a3853ecf8972a1156d303f3b08ec54939d85595\": request timeout"
time="2026-09-13T02:34:34Z" level=warning msg="Request Failed" error="Get \"http://nginx/api/admissions/beb864e53e5bc3d32572d1013a63ff046defb9d25925b6f4166dcec84d713f36\": request timeout"
time="2026-09-13T02:34:34Z" level=warning msg="Request Failed" error="Get \"http://nginx/api/admissions/b554dc24efe4cb362d2c860b2e51a62d154a269ede2930f6646ed42bbc47f716\": request timeout"
time="2026-09-13T02:34:34Z" level=warning msg="Request Failed" error="Get \"http://nginx/api/admissions/c2f9f76db3da3f2473c8631e1c02831358e568f19d30b4512473d1a3b52e055f\": request timeout"
time="2026-09-13T02:34:34Z" level=warning msg="Request Failed" error="Get \"http://nginx/api/admissions/4d5e2c14c42fd1dea11f821a1f6b278ebfe7410e0b23d831b450a48c3b66e267\": request timeout"
time="2026-09-13T02:34:34Z" level=warning msg="Request Failed" error="Get \"http://nginx/api/admissions/8f9e88eaaa6c883d8372411b00e3bb40b50615ec56e14697c6905375d2120961\": request timeout"
time="2026-09-13T02:34:34Z" level=warning msg="Request Failed" error="Get \"http://nginx/api/admissions/d3c39483eb35d055c65e2ee9f8f846c5172bf3c6c34504292de636dab11ac08c\": request timeout"
time="2026-09-13T02:34:34Z" level=warning msg="Request Failed" error="Get \"http://nginx/api/admissions/42f99ae402d883721bf57f1934ceffbeee8d2137e40ceef9f94af3bce21b6901\": request timeout"
time="2026-09-13T02:34:34Z" level=warning msg="Request Failed" error="Get \"http://nginx/api/admissions/86e02875ab75650d117d1c06857d65d12a10abdfb069fcd1821fc41b25b09db8\": request timeout"
time="2026-09-13T02:34:34Z" level=warning msg="Request Failed" error="Get \"http://nginx/api/admissions/fc47b677f87b32fd956364a4ed2d058892c161d3ee3185778898e07542b404ba\": request timeout"
time="2026-09-13T02:34:34Z" level=warning msg="Request Failed" error="Get \"http://nginx/api/admissions/a1490c367e665ac72aecf35be3ea8f9bf78828b721c157335cd32afc9dc5b478\": request timeout"
time="2026-09-13T02:34:34Z" level=warning msg="Request Failed" error="Get \"http://nginx/api/admissions/b1c93252e26ad4ae73fbf7fc4f3e1f98e2b4aeb3af5e482801d93c5bc2af9d65\": request timeout"
time="2026-09-13T02:34:34Z" level=warning msg="Request Failed" error="Get \"http://nginx/api/admissions/d9364cfeba400b3c18f3def5333221ec6baa6b0f803683c570ecb0741e0d623c\": request timeout"
time="2026-09-13T02:34:34Z" level=warning msg="Request Failed" error="Get \"http://nginx/api/admissions/a93fd875605544390e24aec81100fe03310973172562752097cf832a5694b100\": request timeout"
time="2026-09-13T02:34:35Z" level=warning msg="Request Failed" error="Get \"http://nginx/api/admissions/81195c707c05422ff41ca999688dbd124b02a1024884b18273918be929638008\": request timeout"
time="2026-09-13T02:34:35Z" level=warning msg="Request Failed" error="Get \"http://nginx/api/admissions/0b5cbcabf2afe4d33a908d6a86a20c1f760dddf7b4e8feb2faf940d20c983a50\": request timeout"
time="2026-09-13T02:34:35Z" level=warning msg="Request Failed" error="Get \"http://nginx/api/admissions/11d5ccbb9991e8142022e6c88e7cd0513c3f277490025153738f5297b7509462\": request timeout"
time="2026-09-13T02:34:35Z" level=warning msg="Request Failed" error="Get \"http://nginx/api/admissions/e4d1abb26ae2979039caaf9563144039f37bcd62a0d31d00844d3d217ed1b8fb\": request timeout"
time="2026-09-13T02:34:35Z" level=warning msg="Request Failed" error="Get \"http://nginx/api/admissions/3cdace1dc3450b6c4714794ff8aea93153b6d9308604e4d01591b18c3038fa06\": request timeout"
time="2026-09-13T02:34:35Z" level=warning msg="Request Failed" error="Get \"http://nginx/api/admissions/60c09c3bda3dc959a0f67d3fb0a3a268f98f47f288bf793ecfa08b26dcb6821a\": request timeout"
time="2026-09-13T02:34:35Z" level=warning msg="Request Failed" error="Get \"http://nginx/api/admissions/02e26d848b7dab2b3064527aa8c83036dc9cf37c0ee005da45388eb3b14d89ff\": request timeout"
time="2026-09-13T02:34:35Z" level=warning msg="Request Failed" error="Get \"http://nginx/api/admissions/5a9672f2b0cc58a4b1e2dadf1c2ee923e63ef87d98b514d0f9999617fc2d217d\": request timeout"
time="2026-09-13T02:34:35Z" level=warning msg="Request Failed" error="Get \"http://nginx/api/admissions/9df5d8da93e68da13eea89021e00401b426db7cc58c4befeb32baaeb3eb641c2\": request timeout"
time="2026-09-13T02:34:35Z" level=warning msg="Request Failed" error="Get \"http://nginx/api/admissions/61fac3c39545d4f1a3940fb6f9c1d253560e99d0454312a0d731b28d61613ac3\": request timeout"
time="2026-09-13T02:34:35Z" level=warning msg="Request Failed" error="Get \"http://nginx/api/admissions/d15b0940147e55a94eebb0acc4a1adda8321fd6f28ca40826fe685c449db7db6\": request timeout"
time="2026-09-13T02:34:35Z" level=warning msg="Request Failed" error="Get \"http://nginx/api/admissions/922a36acd2fed221bce893f8a9baa7e8470dc310832fa96b8a8450cda903a028\": request timeout"
time="2026-09-13T02:34:35Z" level=warning msg="Request Failed" error="Get \"http://nginx/api/admissions/f7380591541f5729e47906dfac3211a4d8df9bffde31a9344fe964b410449749\": request timeout"
time="2026-09-13T02:34:35Z" level=warning msg="Request Failed" error="Get \"http://nginx/api/admissions/95c7f2c4e475b23e77873013c10c91914eb8b5468934405be6f12dc14b5bdcf9\": request timeout"
time="2026-09-13T02:34:35Z" level=warning msg="Request Failed" error="Get \"http://nginx/api/admissions/c01561752946ad48447724bef81eabd8c74cf0c1cf4da9497812e5573ab7fe77\": request timeout"
time="2026-09-13T02:34:35Z" level=warning msg="Request Failed" error="Get \"http://nginx/api/admissions/ac2c77f21e5fc97ba0172a69626fb400046d01c2cf5ee2b84b4ebe0c5c434dc7\": request timeout"

running (3m12.9s), 01356/02018 VUs, 2761 complete and 0 interrupted iterations
browsers ??[ 100% ] 02018/02018 VUs  1m0s  100.00 iters/s
time="2026-09-13T02:34:35Z" level=warning msg="Request Failed" error="Get \"http://nginx/api/admissions/9b9fcd399503321e5c038ee6a9b517bfcb3a822369b4bb0dae929f5c5565d7b2\": request timeout"
time="2026-09-13T02:34:35Z" level=warning msg="Request Failed" error="Get \"http://nginx/api/admissions/d1813588be7d8175dfa69a03f34c8e1daf086b285a0595deb0979c752ddeb714\": request timeout"
time="2026-09-13T02:34:35Z" level=warning msg="Request Failed" error="Get \"http://nginx/api/admissions/5d1fc77d169709734899d7c2c70c34023f92ea6b8c2c0889b4121e81421118a0\": request timeout"
time="2026-09-13T02:34:35Z" level=warning msg="Request Failed" error="Get \"http://nginx/api/admissions/e40665b2fc890cf5a25e446b9be44276a8435f3aef73f3f70ebdc424226f0445\": request timeout"
time="2026-09-13T02:34:35Z" level=warning msg="Request Failed" error="Get \"http://nginx/api/admissions/5a438766c96dcb96d531fb6be14524700feabeec37982cf23be2afcc8292bfac\": request timeout"
time="2026-09-13T02:34:35Z" level=warning msg="Request Failed" error="Get \"http://nginx/api/admissions/078406d458096db2de9cbd693211b095cdd53e3fd467758310bebb41c77773db\": request timeout"
time="2026-09-13T02:34:35Z" level=warning msg="Request Failed" error="Get \"http://nginx/api/admissions/4b6e351226aba9475200f7e09aec3ce9d030777df0210342e9d18370163d4b2e\": request timeout"
time="2026-09-13T02:34:35Z" level=warning msg="Request Failed" error="Get \"http://nginx/api/admissions/2fa70db962441ab846879cbd27f30e11df92ef1b29705f248e0e3507b6ccb3d0\": request timeout"
time="2026-09-13T02:34:35Z" level=warning msg="Request Failed" error="Get \"http://nginx/api/admissions/ab659362674e73d57e33bfeea6b1c222d17dc057e9349eddd60fc2e57a5c75b0\": request timeout"
time="2026-09-13T02:34:35Z" level=warning msg="Request Failed" error="Get \"http://nginx/api/admissions/375393d60399da8ed54373ff102eef7b742c97fae14f69c7151f95f783cb874a\": request timeout"
time="2026-09-13T02:34:35Z" level=warning msg="Request Failed" error="Get \"http://nginx/api/admissions/89c16a0cfc10ff202970ad62078f1458b4580ce85ba8baf2efbce596670695ef\": request timeout"
time="2026-09-13T02:34:35Z" level=warning msg="Request Failed" error="Get \"http://nginx/api/admissions/f05ee6f2495cd2841a57f748d3b178f639028475f366fe52934eee55d1ced998\": request timeout"
time="2026-09-13T02:34:35Z" level=warning msg="Request Failed" error="Get \"http://nginx/api/admissions/10ab9cb67eef9dea6464d113e9de3170bce641369e47bfa70d31bf2c7f525a42\": request timeout"
time="2026-09-13T02:34:35Z" level=warning msg="Request Failed" error="Get \"http://nginx/api/admissions/fd1122d0e709ad6a6af941cbb194203bbba11e005a7347df6fb13da75bc79b8c\": request timeout"
time="2026-09-13T02:34:35Z" level=warning msg="Request Failed" error="Get \"http://nginx/api/admissions/25b5d7778dbed56b4098f8560445a783038e1bf9c7f787fb3a50cc80b1778877\": request timeout"
time="2026-09-13T02:34:35Z" level=warning msg="Request Failed" error="Get \"http://nginx/api/admissions/0c12d73eb75578229c57c2c65caf0359f378f38a1fa7a1f1c8584b413a4d687f\": request timeout"
time="2026-09-13T02:34:35Z" level=warning msg="Request Failed" error="Get \"http://nginx/api/admissions/80a28231b897916d0586d8950906e2933f13c27361d1f89b8767daac169f2a63\": request timeout"
time="2026-09-13T02:34:35Z" level=warning msg="Request Failed" error="Get \"http://nginx/api/admissions/14454969185e6d22e1a4dbec630d7c7c9c73e8bcdafae6cbbb0d4a8a04d4c4d5\": request timeout"
time="2026-09-13T02:34:35Z" level=warning msg="Request Failed" error="Get \"http://nginx/api/admissions/a62e88234aeb3ce08f17f5ee7fe93eff17f46dfdbfa27b6ef2ed78d00ae70cc6\": request timeout"
time="2026-09-13T02:34:35Z" level=warning msg="Request Failed" error="Get \"http://nginx/api/admissions/12c942abbe98c28b3557b8c1fc5bad7d94d118bbcd2b4106c0df77da8997c096\": request timeout"
time="2026-09-13T02:34:35Z" level=warning msg="Request Failed" error="Get \"http://nginx/api/admissions/0bd24f7703607158ec3915c15ff61a9c92c53abf536d8b8ff211f6157c5b36a7\": request timeout"
time="2026-09-13T02:34:35Z" level=warning msg="Request Failed" error="Get \"http://nginx/api/admissions/c38107835415baed6672c1097ded0704d04d3997d36d6bd171fab34a4e2b70ed\": request timeout"
time="2026-09-13T02:34:35Z" level=warning msg="Request Failed" error="Get \"http://nginx/api/admissions/0a9b25bc891a83894201cffce0313717842cdbd730a2841c5db62786f20ee02b\": request timeout"
time="2026-09-13T02:34:35Z" level=warning msg="Request Failed" error="Get \"http://nginx/api/admissions/49d2d44bdcac7b42235c92d6c3707bb50d3c810ac731b33139317e81c34947b4\": request timeout"
time="2026-09-13T02:34:35Z" level=warning msg="Request Failed" error="Get \"http://nginx/api/admissions/7e2dbdb2672d3a85327a24966a644ee12c572da3d9d754c9e613c244acedfd5e\": request timeout"
time="2026-09-13T02:34:35Z" level=warning msg="Request Failed" error="Get \"http://nginx/api/admissions/de1ca4ba6ec92fd420c41079a49f57af6af1dc3800656e3471906a815481ee53\": request timeout"
time="2026-09-13T02:34:35Z" level=warning msg="Request Failed" error="Get \"http://nginx/api/admissions/348eeeb277d2aa164a4f840761a2b9a4a7e94867eea2ffc3cfd177615d5dcd96\": request timeout"
time="2026-09-13T02:34:35Z" level=warning msg="Request Failed" error="Get \"http://nginx/api/admissions/ca2367ee9f824142199ca8259908bdd99d98fe56afbd619a20a64cb475f24261\": request timeout"
time="2026-09-13T02:34:36Z" level=warning msg="Request Failed" error="Get \"http://nginx/api/admissions/9f2596a87ed90f1d5981c6007dc62146ec1c304b8d8b5c01358a5e7e6ca74c79\": request timeout"
time="2026-09-13T02:34:36Z" level=warning msg="Request Failed" error="Get \"http://nginx/api/admissions/b9815a387fdfd1f43bcff89ad65c06f3f26be773192b15d8a0fe3de970e0bab1\": request timeout"
time="2026-09-13T02:34:36Z" level=warning msg="Request Failed" error="Get \"http://nginx/api/admissions/c826ec36c03bce6b888a5ea639569a0cd5743948d67d02032f223624cb19c9c4\": request timeout"
time="2026-09-13T02:34:36Z" level=warning msg="Request Failed" error="Get \"http://nginx/api/admissions/6abf05a5660fabeb237a7ec82c50d77bc3f18691e792a78f88628b4219a59ade\": request timeout"
time="2026-09-13T02:34:36Z" level=warning msg="Request Failed" error="Get \"http://nginx/api/admissions/2f4279666150afdcbefb44e80d5b744380f23e319b4def7b9a2802b32d8ad296\": request timeout"
time="2026-09-13T02:34:36Z" level=warning msg="Request Failed" error="Get \"http://nginx/api/admissions/166682a2cbdd110dc4e2f5a437ea51c7131efe0dda8034660941ddb127a2c640\": request timeout"
time="2026-09-13T02:34:36Z" level=warning msg="Request Failed" error="Get \"http://nginx/api/admissions/027b7588786a80aedb2b2b63180dd366937ab30eb707f9e33b5425058d286d9f\": request timeout"
time="2026-09-13T02:34:36Z" level=warning msg="Request Failed" error="Get \"http://nginx/api/admissions/80bfdb7bf131313831d2fabfde46b737c02d1861b138928728f4568ed0bee3bb\": request timeout"
time="2026-09-13T02:34:36Z" level=warning msg="Request Failed" error="Get \"http://nginx/api/admissions/64d31c84e77297e5f4f8dfe41d999a044d02a177ab2bfa5fb1d1c4b54f6de7b6\": request timeout"
time="2026-09-13T02:34:36Z" level=warning msg="Request Failed" error="Get \"http://nginx/api/admissions/5933b0a2316738a7e08c6757ba270d1ac985e163401ecfb9642845e1eb8e8161\": request timeout"
time="2026-09-13T02:34:36Z" level=warning msg="Request Failed" error="Get \"http://nginx/api/admissions/8b14143d6daa793248c4bc2ebe74902b2d5b4d5154871138ff94e106416920a2\": request timeout"
time="2026-09-13T02:34:36Z" level=warning msg="Request Failed" error="Get \"http://nginx/api/admissions/8427b4da290fc928229a999b2d3540dcfb1b7e26b2ac54eb1e38d6c76ec62e7f\": request timeout"

running (3m13.9s), 01351/02018 VUs, 2766 complete and 0 interrupted iterations
browsers ??[ 100% ] 02018/02018 VUs  1m0s  100.00 iters/s
time="2026-09-13T02:34:36Z" level=warning msg="Request Failed" error="Get \"http://nginx/api/admissions/a6a4cce29a21fa45de00b5b0ed2fc24cd8c03bf743d14af2959f58ab0ac6548d\": request timeout"
time="2026-09-13T02:34:36Z" level=warning msg="Request Failed" error="Get \"http://nginx/api/admissions/efa14bed4f64fb8660e961c9764973cbceed6b5ce7a007f0eaa77a056f13a3d9\": request timeout"
time="2026-09-13T02:34:36Z" level=warning msg="Request Failed" error="Get \"http://nginx/api/admissions/7c545aa418dc249b8674b35a56c881af107ccd377878c70a2994b282cc606562\": request timeout"
time="2026-09-13T02:34:36Z" level=warning msg="Request Failed" error="Get \"http://nginx/api/admissions/b0f0aa3503cdb5c92b3a4099cac49728d44b7ca69448f85bb28891a6be51adf4\": request timeout"
time="2026-09-13T02:34:36Z" level=warning msg="Request Failed" error="Get \"http://nginx/api/admissions/1b26da661f98ca9c3c9819ad335c316d485f42cbc8037cab923ffb73be6b0845\": request timeout"
time="2026-09-13T02:34:36Z" level=warning msg="Request Failed" error="Get \"http://nginx/api/admissions/848b41b9710c3274920b095af69eb880dae2d27aa6a37eac3cdd2f819202338d\": request timeout"
time="2026-09-13T02:34:36Z" level=warning msg="Request Failed" error="Get \"http://nginx/api/admissions/fab056f577d3784f6ab8315341ca443725c6b75e5239db767df24bf55d831bc1\": request timeout"
time="2026-09-13T02:34:36Z" level=warning msg="Request Failed" error="Get \"http://nginx/api/admissions/7973698ea7da19653e48e4679ca6da199de933325b143972477b64bf490e207f\": request timeout"
time="2026-09-13T02:34:36Z" level=warning msg="Request Failed" error="Get \"http://nginx/api/admissions/0bf472beb6004f39aa7c99e76e25fbc0dadde1f02705e2dbb0835cd6f6bbd2be\": request timeout"
time="2026-09-13T02:34:36Z" level=warning msg="Request Failed" error="Get \"http://nginx/api/admissions/24bb91776f7d037d79130b5d8c917195a3e764483e90c77d89dbd2d55033c0fd\": request timeout"
time="2026-09-13T02:34:36Z" level=warning msg="Request Failed" error="Get \"http://nginx/api/admissions/8821ac07f8172b733c67cd45c4c0fcbb6d18339f9b189693ae605a9faca45500\": request timeout"
time="2026-09-13T02:34:36Z" level=warning msg="Request Failed" error="Get \"http://nginx/api/admissions/7a335525476397a436b6e72e0da1134aed6e332ed5fca568e169fafd2db6c8f8\": request timeout"
time="2026-09-13T02:34:36Z" level=warning msg="Request Failed" error="Get \"http://nginx/api/admissions/c0c55ec941e7c1bcf2d96d041c553d292633043dbcd1cd63e56dd3766bec1877\": request timeout"
time="2026-09-13T02:34:36Z" level=warning msg="Request Failed" error="Get \"http://nginx/api/admissions/9b000af64d4a194a5d89dc9edb0839802cad889076a2b6d1f0701a29b0371166\": request timeout"
time="2026-09-13T02:34:36Z" level=warning msg="Request Failed" error="Get \"http://nginx/api/admissions/8cc0baa9019d365c8257464ffff9f6720df0e102f34a0921d01ec60410363a85\": request timeout"
time="2026-09-13T02:34:36Z" level=warning msg="Request Failed" error="Get \"http://nginx/api/admissions/fb109c998cf5c2f0bf4e01288de63978cb05d9fea1ea616407f0d8c3f402a639\": request timeout"
time="2026-09-13T02:34:36Z" level=warning msg="Request Failed" error="Get \"http://nginx/api/admissions/820060462e416a3b3faeb1fa848516b8f240e989ce5d36eb44452384a93682b4\": request timeout"
time="2026-09-13T02:34:36Z" level=warning msg="Request Failed" error="Get \"http://nginx/api/admissions/d67572a43baa454b7025f10409db22eb5c2630ce2144aeca7c1da77762866a0e\": request timeout"
time="2026-09-13T02:34:36Z" level=warning msg="Request Failed" error="Get \"http://nginx/api/admissions/94f6d63959dc837decc75ba1aef5c071f64bbaeb978454f70cfcb379b6b8164b\": request timeout"
time="2026-09-13T02:34:36Z" level=warning msg="Request Failed" error="Get \"http://nginx/api/admissions/80a4a849aa74048ae8f8db8a56a5c946e2b46ac195dc514832aff0384ab22027\": request timeout"
time="2026-09-13T02:34:36Z" level=warning msg="Request Failed" error="Get \"http://nginx/api/admissions/533ffe299576280e478e2657a532fd97ad70d744b2f58fc67da5ad681f2f2b2b\": request timeout"
time="2026-09-13T02:34:36Z" level=warning msg="Request Failed" error="Get \"http://nginx/api/admissions/d541e38f87d7c814c8f8e7947a4fb9c91134bd97289bd3029e171c594271ded9\": request timeout"
time="2026-09-13T02:34:36Z" level=warning msg="Request Failed" error="Get \"http://nginx/api/admissions/91bf709facb82e4f1fba03838430e17a6f259c67b97e3a66b46ae06e426b5ecf\": request timeout"
time="2026-09-13T02:34:36Z" level=warning msg="Request Failed" error="Get \"http://nginx/api/admissions/f83a593870355f9038eead186f1f3d5a96b0808bcde14f6c46cf01cf00889f58\": request timeout"
time="2026-09-13T02:34:36Z" level=warning msg="Request Failed" error="Get \"http://nginx/api/admissions/d4959d8a4bd87b9c9d28edee7a0d280580932f2dec3450e3dfaf369a9dafa4bd\": request timeout"
time="2026-09-13T02:34:36Z" level=warning msg="Request Failed" error="Get \"http://nginx/api/admissions/78234b3308b3f6f2f5dba4f0fbfeec5a7c24c49c39102f4c1c49eace8a2314ac\": request timeout"
time="2026-09-13T02:34:36Z" level=warning msg="Request Failed" error="Get \"http://nginx/api/admissions/56626bbcf08fad0c78a6a41bac58ed9d947b6f2b0e01d9d5dcb1ca097cfbf3cb\": request timeout"
time="2026-09-13T02:34:37Z" level=warning msg="Request Failed" error="Get \"http://nginx/api/admissions/c6c4eb86ce3e009c8868d57310cf9ceb4d0f44bc82bc933a607e015d4ec8b540\": request timeout"
time="2026-09-13T02:34:37Z" level=warning msg="Request Failed" error="Get \"http://nginx/api/admissions/31b8e93206755ec033f3b725f2bbe574da83511fd68e82fcc1eca065c44e0e16\": request timeout"
time="2026-09-13T02:34:37Z" level=warning msg="Request Failed" error="Get \"http://nginx/api/admissions/704417807393768a86ed09e8b32bf3a70fe1ab4f91aba802b66bbf6e8c8bf19a\": request timeout"
time="2026-09-13T02:34:37Z" level=warning msg="Request Failed" error="Get \"http://nginx/api/admissions/2605f791b55b88e83edde8bd7670e77a22f837cfb36c29804bf5ea7c3fa7bf91\": request timeout"
time="2026-09-13T02:34:37Z" level=warning msg="Request Failed" error="Get \"http://nginx/api/admissions/075daea41a3693391f912dbdaad503ad9a6d1aac703e30149ef6f812567367b8\": request timeout"
time="2026-09-13T02:34:37Z" level=warning msg="Request Failed" error="Get \"http://nginx/api/admissions/f7c6c81b9c8c191d3addbc9294945265e640ee694f7bd60ed9e5dd19371541dd\": request timeout"
time="2026-09-13T02:34:37Z" level=warning msg="Request Failed" error="Get \"http://nginx/api/admissions/664bd7c69d1ca11edafb50a6bd138c2aa7e3925949eceecfaacb1e320969eb9d\": request timeout"
time="2026-09-13T02:34:37Z" level=warning msg="Request Failed" error="Get \"http://nginx/api/admissions/8ddc97ecaae63714c3ead5565b747931c2cb28de39c071b95c4fc679d6f45280\": request timeout"
time="2026-09-13T02:34:37Z" level=warning msg="Request Failed" error="Get \"http://nginx/api/admissions/9c2b38bfb6b0ca33bc3e30cf404f05a4e59c404fd04123bec8397421a0e387d0\": request timeout"
time="2026-09-13T02:34:37Z" level=warning msg="Request Failed" error="Get \"http://nginx/api/admissions/1ed06fb96536deb1538870fb0844f29df70e55ddc6cda4fd7774c395021fe949\": request timeout"
time="2026-09-13T02:34:37Z" level=warning msg="Request Failed" error="Get \"http://nginx/api/admissions/63aa833ba952bf941c8bde6c9b14365006deed173cab2e7a3b5f7da9379ad7c7\": request timeout"
time="2026-09-13T02:34:37Z" level=warning msg="Request Failed" error="Get \"http://nginx/api/admissions/d13907c02b7505b0d3320702a247776175b30e8f7d792f3b58daa54a1b67b99d\": request timeout"
time="2026-09-13T02:34:37Z" level=warning msg="Request Failed" error="Get \"http://nginx/api/admissions/fd28d48e02e685d66f77c8454fa7e3a26b9d5624fbb681ae96e604b1210e2f5f\": request timeout"
time="2026-09-13T02:34:37Z" level=warning msg="Request Failed" error="Get \"http://nginx/api/admissions/c77a514491de1b208484242dff4b4177d3c5ca63d284900104224495fbc6bad0\": request timeout"
time="2026-09-13T02:34:37Z" level=warning msg="Request Failed" error="Get \"http://nginx/api/admissions/11d0724a68f06114e871fab641df66cb672d8b33f825a1cee21ea7dab096444f\": request timeout"
time="2026-09-13T02:34:37Z" level=warning msg="Request Failed" error="Get \"http://nginx/api/admissions/10ce21812fc132a07ca1ddd236f95b39a28fa77cd97b2ca3e60e625a5c2d4ef8\": request timeout"
time="2026-09-13T02:34:37Z" level=warning msg="Request Failed" error="Get \"http://nginx/api/admissions/682fac9bc58dacb46b69863babc64b625fa8e7d81317c1efc750ecf3e8ea1393\": request timeout"
time="2026-09-13T02:34:37Z" level=warning msg="Request Failed" error="Get \"http://nginx/api/admissions/5dabb50e00dd8dbda5df0710072878d6af6d19f01a3d363db94d424b8f9aa78b\": request timeout"

running (3m14.9s), 01346/02018 VUs, 2771 complete and 0 interrupted iterations
browsers ??[ 100% ] 02018/02018 VUs  1m0s  100.00 iters/s
time="2026-09-13T02:34:37Z" level=warning msg="Request Failed" error="Get \"http://nginx/api/admissions/1fb30651f49b0150daf04daabb8d2d77773584770f8b922726f14e0b1c3a0a24\": request timeout"
time="2026-09-13T02:34:37Z" level=warning msg="Request Failed" error="Get \"http://nginx/api/admissions/6d96beb2e6e069728e2dce37704836b4c9bff6f3379d7aeee35d637cd7da0023\": request timeout"
time="2026-09-13T02:34:37Z" level=warning msg="Request Failed" error="Get \"http://nginx/api/admissions/3bba040e850ec12f06317b5eb26aa405091b21eb4a88ffea5576f069c7f80f14\": request timeout"
time="2026-09-13T02:34:37Z" level=warning msg="Request Failed" error="Get \"http://nginx/api/admissions/02d52aee2b23ac9adc699f995b899fd29a663587ce472945e77a18dbf5cb2c90\": request timeout"
time="2026-09-13T02:34:37Z" level=warning msg="Request Failed" error="Get \"http://nginx/api/admissions/ebbfbfe245a012a635ea30ac5ab9a1a65b8f4573aac2861ccd2776a611451acd\": request timeout"
time="2026-09-13T02:34:37Z" level=warning msg="Request Failed" error="Get \"http://nginx/api/admissions/38a07457c265765a9857b399f57116aabf081d36c8ba4d3ba8d85b64d3222c96\": request timeout"
time="2026-09-13T02:34:37Z" level=warning msg="Request Failed" error="Get \"http://nginx/api/admissions/c9277d9ce736d2e9fcd53352174d2dd6c6758ed38368a62328b0997d9d0c90c8\": request timeout"
time="2026-09-13T02:34:37Z" level=warning msg="Request Failed" error="Get \"http://nginx/api/admissions/0e5c758c18a5713d15a97bbf4f1606a4ba2bb5c1a059912e88a65c13b91d556e\": request timeout"
time="2026-09-13T02:34:37Z" level=warning msg="Request Failed" error="Get \"http://nginx/api/admissions/8ae7ad156b4135dc2388d3848db9e18050ab78129c9af1fdb8bf2a18861d3294\": request timeout"
time="2026-09-13T02:34:37Z" level=warning msg="Request Failed" error="Get \"http://nginx/api/admissions/0b193af559277dd0a9b4b8e7227620ad4410ea06e16b1c712dcbdbe69fcb8ba3\": request timeout"
time="2026-09-13T02:34:37Z" level=warning msg="Request Failed" error="Get \"http://nginx/api/admissions/416d494cee940e461495b03d86442187de1841bdc46d2928c9b18bd84ba90248\": request timeout"
time="2026-09-13T02:34:37Z" level=warning msg="Request Failed" error="Get \"http://nginx/api/admissions/73b4b0343472710940217e6dc06cc33d1113cf19bddfee2d2f65970235f78c81\": request timeout"
time="2026-09-13T02:34:37Z" level=warning msg="Request Failed" error="Get \"http://nginx/api/admissions/779870a3f97e1208635fdacf40113a1fe1e2f504ee569791093de686b72a2d09\": request timeout"
time="2026-09-13T02:34:37Z" level=warning msg="Request Failed" error="Get \"http://nginx/api/admissions/7e8258af65e9892b686050ceae6584561f1e4d18689f831fbfaaef22a2bc34db\": request timeout"
time="2026-09-13T02:34:37Z" level=warning msg="Request Failed" error="Get \"http://nginx/api/admissions/3ee15bbc4f31a58ab2990a05e721147804e0887040130f1408682328921f9c35\": request timeout"
time="2026-09-13T02:34:37Z" level=warning msg="Request Failed" error="Get \"http://nginx/api/admissions/d01748383232e6bfd886c2ed57b3f00c4992aa329f522fb4c71ad03ba5e0681a\": request timeout"
time="2026-09-13T02:34:37Z" level=warning msg="Request Failed" error="Get \"http://nginx/api/admissions/0a66f476b363c548315deb98ac15ba9db9127cec74f44424b926ea2d6162c1eb\": request timeout"
time="2026-09-13T02:34:37Z" level=warning msg="Request Failed" error="Get \"http://nginx/api/admissions/2840edfe5aab33816fc4015ad027c78ad7e1f450a29734fae351bf92008c40e8\": request timeout"
time="2026-09-13T02:34:37Z" level=warning msg="Request Failed" error="Get \"http://nginx/api/admissions/6b6c0cbf5e0c30faa9eba8a384cdde2000698e6723db920c3a06a36c856ea708\": request timeout"
time="2026-09-13T02:34:37Z" level=warning msg="Request Failed" error="Get \"http://nginx/api/admissions/da2d406facf287e22675b6b99422eb2b9d458564893a075d389aef4647222702\": request timeout"
time="2026-09-13T02:34:37Z" level=warning msg="Request Failed" error="Get \"http://nginx/api/admissions/ee61d177b5e9a6e56045d2679a9d9f65e4ea3be303b0fd1ab87846aea720c8ff\": request timeout"
time="2026-09-13T02:34:37Z" level=warning msg="Request Failed" error="Get \"http://nginx/api/admissions/1b8f07b65749beb61ac25f87e3264ca591ef06cb76be6cfc2b888897b4c8aaa1\": request timeout"
time="2026-09-13T02:34:37Z" level=warning msg="Request Failed" error="Get \"http://nginx/api/admissions/3d87289622fa80013445fde29b5cbe7579b340e7b6152955d69e8c7b9afa9a96\": request timeout"
time="2026-09-13T02:34:37Z" level=warning msg="Request Failed" error="Get \"http://nginx/api/admissions/9d1f1f60b83551d6cc8e9840c60668c1822afac9def921318f34364b77a3bb1b\": request timeout"
time="2026-09-13T02:34:37Z" level=warning msg="Request Failed" error="Get \"http://nginx/api/admissions/77b358c9f36d73952432c163b25fd03d83cc07172f82c727ae6b1978ddae382b\": request timeout"
time="2026-09-13T02:34:37Z" level=warning msg="Request Failed" error="Get \"http://nginx/api/admissions/f4e12caf6bab882f0021960e09eb988786e8c3b32b35247b1789b395a2c8bfe9\": request timeout"
time="2026-09-13T02:34:37Z" level=warning msg="Request Failed" error="Get \"http://nginx/api/admissions/f71eea886e6d443e6a23aecaba7b42f46665a455b73bcba6519a7ea4cbe0f1db\": request timeout"
time="2026-09-13T02:34:37Z" level=warning msg="Request Failed" error="Get \"http://nginx/api/admissions/f4b01e8d44e318cd82272dd8a1a3d41f97ed9347237a7b740dc6c924012d9591\": request timeout"
time="2026-09-13T02:34:37Z" level=warning msg="Request Failed" error="Get \"http://nginx/api/admissions/43ca89b6619ffb9d9b4961429e33fa96648a9533e780000907c53aaccf0fc728\": request timeout"
time="2026-09-13T02:34:37Z" level=warning msg="Request Failed" error="Get \"http://nginx/api/admissions/644352f239d80e19c57e7e7544372150389cf6d2bd3b6f086d1ceebceeb176c4\": request timeout"
time="2026-09-13T02:34:38Z" level=warning msg="Request Failed" error="Get \"http://nginx/api/admissions/95e138d2d9da6cf70d998ae46c370cc66105283ebd2774bd8dad6de447fa686c\": request timeout"
time="2026-09-13T02:34:38Z" level=warning msg="Request Failed" error="Get \"http://nginx/api/admissions/9c7e0e8544163a2bf4b8f1e97c583e37b06e8c92280822444b606a37ee447347\": request timeout"
time="2026-09-13T02:34:38Z" level=warning msg="Request Failed" error="Get \"http://nginx/api/admissions/4670021c1919edb26184e1dd38828997ceed27e922932f9455acb1a82be29048\": request timeout"
time="2026-09-13T02:34:38Z" level=warning msg="Request Failed" error="Get \"http://nginx/api/admissions/525c8c62e236485b9be3d65f8406117a842a0a4179fe8ba8be08196ba9c26cdd\": request timeout"
time="2026-09-13T02:34:38Z" level=warning msg="Request Failed" error="Get \"http://nginx/api/admissions/7671deec2bd23a60ae8cc03bb9e0a14b36a95da3e14a334664d801a5292e23dd\": request timeout"
time="2026-09-13T02:34:38Z" level=warning msg="Request Failed" error="Get \"http://nginx/api/admissions/1cdccab3d8f8643df7c553bff1270353030dbab1d0238f24386d44c3adc3ed14\": request timeout"
time="2026-09-13T02:34:38Z" level=warning msg="Request Failed" error="Get \"http://nginx/api/admissions/f5adab5aad236c5a07cc241f5a5640c8299b8dde5a9c3d961032693b97221dc9\": request timeout"
time="2026-09-13T02:34:38Z" level=warning msg="Request Failed" error="Get \"http://nginx/api/admissions/54ce60a5ed73fb82eb69aad325b844c0d279d42cd24ca366edfb93be3803fadb\": request timeout"
time="2026-09-13T02:34:38Z" level=warning msg="Request Failed" error="Get \"http://nginx/api/admissions/d3a67d50b3bbbaacef05879b7bc709accbb997b2f476a16f495f05daa71f6fc5\": request timeout"

running (3m15.9s), 01336/02018 VUs, 2781 complete and 0 interrupted iterations
browsers ??[ 100% ] 02018/02018 VUs  1m0s  100.00 iters/s
time="2026-09-13T02:34:38Z" level=warning msg="Request Failed" error="Get \"http://nginx/api/admissions/5918be2d7410c26d5449064bc02f71e450f8b792b6a193a6c48607cde9d7f4ab\": request timeout"
time="2026-09-13T02:34:38Z" level=warning msg="Request Failed" error="Get \"http://nginx/api/admissions/e0ec0d86effea89192f8e21c55d45aea40cc71ea4746841f25fc437dd9162538\": request timeout"

running (3m16.9s), 01328/02018 VUs, 2789 complete and 0 interrupted iterations
browsers ??[ 100% ] 02018/02018 VUs  1m0s  100.00 iters/s
time="2026-09-13T02:34:39Z" level=warning msg="Request Failed" error="Get \"http://nginx/api/admissions/aa30cce6fad491521724ad881c4e0cfced8aeec820487b0801b702def15e0741\": request timeout"
time="2026-09-13T02:34:39Z" level=warning msg="Request Failed" error="Get \"http://nginx/api/admissions/8dbbbc5e1318bde4121baf2f2d8313d4232eae935f648f0c04d5086b6468bd93\": request timeout"
time="2026-09-13T02:34:39Z" level=warning msg="Request Failed" error="Get \"http://nginx/api/admissions/cea3726a5ac800cff5251847bf5d9347ee7bb5cc8056e3f2f03ac8cfdfc7e8c8\": request timeout"
time="2026-09-13T02:34:39Z" level=warning msg="Request Failed" error="Get \"http://nginx/api/admissions/b95cf64e353fd6a08c418866f29903e702234e43b0537678094ad59092393b63\": request timeout"
time="2026-09-13T02:34:39Z" level=warning msg="Request Failed" error="Get \"http://nginx/api/admissions/5e43674594abebcfa35e2d07087a7027eb80b86823db21316edacf32677e203a\": request timeout"
time="2026-09-13T02:34:39Z" level=warning msg="Request Failed" error="Get \"http://nginx/api/admissions/e5c4df39c57b18efc1aa320f7089253a1192c5945f5a6013f64bdd40e5a259cd\": request timeout"
time="2026-09-13T02:34:39Z" level=warning msg="Request Failed" error="Get \"http://nginx/api/admissions/e82ccb81efd517b604d34dbe89413ecfd0708dd8a6776c0e69f30183064cd266\": request timeout"
time="2026-09-13T02:34:40Z" level=warning msg="Request Failed" error="Get \"http://nginx/api/admissions/62b6df06d20d1a44e08dab6a1ccc48c77caf32f340a6132ed12e406a872e5651\": request timeout"
time="2026-09-13T02:34:40Z" level=warning msg="Request Failed" error="Get \"http://nginx/api/admissions/d1a57ea533f8f92019ccd69e01dba6762cccc4a800175fb41b76c3b6957fb554\": request timeout"
time="2026-09-13T02:34:40Z" level=warning msg="Request Failed" error="Get \"http://nginx/api/admissions/37f4200d9d673055c7782d91db50b4e642d579f6705e48cc5218cabb73bea959\": request timeout"
time="2026-09-13T02:34:40Z" level=warning msg="Request Failed" error="Get \"http://nginx/api/admissions/01c268cd2fbb7190fabfd705e5e1867f1c06dac3228b97cfb27502f9f546410a\": request timeout"

running (3m17.9s), 01319/02018 VUs, 2798 complete and 0 interrupted iterations
browsers ??[ 100% ] 02018/02018 VUs  1m0s  100.00 iters/s
time="2026-09-13T02:34:40Z" level=warning msg="Request Failed" error="Get \"http://nginx/api/admissions/f29cd0e421f975461053ac6b6bfac66255097f2c467c75b81bbdd1444bf74a43\": request timeout"
time="2026-09-13T02:34:40Z" level=warning msg="Request Failed" error="Get \"http://nginx/api/admissions/af1f8b6560d626c7fc68c9557c6e28391417711238c6aa2156529c4cab6b6cd1\": request timeout"
time="2026-09-13T02:34:40Z" level=warning msg="Request Failed" error="Get \"http://nginx/api/admissions/6e3e36ac9ae6f3788717968e33aa76ba6dfd6a1cbff1dbd7da828e6c5cb56fea\": request timeout"
time="2026-09-13T02:34:40Z" level=warning msg="Request Failed" error="Get \"http://nginx/api/admissions/f3924a974f4db04b55777faeb9adab88a18fd28666d780c1785026f35d648e69\": request timeout"
time="2026-09-13T02:34:40Z" level=warning msg="Request Failed" error="Get \"http://nginx/api/admissions/85b82f7a4aac0da0fc0a4b13fe09b580e4f1e33fed55ba5477d77c2394e63325\": request timeout"
time="2026-09-13T02:34:40Z" level=warning msg="Request Failed" error="Get \"http://nginx/api/admissions/5721528771b4e78bcc40cc1c2009bdd6ba919b5dbfa03ae184f66902c6f43454\": request timeout"
time="2026-09-13T02:34:40Z" level=warning msg="Request Failed" error="Get \"http://nginx/api/admissions/9455768f52512c93c27d84dade7f13e97e325943354984386506db4f59eee287\": request timeout"
time="2026-09-13T02:34:40Z" level=warning msg="Request Failed" error="Get \"http://nginx/api/admissions/87f4bbdc4ada4985233b2bdb96cae72f0fb680eb69ce1afca0e8ce75f1a31e8d\": request timeout"
time="2026-09-13T02:34:40Z" level=warning msg="Request Failed" error="Get \"http://nginx/api/admissions/88b9c2c41a5858edf0fb063ac08d19bd0123bdbda29451866fe158a3bea463f7\": request timeout"
time="2026-09-13T02:34:40Z" level=warning msg="Request Failed" error="Get \"http://nginx/api/admissions/c32ea921773b36144f898e02ce14aea3ce20f69d1c725ee348661bde0fa2dbef\": request timeout"
time="2026-09-13T02:34:40Z" level=warning msg="Request Failed" error="Get \"http://nginx/api/admissions/981815d29ac39f96d610b80c2b0057aaf1320eb81566480d1f6c8f8a5079ba42\": request timeout"
time="2026-09-13T02:34:40Z" level=warning msg="Request Failed" error="Get \"http://nginx/api/admissions/3ca0aeaa3a0f6edc6e79cc8182b41500cdb6f3ce9323446128ad3dce35712c39\": request timeout"
time="2026-09-13T02:34:40Z" level=warning msg="Request Failed" error="Get \"http://nginx/api/admissions/d88b34295c203b2948d0ba5504415d7a762e1dc7a85129232804899253176456\": request timeout"
time="2026-09-13T02:34:41Z" level=warning msg="Request Failed" error="Get \"http://nginx/api/admissions/62edfe1c4acbd35b16153f96500c3dee1c3834135c62fcfe02fa31782d0fbf8b\": request timeout"

running (3m18.9s), 01318/02018 VUs, 2799 complete and 0 interrupted iterations
browsers ??[ 100% ] 02018/02018 VUs  1m0s  100.00 iters/s

running (3m19.9s), 01318/02018 VUs, 2799 complete and 0 interrupted iterations
browsers ??[ 100% ] 02018/02018 VUs  1m0s  100.00 iters/s

running (3m20.9s), 01318/02018 VUs, 2799 complete and 0 interrupted iterations
browsers ??[ 100% ] 02018/02018 VUs  1m0s  100.00 iters/s

running (3m21.9s), 01314/02018 VUs, 2803 complete and 0 interrupted iterations
browsers ??[ 100% ] 02018/02018 VUs  1m0s  100.00 iters/s

running (3m22.9s), 01306/02018 VUs, 2811 complete and 0 interrupted iterations
browsers ??[ 100% ] 02018/02018 VUs  1m0s  100.00 iters/s

running (3m23.9s), 01302/02018 VUs, 2815 complete and 0 interrupted iterations
browsers ??[ 100% ] 02018/02018 VUs  1m0s  100.00 iters/s

running (3m24.9s), 01296/02018 VUs, 2821 complete and 0 interrupted iterations
browsers ??[ 100% ] 02018/02018 VUs  1m0s  100.00 iters/s
time="2026-09-13T02:34:47Z" level=warning msg="Request Failed" error="Get \"http://nginx/api/admissions/36cc406685b4a50e15ffe28b4cf8b9e8fe3b375a006693d10940668bb7337a79\": request timeout"
time="2026-09-13T02:34:47Z" level=warning msg="Request Failed" error="Get \"http://nginx/api/admissions/e4422486a2c9fee02fe64a240ae3043b9f443151f7cbb8b72559b27e30c7b629\": request timeout"
time="2026-09-13T02:34:47Z" level=warning msg="Request Failed" error="Get \"http://nginx/api/admissions/7e8e4ea4c4e22a264952cbdacee99ac17d81af25fa1001962ea179037d2e7524\": request timeout"
time="2026-09-13T02:34:47Z" level=warning msg="Request Failed" error="Get \"http://nginx/api/admissions/600509cfc112d6ec9fc29fdf1b549457154baba9e50b1b4e381262fe24e5cafe\": request timeout"
time="2026-09-13T02:34:47Z" level=warning msg="Request Failed" error="Get \"http://nginx/api/admissions/c9dc06fb9888ea5d46207269116170fdcd5f68e191b6007be5dc4cf3db270111\": request timeout"
time="2026-09-13T02:34:47Z" level=warning msg="Request Failed" error="Get \"http://nginx/api/admissions/2bcc6bc8541222654c33f4fa7b405d5e42f21df6e37dfce0444d3949a0bedfed\": request timeout"
time="2026-09-13T02:34:47Z" level=warning msg="Request Failed" error="Get \"http://nginx/api/admissions/18582494e21c750834a2d1cf186635fd02fe7d4a9ca5930011b04e28a37b909f\": request timeout"
time="2026-09-13T02:34:48Z" level=warning msg="Request Failed" error="Get \"http://nginx/api/admissions/81171eac0267fdb1251d8d8fed9102db870f97b18b525e1b6dcb08b27e8ae7ff\": request timeout"
time="2026-09-13T02:34:48Z" level=warning msg="Request Failed" error="Get \"http://nginx/api/admissions/61a855d959868b6384b1a89014a0cea77ba95abc86cdbd516b70fce3f7b2d013\": request timeout"
time="2026-09-13T02:34:48Z" level=warning msg="Request Failed" error="Get \"http://nginx/api/admissions/5351330b33d553144caa4bad7bc34cd7cb41dab8a672e1897238de2fae1cfc30\": request timeout"
time="2026-09-13T02:34:48Z" level=warning msg="Request Failed" error="Get \"http://nginx/api/admissions/233e81d24bd0134fa22241aaaaa45529bf3a0f7c87040fcab39bb71076b49323\": request timeout"
time="2026-09-13T02:34:48Z" level=warning msg="Request Failed" error="Get \"http://nginx/api/admissions/caca5ca9457c3f792023ff26f1af0b4e1a4f04cb8b1e2defea0e8517d9fb1502\": request timeout"
time="2026-09-13T02:34:48Z" level=warning msg="Request Failed" error="Get \"http://nginx/api/admissions/b0f2334a94a52cc781e4dece187aaa84a5ef9d97b39add7c5976cd179d72a8af\": request timeout"
time="2026-09-13T02:34:48Z" level=warning msg="Request Failed" error="Get \"http://nginx/api/admissions/81bec139e563b2025ea0e11ace85d48513415fcbdac76a28f03571ed7d3bd5d0\": request timeout"
time="2026-09-13T02:34:48Z" level=warning msg="Request Failed" error="Get \"http://nginx/api/admissions/ef78140e09f574bec921fdab33afac3241132e0fa4ef95f221326b8ffd617e99\": request timeout"
time="2026-09-13T02:34:48Z" level=warning msg="Request Failed" error="Get \"http://nginx/api/admissions/7a12867613025a85cbb31b906f10a47dca17b9fe48e5dbcfa147d0cc2d45cbd0\": request timeout"

running (3m25.9s), 01288/02018 VUs, 2829 complete and 0 interrupted iterations
browsers ??[ 100% ] 02018/02018 VUs  1m0s  100.00 iters/s
time="2026-09-13T02:34:48Z" level=warning msg="Request Failed" error="Get \"http://nginx/api/admissions/1e26fd3de6ab9a61805cfa47834490735ff32a34506217ecabf8ca19f6cd439a\": request timeout"
time="2026-09-13T02:34:48Z" level=warning msg="Request Failed" error="Get \"http://nginx/api/admissions/8f4f1e4cf1c4e505063f7e3df5155cd3c48f55340e8dcd9014e212e246285bec\": request timeout"
time="2026-09-13T02:34:48Z" level=warning msg="Request Failed" error="Get \"http://nginx/api/admissions/c0051981550f69f0bd4734e9465efaad600803c43cc41f9dad0d568bf60ec0b8\": request timeout"
time="2026-09-13T02:34:48Z" level=warning msg="Request Failed" error="Get \"http://nginx/api/admissions/e751d5933b6f4ab0519ea3f42eba329b0c1c51816cd4ec23cfbe95fa13870331\": request timeout"
time="2026-09-13T02:34:48Z" level=warning msg="Request Failed" error="Get \"http://nginx/api/admissions/214089dfc3e29aa753264a96512659ac997757860fa6b53076aea55dfba564e8\": request timeout"
time="2026-09-13T02:34:48Z" level=warning msg="Request Failed" error="Get \"http://nginx/api/admissions/871c6cfaa31a5d95d9ec6f9201bdf80f1880928a66a133451172a2fa49cf46cc\": request timeout"
time="2026-09-13T02:34:48Z" level=warning msg="Request Failed" error="Get \"http://nginx/api/admissions/528dd059dd4776e5ae74dc1cf88565de6856929c774f360f947d8aa633ac91c9\": request timeout"
time="2026-09-13T02:34:48Z" level=warning msg="Request Failed" error="Get \"http://nginx/api/admissions/83545068f2228b8a5fc3556fed461f86991d9a52a57a7a3d6582aa0dc74b2be0\": request timeout"
time="2026-09-13T02:34:48Z" level=warning msg="Request Failed" error="Get \"http://nginx/api/admissions/cacb6f2189deb0bb9600d3d7aa36fd60cdfa6dce3d877db155079b5322881a07\": request timeout"
time="2026-09-13T02:34:48Z" level=warning msg="Request Failed" error="Get \"http://nginx/api/admissions/c9dc1a89300858a78f357e06893aec5bdf60c3980e9888b9fb508b2bcc6fcbda\": request timeout"
time="2026-09-13T02:34:48Z" level=warning msg="Request Failed" error="Get \"http://nginx/api/admissions/e7e690ffad0d616db6d7ee48a0c77ebc91c8ef883edea13db56662131e3813e2\": request timeout"
time="2026-09-13T02:34:48Z" level=warning msg="Request Failed" error="Get \"http://nginx/api/admissions/75cfe45a521b57d9d2d811c17313b47cb476adbb473197faf74a9aede437cf63\": request timeout"
time="2026-09-13T02:34:48Z" level=warning msg="Request Failed" error="Get \"http://nginx/api/admissions/6fd30b6a35bb2d2439d846b0567dc39375cefd83c6eb4215092f26b166e1c686\": request timeout"
time="2026-09-13T02:34:48Z" level=warning msg="Request Failed" error="Get \"http://nginx/api/admissions/d19b7901568e74c6623f311762fb16333264f5e469118cdb935452b2d30e6915\": request timeout"
time="2026-09-13T02:34:48Z" level=warning msg="Request Failed" error="Get \"http://nginx/api/admissions/a99241b6fb09c98cc426921da8e6654834b9c2ff024ed017d49de7e69e9370b7\": request timeout"
time="2026-09-13T02:34:48Z" level=warning msg="Request Failed" error="Get \"http://nginx/api/admissions/efb72e6b54e499faf948a5aaea7506f8a73c7db21126841f75443a7d9b2ea23f\": request timeout"
time="2026-09-13T02:34:48Z" level=warning msg="Request Failed" error="Get \"http://nginx/api/admissions/e2d9e01b933c1614ed64c69a17139a5b37517d414b8eaea5c8a360ec82ba6e20\": request timeout"
time="2026-09-13T02:34:48Z" level=warning msg="Request Failed" error="Get \"http://nginx/api/admissions/66934ddb0d87b9fdfb8bb575a69fa34d53e923bb29d1c5249f8216dcaaf107d6\": request timeout"
time="2026-09-13T02:34:48Z" level=warning msg="Request Failed" error="Get \"http://nginx/api/admissions/ba1b7ce9d414eb2ae1db81fe6a0bb8f00c4581b98fdeb09c034415d178bd7824\": request timeout"
time="2026-09-13T02:34:48Z" level=warning msg="Request Failed" error="Get \"http://nginx/api/admissions/76526663cbd156c43d979c93a137a9301a3efd077e0ced67dce92bc54a0a8716\": request timeout"
time="2026-09-13T02:34:48Z" level=warning msg="Request Failed" error="Get \"http://nginx/api/admissions/99de155b07dada92f67f019b712323942256e5999ad3513c703ba81afe4dfe66\": request timeout"
time="2026-09-13T02:34:48Z" level=warning msg="Request Failed" error="Get \"http://nginx/api/admissions/ae1088dacc0e25624d0f1c70280025e068cd7b894926d328c2f187e70e167168\": request timeout"
time="2026-09-13T02:34:48Z" level=warning msg="Request Failed" error="Get \"http://nginx/api/admissions/0e34a6387503566956db21d8fcfc783bf89126ad6d135547926d2451eb655b34\": request timeout"
time="2026-09-13T02:34:48Z" level=warning msg="Request Failed" error="Get \"http://nginx/api/admissions/5a662321579672d02ad73f958094b255bf4ca2fd02297e378ed93388f102ce60\": request timeout"
time="2026-09-13T02:34:48Z" level=warning msg="Request Failed" error="Get \"http://nginx/api/admissions/218453443a393cd8e9446f04654301a0c2eafbcafaac58739a943de44334ca06\": request timeout"
time="2026-09-13T02:34:48Z" level=warning msg="Request Failed" error="Get \"http://nginx/api/admissions/e17a2abcc5af9e1bf3fb3cd6ebc4728abdead74b213dd81c92ed6c75c32b7774\": request timeout"
time="2026-09-13T02:34:48Z" level=warning msg="Request Failed" error="Get \"http://nginx/api/admissions/4498fe67d8edf9a85c80b045c66dd75dcfd5cb87efc8f1e626febcc2c2f48e08\": request timeout"
time="2026-09-13T02:34:49Z" level=warning msg="Request Failed" error="Get \"http://nginx/api/admissions/574d97d2a5b83df6f6d949a3788b2a5f13cb1d4dea90d3aa26c0acde18b0402c\": request timeout"
time="2026-09-13T02:34:49Z" level=warning msg="Request Failed" error="Get \"http://nginx/api/admissions/800b22f750afad53f90ef60964b504cd74da708252159b5efe98ca425f0abad5\": request timeout"
time="2026-09-13T02:34:49Z" level=warning msg="Request Failed" error="Get \"http://nginx/api/admissions/5a2ec25c73ce51476283f7a8af26e5167bc2bba117a5e2a18766eea3fd5900be\": request timeout"
time="2026-09-13T02:34:49Z" level=warning msg="Request Failed" error="Get \"http://nginx/api/admissions/3bdf56469dd76762a1f4f838081e54e2643103623eb5f29432153d2e48d8389d\": request timeout"
time="2026-09-13T02:34:49Z" level=warning msg="Request Failed" error="Get \"http://nginx/api/admissions/83aa33ea998e34475569d6b510a549662d31172322f1a33faf938c3e721db849\": request timeout"
time="2026-09-13T02:34:49Z" level=warning msg="Request Failed" error="Get \"http://nginx/api/admissions/cca9e268c684a4f3abc9e5cae95653b2994636be1cc74e0726ff8d08d24d91b6\": request timeout"
time="2026-09-13T02:34:49Z" level=warning msg="Request Failed" error="Get \"http://nginx/api/admissions/413506738a0ef22b5ca49d435b525b2143cfc5100060ec60fcb08baeb162fe60\": request timeout"
time="2026-09-13T02:34:49Z" level=warning msg="Request Failed" error="Get \"http://nginx/api/admissions/5160b86a9c01386384811a2158d4cbae0407f70dfd69e2a941c2d08aa904aad1\": request timeout"
time="2026-09-13T02:34:49Z" level=warning msg="Request Failed" error="Get \"http://nginx/api/admissions/76f120c71bc4ae401a9fcf0f94e07b303e59d12f947ff49334495bce4e1a79d6\": request timeout"
time="2026-09-13T02:34:49Z" level=warning msg="Request Failed" error="Get \"http://nginx/api/admissions/cd0983eb626ccdb6b2bb2a4a27b7e0b5cf645dc35b371231654393fe13bc837d\": request timeout"
time="2026-09-13T02:34:49Z" level=warning msg="Request Failed" error="Get \"http://nginx/api/admissions/e251392dcc837b656d0b635b6db51f4335784331cea7ad321cc7e8cf7692026e\": request timeout"
time="2026-09-13T02:34:49Z" level=warning msg="Request Failed" error="Get \"http://nginx/api/admissions/16e582ead268d7b6d4984eaa9be6c3dab0715a510a990377b18e0849b8894ebf\": request timeout"
time="2026-09-13T02:34:49Z" level=warning msg="Request Failed" error="Get \"http://nginx/api/admissions/00b6019e76ee5a6bd7bd5c3303062735788a784ad1b70a41fb3b9a48e39132c7\": request timeout"
time="2026-09-13T02:34:49Z" level=warning msg="Request Failed" error="Get \"http://nginx/api/admissions/0c61203d900ac2b9d7e4505345b2f1201c123726f3264c2688d06faabaf63710\": request timeout"
time="2026-09-13T02:34:49Z" level=warning msg="Request Failed" error="Get \"http://nginx/api/admissions/162cb6dc4ff9a60048830b5634c6d865c0584663e5b696f37f9ae753d6af4b5b\": request timeout"
time="2026-09-13T02:34:49Z" level=warning msg="Request Failed" error="Get \"http://nginx/api/admissions/215df9b9e57c099c59f0a54c9eb9de64e7d8a7f97625e1a3e50bbebb4aac56a3\": request timeout"
time="2026-09-13T02:34:49Z" level=warning msg="Request Failed" error="Get \"http://nginx/api/admissions/34adf6f94e0f2eadb7731e70500fdd11e379fd6d32c6ac1e09922b941997cc01\": request timeout"
time="2026-09-13T02:34:49Z" level=warning msg="Request Failed" error="Get \"http://nginx/api/admissions/c2c26847276b7be2b9a9565e0d8fa1674d6804f392a5af81a96f48acfeb0ede4\": request timeout"

running (3m26.9s), 01280/02018 VUs, 2837 complete and 0 interrupted iterations
browsers ??[ 100% ] 02018/02018 VUs  1m0s  100.00 iters/s
time="2026-09-13T02:34:49Z" level=warning msg="Request Failed" error="Get \"http://nginx/api/admissions/86d0e143eb8970386cfef48086018ab4a110d7dda213e4b1ba2b86d0cba3c594\": request timeout"
time="2026-09-13T02:34:49Z" level=warning msg="Request Failed" error="Get \"http://nginx/api/admissions/36eb7982e09bed25c101fee614294913f7573284f0ad851ca631c081ae2e83ff\": request timeout"
time="2026-09-13T02:34:49Z" level=warning msg="Request Failed" error="Get \"http://nginx/api/admissions/dc9fb3269a4f98cece54be6df150b969be795e7d7f5face0d7c1d59cf29e20ea\": request timeout"
time="2026-09-13T02:34:49Z" level=warning msg="Request Failed" error="Get \"http://nginx/api/admissions/2e08dddd116ce52c67499f36d0075adc2532c99f004c86a9868daeda01091206\": request timeout"
time="2026-09-13T02:34:49Z" level=warning msg="Request Failed" error="Get \"http://nginx/api/admissions/7563322ecfeb82da7d2fa06ffc763d8d23fb4fc084de708c9f56d08e7fc39edd\": request timeout"
time="2026-09-13T02:34:49Z" level=warning msg="Request Failed" error="Get \"http://nginx/api/admissions/1b3f9770412eced894f19b327648dc451f9ca39c565e8d09860065beceb98928\": request timeout"
time="2026-09-13T02:34:49Z" level=warning msg="Request Failed" error="Get \"http://nginx/api/admissions/c249ea9638a6660b5bb16f24b5131af611a001fc85c80f0f65dca760957b966d\": request timeout"
time="2026-09-13T02:34:49Z" level=warning msg="Request Failed" error="Get \"http://nginx/api/admissions/e5b1d3d2b502e5dc54c2c9cb3de99aa4591d5bf0ba6c47014b2e3b55476b4531\": request timeout"
time="2026-09-13T02:34:49Z" level=warning msg="Request Failed" error="Get \"http://nginx/api/admissions/4f01519a9cc1344cf364ff8a4d98eeaafce45e6de9e62329abc2f02664d9a057\": request timeout"
time="2026-09-13T02:34:49Z" level=warning msg="Request Failed" error="Get \"http://nginx/api/admissions/3eb2d899878c9a07793a6194dd4cebbc3f8d44003a144a0e5995d72440ef1852\": request timeout"
time="2026-09-13T02:34:49Z" level=warning msg="Request Failed" error="Get \"http://nginx/api/admissions/f89d4640fbbc5c52987620ff4cc2d130b0013c855a9b7ee340ea231aa2951216\": request timeout"
time="2026-09-13T02:34:49Z" level=warning msg="Request Failed" error="Get \"http://nginx/api/admissions/f4eea0f207ff89655e2ed5dfbc775f3ba6173ee84328771461673da019ffdda5\": request timeout"
time="2026-09-13T02:34:49Z" level=warning msg="Request Failed" error="Get \"http://nginx/api/admissions/c41bf6e20661608713015e0385b069db177f5503df256edf5df95e611b675a5b\": request timeout"
time="2026-09-13T02:34:49Z" level=warning msg="Request Failed" error="Get \"http://nginx/api/admissions/20791ec4f580b51da415886768ef74034c4de4bc66cca473ceb8f41d45cdb6dd\": request timeout"
time="2026-09-13T02:34:49Z" level=warning msg="Request Failed" error="Get \"http://nginx/api/admissions/ef8a9967952f4da8d47d3f928b362816fd07e957156443851f2ccc966d71ef39\": request timeout"
time="2026-09-13T02:34:49Z" level=warning msg="Request Failed" error="Get \"http://nginx/api/admissions/91aa2f31dacb2109f881f7b03a774180c378171b83f08fa7c243ad8735bd7af0\": request timeout"
time="2026-09-13T02:34:49Z" level=warning msg="Request Failed" error="Get \"http://nginx/api/admissions/d8f109f67139a31b993e2dac125136f25772531cdf3db374e47a11e07d594bff\": request timeout"
time="2026-09-13T02:34:49Z" level=warning msg="Request Failed" error="Get \"http://nginx/api/admissions/c3565d0a3cbc85d4e83e5b81f40e78db6312322f5c057a19cc696286b69f4e6f\": request timeout"
time="2026-09-13T02:34:49Z" level=warning msg="Request Failed" error="Get \"http://nginx/api/admissions/dd5eb830f30160601db781b2d9952cac3bf35a318cfb9648048d7ed0030ced35\": request timeout"
time="2026-09-13T02:34:49Z" level=warning msg="Request Failed" error="Get \"http://nginx/api/admissions/ea7304c1fbcff2ab678de32355abe92b7ea0d9c2825ad75345959879261d5f0b\": request timeout"
time="2026-09-13T02:34:49Z" level=warning msg="Request Failed" error="Get \"http://nginx/api/admissions/70f154d58808855da5aa44d0f5f33c43df58bcaa39f272dc13a112fb2153cab9\": request timeout"
time="2026-09-13T02:34:49Z" level=warning msg="Request Failed" error="Get \"http://nginx/api/admissions/4e790dea1d5056a668db0e2ffebed3844c865b308dc9b457ff47dd6bc63bac06\": request timeout"
time="2026-09-13T02:34:49Z" level=warning msg="Request Failed" error="Get \"http://nginx/api/admissions/7bffe1fac09a8ef9d686f7e18a04df09a94ded489ea7142955cf108eed7ad2ae\": request timeout"
time="2026-09-13T02:34:49Z" level=warning msg="Request Failed" error="Get \"http://nginx/api/admissions/b34d36a5913118f76a3aa40cc83305fdbf716a25176d94228e5ed056d6b9f5fe\": request timeout"
time="2026-09-13T02:34:49Z" level=warning msg="Request Failed" error="Get \"http://nginx/api/admissions/6199b4bead1c21860f0514f7adb34362ed42c74eaa107b80d2fbd62f341ae2b6\": request timeout"
time="2026-09-13T02:34:49Z" level=warning msg="Request Failed" error="Get \"http://nginx/api/admissions/d8c2b265b3b9211680cadea1d78c98c400c0441a4f75bb5c2e6a4e8467512930\": request timeout"
time="2026-09-13T02:34:49Z" level=warning msg="Request Failed" error="Get \"http://nginx/api/admissions/a3bd9912dc6e09b6472c7fab1e8503be62126c4a4740799d490ed2378c6fbe83\": request timeout"
time="2026-09-13T02:34:49Z" level=warning msg="Request Failed" error="Get \"http://nginx/api/admissions/e20b7d971f1610a310e0a415b4bac1e7b7e8db407e81768822c37054969795aa\": request timeout"
time="2026-09-13T02:34:49Z" level=warning msg="Request Failed" error="Get \"http://nginx/api/admissions/f2df2330893338b6ceb047e47984a0eb6a117eaa4b3f095d8eb92c7e79602998\": request timeout"
time="2026-09-13T02:34:49Z" level=warning msg="Request Failed" error="Get \"http://nginx/api/admissions/841f32639aa1f9419742ecfdca54b796736de8fc82f3a9d0a68ecc10f0072d2b\": request timeout"
time="2026-09-13T02:34:49Z" level=warning msg="Request Failed" error="Get \"http://nginx/api/admissions/e0da74f38d9213a722b99ca8d7728bb4f401929b2b75949f4757b0b62f4a171a\": request timeout"
time="2026-09-13T02:34:49Z" level=warning msg="Request Failed" error="Get \"http://nginx/api/admissions/8bb28b66008b477533635b5bcad47c3b79193aa29cb9f4245d189a0b8a0fb19b\": request timeout"
time="2026-09-13T02:34:49Z" level=warning msg="Request Failed" error="Get \"http://nginx/api/admissions/1db7ea59e5f0b9579195782615911f3ad3459640a44798a3c29be3882f5a5385\": request timeout"
time="2026-09-13T02:34:49Z" level=warning msg="Request Failed" error="Get \"http://nginx/api/admissions/ac80ac868b2ceb647773aecfe5d9a338f1a4dff51a127e0570ac65b759f7abb1\": request timeout"
time="2026-09-13T02:34:49Z" level=warning msg="Request Failed" error="Get \"http://nginx/api/admissions/637ee363c5629ced1185c8daf082701a61c6823880e36ad9ad3d399837fe88e9\": request timeout"
time="2026-09-13T02:34:49Z" level=warning msg="Request Failed" error="Get \"http://nginx/api/admissions/1adb88573513a358f5ed5474bf87325025bf9aaa6304e6800f5fa8200ce60e23\": request timeout"
time="2026-09-13T02:34:49Z" level=warning msg="Request Failed" error="Get \"http://nginx/api/admissions/a26c1e5fbad50af58019386d8b5c48fe4bf8968bf12d427aa0b6b56d2f75f33c\": request timeout"
time="2026-09-13T02:34:49Z" level=warning msg="Request Failed" error="Get \"http://nginx/api/admissions/c25169d2a4271017d399239fe3d19ea5614af74160b828909e1d5bf194bebed2\": request timeout"
time="2026-09-13T02:34:49Z" level=warning msg="Request Failed" error="Get \"http://nginx/api/admissions/d80b16f69bb9f8b6b5c9ce41afe9701787c301376b6d3634ea97fad58a9be7fd\": request timeout"
time="2026-09-13T02:34:49Z" level=warning msg="Request Failed" error="Get \"http://nginx/api/admissions/12c649440ee507f26518c600b42d8a9788fc6000f03fc48a09ad701091143019\": request timeout"
time="2026-09-13T02:34:49Z" level=warning msg="Request Failed" error="Get \"http://nginx/api/admissions/2ff60bfee7a83ec205b23c347546c4f76d52497edda9f13a69badab3af542863\": request timeout"
time="2026-09-13T02:34:49Z" level=warning msg="Request Failed" error="Get \"http://nginx/api/admissions/619c2c687d583d2f63d7d7eb33cdf69bc41b88fe6766d301ff3484f2dccab90a\": request timeout"
time="2026-09-13T02:34:49Z" level=warning msg="Request Failed" error="Get \"http://nginx/api/admissions/8dbbc656cecd7fe7276edea7eb7546b3b8ffdf789e436f4d5e93daeb129aa364\": request timeout"
time="2026-09-13T02:34:49Z" level=warning msg="Request Failed" error="Get \"http://nginx/api/admissions/4c7b6abd6d6fc67f62640000e458cc81fd1684310f998593e89c0863c6c6c65b\": request timeout"
time="2026-09-13T02:34:49Z" level=warning msg="Request Failed" error="Get \"http://nginx/api/admissions/7402bf0fb0e8b41393cf0341757224adbac22d247d7ecd4844179d1b23ebc87f\": request timeout"
time="2026-09-13T02:34:49Z" level=warning msg="Request Failed" error="Get \"http://nginx/api/admissions/6e75f3141325af39825e6f323fae365c225adea8320ed967d771f491aaad5778\": request timeout"
time="2026-09-13T02:34:49Z" level=warning msg="Request Failed" error="Get \"http://nginx/api/admissions/bcee671bf99d9888395dfd5639e3e152fc525daa366097186ce08ad7ac99d4ef\": request timeout"
time="2026-09-13T02:34:49Z" level=warning msg="Request Failed" error="Get \"http://nginx/api/admissions/9f9c48cbf951e4fc027b69d5e7a1d6fe0ffdd90347ea2236c015adbaa2e2aeef\": request timeout"
time="2026-09-13T02:34:49Z" level=warning msg="Request Failed" error="Get \"http://nginx/api/admissions/2df7214c6707484d2cdf594e627b3b991a171ef34395cd686313659a7b185be1\": request timeout"
time="2026-09-13T02:34:49Z" level=warning msg="Request Failed" error="Get \"http://nginx/api/admissions/40f65161885183171ff09917f4890bbe5ff2975a75eb9b2f1f36f39a308d3459\": request timeout"
time="2026-09-13T02:34:49Z" level=warning msg="Request Failed" error="Get \"http://nginx/api/admissions/aa521c454184df789bee5e28e3e9067cb3f71884dbffd62d4801cc761f50a5a2\": request timeout"
time="2026-09-13T02:34:49Z" level=warning msg="Request Failed" error="Get \"http://nginx/api/admissions/73a02e5b00567c9ad1950c84ca586227a8f4c2ead97a990efa385bd44717c71c\": request timeout"
time="2026-09-13T02:34:49Z" level=warning msg="Request Failed" error="Get \"http://nginx/api/admissions/c97dbd1b62d8aba0e7b831d007b89f0b073533fde8aed5090bcdea2e81449557\": request timeout"
time="2026-09-13T02:34:49Z" level=warning msg="Request Failed" error="Get \"http://nginx/api/admissions/dae242ba0617634587f77f4723c172eab2897167358608a98e25b75c10c98698\": request timeout"
time="2026-09-13T02:34:49Z" level=warning msg="Request Failed" error="Get \"http://nginx/api/admissions/1fb1a5da42ceabd9f860c8fbcc2f0b3cf1433f3da8039892b96f160c6e8e026d\": request timeout"
time="2026-09-13T02:34:49Z" level=warning msg="Request Failed" error="Get \"http://nginx/api/admissions/ba30b2658d67ff698ef55bbf98f448c77598b945814e24f99e59fe250708351e\": request timeout"
time="2026-09-13T02:34:49Z" level=warning msg="Request Failed" error="Get \"http://nginx/api/admissions/4a59c6275020a672cc1fd89c903aa66fb017c51d7719f35e91d0837fc31b274e\": request timeout"
time="2026-09-13T02:34:49Z" level=warning msg="Request Failed" error="Get \"http://nginx/api/admissions/dbfb11202deed12c2ff4cb06f948495484706523db22ac58899c8873bcb4641e\": request timeout"
time="2026-09-13T02:34:49Z" level=warning msg="Request Failed" error="Get \"http://nginx/api/admissions/154a2c976418bf73d1f96fbecfd614d2ca6a0ce2e46f9b0c67695cf79be381b9\": request timeout"
time="2026-09-13T02:34:50Z" level=warning msg="Request Failed" error="Get \"http://nginx/api/admissions/4c85e2e77ba78cff9806b82fe5931092e6c98254e9c1f3ef57566f9cbd7f40c7\": request timeout"
time="2026-09-13T02:34:50Z" level=warning msg="Request Failed" error="Get \"http://nginx/api/admissions/009350e047c2bc553b57c44c203528a2b5ed526c29faf82df23c0eab90701fd9\": request timeout"
time="2026-09-13T02:34:50Z" level=warning msg="Request Failed" error="Get \"http://nginx/api/admissions/5ce373fb4305f2cdb6ee4506c0dd43b65dbf5af5d7180d29e74210d6e9c8badd\": request timeout"
time="2026-09-13T02:34:50Z" level=warning msg="Request Failed" error="Get \"http://nginx/api/admissions/14cb33dd191dc5e9ddcd74399589308c269f11a118c7a26691f98769a47d7503\": request timeout"
time="2026-09-13T02:34:50Z" level=warning msg="Request Failed" error="Get \"http://nginx/api/admissions/7265b1b34199a46fd75ca9c2fda395999c692b8daa427d3973b997e6c64907d4\": request timeout"
time="2026-09-13T02:34:50Z" level=warning msg="Request Failed" error="Get \"http://nginx/api/admissions/dee1d4cae66c8460076cd76ad92c1091ac11c875089ee2ad603476982c1c53c0\": request timeout"
time="2026-09-13T02:34:50Z" level=warning msg="Request Failed" error="Get \"http://nginx/api/admissions/2a5c1b8f3ef907c2f97aa7dfe515e7277a58e9d05ee624c55faf0e8fbcf03aca\": request timeout"
time="2026-09-13T02:34:50Z" level=warning msg="Request Failed" error="Get \"http://nginx/api/admissions/07be8324496722a61e1d881714efae742172150e4a1c2018f06d5bfafa12c54b\": request timeout"
time="2026-09-13T02:34:50Z" level=warning msg="Request Failed" error="Get \"http://nginx/api/admissions/360473bde313ebc2a2175f5c9a4241d612d7f263cb0f67d38a061d815a16742a\": request timeout"
time="2026-09-13T02:34:50Z" level=warning msg="Request Failed" error="Get \"http://nginx/api/admissions/041e41397e2cd0c60b310aee621a28e4ae4a8f7f1763ec9511dfed04bb280ff0\": request timeout"
time="2026-09-13T02:34:50Z" level=warning msg="Request Failed" error="Get \"http://nginx/api/admissions/807f6c06aaf00000517ed9eae5d617e34aab940a368341716af1314ca6cd95f1\": request timeout"
time="2026-09-13T02:34:50Z" level=warning msg="Request Failed" error="Get \"http://nginx/api/admissions/922e9664cd2f0cbcf670d1a3e6288efacf72c71e5761bab5726ff524bc147efb\": request timeout"
time="2026-09-13T02:34:50Z" level=warning msg="Request Failed" error="Get \"http://nginx/api/admissions/875b9fe37ec9e745ddaab6ee9212b61a2419f2239cb5ee4c0d0f77abbe2f9a11\": request timeout"
time="2026-09-13T02:34:50Z" level=warning msg="Request Failed" error="Get \"http://nginx/api/admissions/29770992c6781e4815da4aec2e8d82af52d4425e9f9d504dc84566bba220dccd\": request timeout"
time="2026-09-13T02:34:50Z" level=warning msg="Request Failed" error="Get \"http://nginx/api/admissions/4316ff384554b933e021a3c1a9f0fca3bf09b72a05072f7e85dae629d9694a76\": request timeout"
time="2026-09-13T02:34:50Z" level=warning msg="Request Failed" error="Get \"http://nginx/api/admissions/56d1971b15534a1974a6f48532bbc1f998cd7032754482c537cdac4d37721353\": request timeout"
time="2026-09-13T02:34:50Z" level=warning msg="Request Failed" error="Get \"http://nginx/api/admissions/990a5c272884b8f77e2f23388bfc1cae372f7c2e9ce0c61abddefe1eeff6368e\": request timeout"
time="2026-09-13T02:34:50Z" level=warning msg="Request Failed" error="Get \"http://nginx/api/admissions/26d57036144e62c38f9117263779bebfebed521de449dfc27ac689a1ba22323d\": request timeout"
time="2026-09-13T02:34:50Z" level=warning msg="Request Failed" error="Get \"http://nginx/api/admissions/c1fd65298accf7f993ef7720c80dd587778873b14eed9774d28fb908b8aefd20\": request timeout"
time="2026-09-13T02:34:50Z" level=warning msg="Request Failed" error="Get \"http://nginx/api/admissions/e7081561cd79d2f83e657f28867535901e09578f6b9b2b42a2185d43312def3e\": request timeout"
time="2026-09-13T02:34:50Z" level=warning msg="Request Failed" error="Get \"http://nginx/api/admissions/9d07143f0fb8b0b422d9a2e1f17efbf253e720710fe38acce13d28b53e02d505\": request timeout"
time="2026-09-13T02:34:50Z" level=warning msg="Request Failed" error="Get \"http://nginx/api/admissions/96298e8257ba6a88a068e90e774bfb51a5d29ee1d245256ad0d3ad62d932e693\": request timeout"
time="2026-09-13T02:34:50Z" level=warning msg="Request Failed" error="Get \"http://nginx/api/admissions/1edace211fa86c5e2f9583c237e58c43985a6f9843fec6d87b0fc9895b0c24ea\": request timeout"
time="2026-09-13T02:34:50Z" level=warning msg="Request Failed" error="Get \"http://nginx/api/admissions/df15c85552b3128dd147f81710f0d41753bdac631913d920bd5946c2a9d41a78\": request timeout"
time="2026-09-13T02:34:50Z" level=warning msg="Request Failed" error="Get \"http://nginx/api/admissions/af659a32d5485eb17f917c36167e6376ba9565dae230a84d0089e65c5c44e290\": request timeout"

running (3m27.9s), 01269/02018 VUs, 2848 complete and 0 interrupted iterations
browsers ??[ 100% ] 02018/02018 VUs  1m0s  100.00 iters/s
time="2026-09-13T02:34:50Z" level=warning msg="Request Failed" error="Get \"http://nginx/api/admissions/55b14f40d1b4e7104a1377d742fa095a0bb99da02dc4f03bcb5a5f79232b90b9\": request timeout"
time="2026-09-13T02:34:50Z" level=warning msg="Request Failed" error="Get \"http://nginx/api/admissions/c1d3252a2efb7e195e9239ecdce48cc69c83306439118743a3b3273b3f2c5f78\": request timeout"
time="2026-09-13T02:34:50Z" level=warning msg="Request Failed" error="Get \"http://nginx/api/admissions/fc5b139fedef9d51b64875d9f7f8408b4ac74b650b6c274f53c868656bf61a55\": request timeout"
time="2026-09-13T02:34:50Z" level=warning msg="Request Failed" error="Get \"http://nginx/api/admissions/7ecb0a480a668732f48167b4f034524c410245ecf91b9c59be05d6f346991b7b\": request timeout"
time="2026-09-13T02:34:50Z" level=warning msg="Request Failed" error="Get \"http://nginx/api/admissions/8689944b4f88981a850654deb0cabcba34093be141b999e6f8285e983bbe6db6\": request timeout"
time="2026-09-13T02:34:50Z" level=warning msg="Request Failed" error="Get \"http://nginx/api/admissions/8474455660c01e668baee80861c9d171e564d3a7d83167eec980d43574cb1310\": request timeout"
time="2026-09-13T02:34:50Z" level=warning msg="Request Failed" error="Get \"http://nginx/api/admissions/c2598342d6ce3578b40eb2d8d65f6c135d7587c29038945f22769995cf749489\": request timeout"
time="2026-09-13T02:34:50Z" level=warning msg="Request Failed" error="Get \"http://nginx/api/admissions/2901a27048103174e9c55ff49d1c3696c872388628d4b41958f21dca8edeaaaa\": request timeout"
time="2026-09-13T02:34:50Z" level=warning msg="Request Failed" error="Get \"http://nginx/api/admissions/c15a192050145a9f8bf87dc492bd7c87ce55effdd6d02d7c3fa54a7fc4db076a\": request timeout"
time="2026-09-13T02:34:50Z" level=warning msg="Request Failed" error="Get \"http://nginx/api/admissions/8e982e05b9cb823db0a1644d0629bbf5f2f8fdc8f4b304407086d70a28312503\": request timeout"
time="2026-09-13T02:34:50Z" level=warning msg="Request Failed" error="Get \"http://nginx/api/admissions/41ab44013519ccbfb3502425a14198fe71467e2b1c75c0c5ab654f0142d993d1\": request timeout"
time="2026-09-13T02:34:50Z" level=warning msg="Request Failed" error="Get \"http://nginx/api/admissions/698a2e43eb43f4a246260fa644eea5d871d1d1f0d9120aca4875eb1d87c68975\": request timeout"
time="2026-09-13T02:34:50Z" level=warning msg="Request Failed" error="Get \"http://nginx/api/admissions/a53143c285a0f3b73469b11728f897f704c39a2aabfab465ae791567ecf4155d\": request timeout"
time="2026-09-13T02:34:50Z" level=warning msg="Request Failed" error="Get \"http://nginx/api/admissions/f0e337a60e1aa51960f7baf2c7c0a5ee5064edc7db156a9b6fa914c9e6157933\": request timeout"
time="2026-09-13T02:34:50Z" level=warning msg="Request Failed" error="Get \"http://nginx/api/admissions/c348bf87b8334cb40e710fb93aa2d977283a92c472fb6c2c61a54e9481bd1df8\": request timeout"
time="2026-09-13T02:34:50Z" level=warning msg="Request Failed" error="Get \"http://nginx/api/admissions/c790137c8cb72e7563aaead6e0615a52bb77b70d799fb3c287163652cdc808ce\": request timeout"
time="2026-09-13T02:34:50Z" level=warning msg="Request Failed" error="Get \"http://nginx/api/admissions/11d78f260ea2299d211b38ce2328cae28374045d9319c8d49f18de072206c8b7\": request timeout"
time="2026-09-13T02:34:50Z" level=warning msg="Request Failed" error="Get \"http://nginx/api/admissions/6b8fef48eb9a92194a3f464bc2f9986165115e9e7eb1d8fa0d33d49d509b081f\": request timeout"
time="2026-09-13T02:34:50Z" level=warning msg="Request Failed" error="Get \"http://nginx/api/admissions/4c4774c8c0cfc76a7866eb5329e5b7b4e5bdd65836192c648c7d4b73dac546d6\": request timeout"
time="2026-09-13T02:34:50Z" level=warning msg="Request Failed" error="Get \"http://nginx/api/admissions/c7f1ea71239a984edf33b48ee865d9354430a918fc36b5b2a1e3802da4a82b59\": request timeout"
time="2026-09-13T02:34:50Z" level=warning msg="Request Failed" error="Get \"http://nginx/api/admissions/9a7417057be0a699383acdfe81500b3568b1434a74ab4daee1af005c06edc6dd\": request timeout"
time="2026-09-13T02:34:50Z" level=warning msg="Request Failed" error="Get \"http://nginx/api/admissions/968df357e428824370c0c08041efbce76233ef40cb97253df729516a8bc7d947\": request timeout"
time="2026-09-13T02:34:50Z" level=warning msg="Request Failed" error="Get \"http://nginx/api/admissions/1df10aee0c60512b03c58dee71321c50eef3e1e202375944127ee24c41b4bd33\": request timeout"
time="2026-09-13T02:34:50Z" level=warning msg="Request Failed" error="Get \"http://nginx/api/admissions/e4ae74f04f9790115c6ca7a9c53029904fa1d2c9a28656c4c247ebcac77a685a\": request timeout"
time="2026-09-13T02:34:50Z" level=warning msg="Request Failed" error="Get \"http://nginx/api/admissions/38671617eafdb7b4429753bb16a35d11c982d8e0d65b936a1093837eb3e74d7b\": request timeout"
time="2026-09-13T02:34:50Z" level=warning msg="Request Failed" error="Get \"http://nginx/api/admissions/b61dfe9762dd66185ca77c1e0fb474c52e7f4d548544c11334d391be6bfe5011\": request timeout"
time="2026-09-13T02:34:50Z" level=warning msg="Request Failed" error="Get \"http://nginx/api/admissions/8c3f601c98c40e06cceafa0922c68134d4b34c3527a9f934fda12f9a2b5957f6\": request timeout"
time="2026-09-13T02:34:50Z" level=warning msg="Request Failed" error="Get \"http://nginx/api/admissions/a1d709a7a2efd2890dd29985dc53f21411a6563036ae2c4d778d742bf9de7d2d\": request timeout"
time="2026-09-13T02:34:50Z" level=warning msg="Request Failed" error="Get \"http://nginx/api/admissions/b7986cb1a108ead96f63f1bfe39efed4fecd41c766913f40c5d47c1a5fdab807\": request timeout"
time="2026-09-13T02:34:50Z" level=warning msg="Request Failed" error="Get \"http://nginx/api/admissions/1617774fea4082253673f0ccdb75590ce9f160303409d2fbcf219fe5f8a8b76d\": request timeout"
time="2026-09-13T02:34:50Z" level=warning msg="Request Failed" error="Get \"http://nginx/api/admissions/99fa78a74099e9d597b0910c28a30dbce12af42dc85f18519615d2ed1d317e4c\": request timeout"
time="2026-09-13T02:34:50Z" level=warning msg="Request Failed" error="Get \"http://nginx/api/admissions/e931ee046de0396da6656b4b4d4eed05b5d1b4022dcf0d683a02dcedb7493436\": request timeout"
time="2026-09-13T02:34:50Z" level=warning msg="Request Failed" error="Get \"http://nginx/api/admissions/33d3e4c3de3896b9693b8e13dbbb04b2430f86f0e2fba533f6ca7dea279e87a3\": request timeout"
time="2026-09-13T02:34:50Z" level=warning msg="Request Failed" error="Get \"http://nginx/api/admissions/73a2e46ccb5cf0daba94c6bc1590c9b6630c01ef2dd9b1768e8c3c183c3cc447\": request timeout"
time="2026-09-13T02:34:50Z" level=warning msg="Request Failed" error="Get \"http://nginx/api/admissions/a3b61fc666e3f33d18adf7fc5fd02220c3ab316d6afd187d3b506c9f08fd8c93\": request timeout"
time="2026-09-13T02:34:50Z" level=warning msg="Request Failed" error="Get \"http://nginx/api/admissions/e46bc7cc5c4391d36788254f85d6cfec461663d275a968e876f13a38afd1950c\": request timeout"
time="2026-09-13T02:34:50Z" level=warning msg="Request Failed" error="Get \"http://nginx/api/admissions/c4d2cf22871a1b21e7ceddd05bf8358bf535003b927fc64b8bcf4df821d801a2\": request timeout"
time="2026-09-13T02:34:50Z" level=warning msg="Request Failed" error="Get \"http://nginx/api/admissions/0252d58c80981ad7ccae5b4e9b1e08e7ad5fd8cb759cea02b7a6033afd8541b7\": request timeout"
time="2026-09-13T02:34:50Z" level=warning msg="Request Failed" error="Get \"http://nginx/api/admissions/55a1ff649b5c88bbb115de3534612217493f9e56de2f904582e28da178b0e8f6\": request timeout"
time="2026-09-13T02:34:50Z" level=warning msg="Request Failed" error="Get \"http://nginx/api/admissions/8ff894fc59053626568dd67fcc3ea499048970725eadf2ed09a22e49f514c059\": request timeout"
time="2026-09-13T02:34:50Z" level=warning msg="Request Failed" error="Get \"http://nginx/api/admissions/3ed0c1dc1c037f081ea1889ef68e472230fbe3162db72e1bf1e836b2ad7d4d26\": request timeout"
time="2026-09-13T02:34:50Z" level=warning msg="Request Failed" error="Get \"http://nginx/api/admissions/13839806e042819a8605aeccd4c4b5c48c780904126880f001faf82fad33e437\": request timeout"
time="2026-09-13T02:34:50Z" level=warning msg="Request Failed" error="Get \"http://nginx/api/admissions/3109b5d8645a367903f6cb1b5edd93b77dc4febf12a5ae8e7635fe5d6934a656\": request timeout"
time="2026-09-13T02:34:50Z" level=warning msg="Request Failed" error="Get \"http://nginx/api/admissions/57c7eb04d7b7586d18d87fb914bd2479dc4e253de11352a2f7e26fc2881553f9\": request timeout"
time="2026-09-13T02:34:50Z" level=warning msg="Request Failed" error="Get \"http://nginx/api/admissions/caec5f6c0c11bff3a8b8f1a3f8c971708bf92bdf730a3467453d3128aebf3c47\": request timeout"
time="2026-09-13T02:34:50Z" level=warning msg="Request Failed" error="Get \"http://nginx/api/admissions/7531906fa1023e43c11ec9c27716178f8bc509fdddc87bf12d6c2501e8aed11e\": request timeout"
time="2026-09-13T02:34:50Z" level=warning msg="Request Failed" error="Get \"http://nginx/api/admissions/72f9cf1e0ac287568947270a96d2dd05ef135bb2edad19b300ba616a17710dd7\": request timeout"
time="2026-09-13T02:34:50Z" level=warning msg="Request Failed" error="Get \"http://nginx/api/admissions/32a8f9832753bc51a0c2bf7dd060429c831f3101e50236c42d22325880ca4ca1\": request timeout"
time="2026-09-13T02:34:50Z" level=warning msg="Request Failed" error="Get \"http://nginx/api/admissions/155733c1e84ed8ba8e991299f513d3c9981516a68db3af6668da98132008efb0\": request timeout"
time="2026-09-13T02:34:50Z" level=warning msg="Request Failed" error="Get \"http://nginx/api/admissions/b4d0d810e2e070bae48dae1d9d6f2d4e5ec48b3539023c40809c001b1d12f5f3\": request timeout"
time="2026-09-13T02:34:50Z" level=warning msg="Request Failed" error="Get \"http://nginx/api/admissions/eba5bac4b118ba7117d03a9679d6a39589ad6999531a15e0b14c4fab72aa6c3b\": request timeout"
time="2026-09-13T02:34:51Z" level=warning msg="Request Failed" error="Get \"http://nginx/api/admissions/3c6a1ad0c52d1f2231b4c14a27aa2e00761aa6eb7f05de9cb45a02a6ceed3962\": request timeout"
time="2026-09-13T02:34:51Z" level=warning msg="Request Failed" error="Get \"http://nginx/api/admissions/b01ab1b5ded38c7c89e40140095a851194302ce1caf75779489691d8c888fb7a\": request timeout"
time="2026-09-13T02:34:51Z" level=warning msg="Request Failed" error="Get \"http://nginx/api/admissions/fb2f5b515d584313c189d45e23a98af9c604b7a9e48e2ecdc49572bb47fd7aa0\": request timeout"
time="2026-09-13T02:34:51Z" level=warning msg="Request Failed" error="Get \"http://nginx/api/admissions/de05cbad16dd3869bda9d44dabb0d0b7e674091437ea53641628745e7b7e72bc\": request timeout"
time="2026-09-13T02:34:51Z" level=warning msg="Request Failed" error="Get \"http://nginx/api/admissions/625dd117eaede7fa1a0dd4b1849840277e72afd1e705feaa70459fdcb15b9949\": request timeout"
time="2026-09-13T02:34:51Z" level=warning msg="Request Failed" error="Get \"http://nginx/api/admissions/8acbce19f66130d779a56c698996a7e0a012416b3f9727eab74f3727c2c0a91d\": request timeout"
time="2026-09-13T02:34:51Z" level=warning msg="Request Failed" error="Get \"http://nginx/api/admissions/68b942d3492e55d49801b63c1a876b26763caaca70cf6dcdb99c511d5433c0f5\": request timeout"
time="2026-09-13T02:34:51Z" level=warning msg="Request Failed" error="Get \"http://nginx/api/admissions/c05b861bed76a6f6a0475a71e2c961fbf9ae468e36283ea37b29b2d7d2bd878c\": request timeout"
time="2026-09-13T02:34:51Z" level=warning msg="Request Failed" error="Get \"http://nginx/api/admissions/c93eabf9fd9027f0461dbac91cdb5448fe6afa7953161bd44616ce873128dd5d\": request timeout"
time="2026-09-13T02:34:51Z" level=warning msg="Request Failed" error="Get \"http://nginx/api/admissions/42bfd0719f8efd7982b2da3b725ea2089602be5efc9443fc08e2df4f95bb3ca5\": request timeout"
time="2026-09-13T02:34:51Z" level=warning msg="Request Failed" error="Get \"http://nginx/api/admissions/5a5a49e08f71ec345817363cf097329d1cdc40efbd9ceeda07e614f911ce8f46\": request timeout"
time="2026-09-13T02:34:51Z" level=warning msg="Request Failed" error="Get \"http://nginx/api/admissions/792a403893b7b59850cfc598a8253648b66bf1e354b5a6ba7d5fdf9399e1546c\": request timeout"
time="2026-09-13T02:34:51Z" level=warning msg="Request Failed" error="Get \"http://nginx/api/admissions/7f72f6ef16d1bebf631da03c63e7532fe6e995a8d1ee7d4680c4e2b2c038229e\": request timeout"
time="2026-09-13T02:34:51Z" level=warning msg="Request Failed" error="Get \"http://nginx/api/admissions/3f235480a707138ecc3f1be647b83cf0cc910038fce22810f7a9770435b957f1\": request timeout"
time="2026-09-13T02:34:51Z" level=warning msg="Request Failed" error="Get \"http://nginx/api/admissions/5b5104972f267d2932978e8801203dbefb63d6c48ca22ed085634d713bc1c5e5\": request timeout"
time="2026-09-13T02:34:51Z" level=warning msg="Request Failed" error="Get \"http://nginx/api/admissions/b956cc46a9310aa9c3ead251aa71acf8fbbdca9504e4d95b33ad6b2ab1324195\": request timeout"
time="2026-09-13T02:34:51Z" level=warning msg="Request Failed" error="Get \"http://nginx/api/admissions/bf7438701b1825ad561795700d5e3fb51224278a89cd59fae312e284cadf0e64\": request timeout"
time="2026-09-13T02:34:51Z" level=warning msg="Request Failed" error="Get \"http://nginx/api/admissions/c4ffd9c140d12dc88e98ce473902471808ca8199794686a4c592b13d286d5e6a\": request timeout"
time="2026-09-13T02:34:51Z" level=warning msg="Request Failed" error="Get \"http://nginx/api/admissions/6d0c2c2dde2d7c5406c4d41fe5800dce722c8f05f9cb54298d923165eaa0f9dd\": request timeout"
time="2026-09-13T02:34:51Z" level=warning msg="Request Failed" error="Get \"http://nginx/api/admissions/85077cc08d51e1ff0279afc604ef8eef2f9a044c73148be5a27022416314beda\": request timeout"
time="2026-09-13T02:34:51Z" level=warning msg="Request Failed" error="Get \"http://nginx/api/admissions/c367cc7a4d017bb6b0d07362c1abad9138336052606bc8366d8d9b54598b1dae\": request timeout"
time="2026-09-13T02:34:51Z" level=warning msg="Request Failed" error="Get \"http://nginx/api/admissions/3fe3ef62270ad6cc9b7407667a7e4e5fd4e74e4efacb84bc1e864ffecf191ac1\": request timeout"
time="2026-09-13T02:34:51Z" level=warning msg="Request Failed" error="Get \"http://nginx/api/admissions/74f7bdff2e30e14982b484c59c446fb418a0d1696831a1c8aed0712411c9410e\": request timeout"
time="2026-09-13T02:34:51Z" level=warning msg="Request Failed" error="Get \"http://nginx/api/admissions/0a2c0fb991613430f852bec1550660e3e2cb742e4eaa838e70b47021e8fa75a9\": request timeout"
time="2026-09-13T02:34:51Z" level=warning msg="Request Failed" error="Get \"http://nginx/api/admissions/96474208a3320599df6df2e93887c9a23e8995b33a791dab098cab74166f9b26\": request timeout"

running (3m28.9s), 01268/02018 VUs, 2849 complete and 0 interrupted iterations
browsers ??[ 100% ] 02018/02018 VUs  1m0s  100.00 iters/s
time="2026-09-13T02:34:51Z" level=warning msg="Request Failed" error="Get \"http://nginx/api/admissions/382d18018292607c8e96642e46688c6ce6bf6da63b7db75e07c23bac0244ca40\": request timeout"
time="2026-09-13T02:34:51Z" level=warning msg="Request Failed" error="Get \"http://nginx/api/admissions/42a42cb77525fd7fe4b7a48abb48586a41802d6a56af4ceebdb7ce19c84481d6\": request timeout"
time="2026-09-13T02:34:51Z" level=warning msg="Request Failed" error="Get \"http://nginx/api/admissions/a0d44df4ae26e3527446f7b8b1a8701a6c5b84274bd26efac501068784f56300\": request timeout"
time="2026-09-13T02:34:51Z" level=warning msg="Request Failed" error="Get \"http://nginx/api/admissions/dd1a9f640f56b867e75c64581e521e13744006b60079717f10b0ac7269ec879f\": request timeout"
time="2026-09-13T02:34:51Z" level=warning msg="Request Failed" error="Get \"http://nginx/api/admissions/7bf66b4045974322cb03112606aca35e46f0531a549dc2e267164298141ec29f\": request timeout"
time="2026-09-13T02:34:51Z" level=warning msg="Request Failed" error="Get \"http://nginx/api/admissions/5a47e26a478fdff618fbf3083b6fb35660c5d060a00f8dd1b96f862964993af3\": request timeout"
time="2026-09-13T02:34:51Z" level=warning msg="Request Failed" error="Get \"http://nginx/api/admissions/1bfff9c3cc454fb02902bb26e013442e31a04dfcf47c4e2410d564a26b53948a\": request timeout"
time="2026-09-13T02:34:51Z" level=warning msg="Request Failed" error="Get \"http://nginx/api/admissions/025ed124fb584d021f3a370d11a53e4b00e6b8467c6361dd59ce404c600f2464\": request timeout"
time="2026-09-13T02:34:51Z" level=warning msg="Request Failed" error="Get \"http://nginx/api/admissions/8acbb23e2b9427a9573ccb18ea95fe78a6bd558fa5037f1819169b1b7893fd7d\": request timeout"
time="2026-09-13T02:34:51Z" level=warning msg="Request Failed" error="Get \"http://nginx/api/admissions/956a0662ad9492d5172b634b301b8f80c1a67a6ee266a4d216805a6e62babbde\": request timeout"
time="2026-09-13T02:34:51Z" level=warning msg="Request Failed" error="Get \"http://nginx/api/admissions/89a946e36990a70de3bf9f78130631a15e29a6c9bdadd42a65ae38ecce337065\": request timeout"
time="2026-09-13T02:34:51Z" level=warning msg="Request Failed" error="Get \"http://nginx/api/admissions/e4fb3601e5d27586148949c8a94bd0639c988df15a180dc25977c05dc1429a8a\": request timeout"
time="2026-09-13T02:34:51Z" level=warning msg="Request Failed" error="Get \"http://nginx/api/admissions/a718d320d7d546fc07f9dc9c4d6fdcf1bcc136942dac2a2a582fdf592907986e\": request timeout"
time="2026-09-13T02:34:51Z" level=warning msg="Request Failed" error="Get \"http://nginx/api/admissions/e7a08f5590ccc507ecdda496f3122b2b3b748f3bd1af9e5feddc645396fd9412\": request timeout"
time="2026-09-13T02:34:51Z" level=warning msg="Request Failed" error="Get \"http://nginx/api/admissions/6d94bdc5f6d1c90262c6dc70fe7fbd0fefcdd7c97310d29468721adebfb642da\": request timeout"
time="2026-09-13T02:34:51Z" level=warning msg="Request Failed" error="Get \"http://nginx/api/admissions/8a542b0c071d48a0e435419a2356339a1c3fa12f1de8f63b7e73c05c28beb104\": request timeout"
time="2026-09-13T02:34:51Z" level=warning msg="Request Failed" error="Get \"http://nginx/api/admissions/dbeba573eb2eea47d61a81cbbeb5b7dfda5024c886179449cc873e6adb6d591d\": request timeout"
time="2026-09-13T02:34:51Z" level=warning msg="Request Failed" error="Get \"http://nginx/api/admissions/6410d30ec89edd0fb39a43966ea9e2fef71ad17131a94400622411323d1f031a\": request timeout"
time="2026-09-13T02:34:51Z" level=warning msg="Request Failed" error="Get \"http://nginx/api/admissions/eea8eaf5da83843070ab21186cabccbb974a0fcf4f3a352bd350a337a5ce3e52\": request timeout"
time="2026-09-13T02:34:51Z" level=warning msg="Request Failed" error="Get \"http://nginx/api/admissions/7ed4ca5944c850aa8eb27ab5b683b081530b9bb9e0933bdac1fa7da1d86dda90\": request timeout"
time="2026-09-13T02:34:51Z" level=warning msg="Request Failed" error="Get \"http://nginx/api/admissions/5baa3e4374229557385bba6b944c1546a0cf8a8ef238a1192e51430ae9bc3ca8\": request timeout"
time="2026-09-13T02:34:51Z" level=warning msg="Request Failed" error="Get \"http://nginx/api/admissions/742c9ec8db96760dc3781ea05c9849733cfb86b243963e73badf886e4ed569ab\": request timeout"
time="2026-09-13T02:34:51Z" level=warning msg="Request Failed" error="Get \"http://nginx/api/admissions/74aa8828e8acd69c2410c18318f6ef5b4941e2449562e79d20fc0035832cb089\": request timeout"
time="2026-09-13T02:34:51Z" level=warning msg="Request Failed" error="Get \"http://nginx/api/admissions/9d6f9317d7886290e23c37a491487b392f1ee4c29b4ccf5da5444a570dd70dd7\": request timeout"
time="2026-09-13T02:34:51Z" level=warning msg="Request Failed" error="Get \"http://nginx/api/admissions/77623868b6a0c9b867ae813370542b0cdd5e5a7c93b2d26eabe5a4d9cf5c8913\": request timeout"
time="2026-09-13T02:34:51Z" level=warning msg="Request Failed" error="Get \"http://nginx/api/admissions/81fbc5d3f014b3d63f094e3055e5b40282aae7db13eb9cf07800938868acd045\": request timeout"
time="2026-09-13T02:34:51Z" level=warning msg="Request Failed" error="Get \"http://nginx/api/admissions/d984e503a7556392644afd92bbc51df6ca12236350e9af032cc8db34304f0796\": request timeout"
time="2026-09-13T02:34:51Z" level=warning msg="Request Failed" error="Get \"http://nginx/api/admissions/1b6e15c5597a125e387ee7f9fc95b52daf9de320f79729e853073ba0ed6c5038\": request timeout"
time="2026-09-13T02:34:51Z" level=warning msg="Request Failed" error="Get \"http://nginx/api/admissions/310f0117271c5ef87d9764ca8d9e5ff6e41c1e24812f15c42d02af78753d6a18\": request timeout"
time="2026-09-13T02:34:51Z" level=warning msg="Request Failed" error="Get \"http://nginx/api/admissions/de31432a15fba144709191f9b76aac6777c45f8a6da118fe28d95fc9216159c3\": request timeout"
time="2026-09-13T02:34:51Z" level=warning msg="Request Failed" error="Get \"http://nginx/api/admissions/bc242081e6bb59d793a0f2aa840279c698b753375c1e054546f8ccb91594bea1\": request timeout"
time="2026-09-13T02:34:51Z" level=warning msg="Request Failed" error="Get \"http://nginx/api/admissions/2328fb1f84ad2263a53e36aecb48603e54042fbc8ac372a5a306ed8d7cf21cd4\": request timeout"
time="2026-09-13T02:34:51Z" level=warning msg="Request Failed" error="Get \"http://nginx/api/admissions/b554dc24efe4cb362d2c860b2e51a62d154a269ede2930f6646ed42bbc47f716\": request timeout"
time="2026-09-13T02:34:51Z" level=warning msg="Request Failed" error="Get \"http://nginx/api/admissions/beb864e53e5bc3d32572d1013a63ff046defb9d25925b6f4166dcec84d713f36\": request timeout"
time="2026-09-13T02:34:51Z" level=warning msg="Request Failed" error="Get \"http://nginx/api/admissions/8f9e88eaaa6c883d8372411b00e3bb40b50615ec56e14697c6905375d2120961\": request timeout"
time="2026-09-13T02:34:51Z" level=warning msg="Request Failed" error="Get \"http://nginx/api/admissions/cc5055316c1773541f88cb3e4a3853ecf8972a1156d303f3b08ec54939d85595\": request timeout"
time="2026-09-13T02:34:51Z" level=warning msg="Request Failed" error="Get \"http://nginx/api/admissions/4d5e2c14c42fd1dea11f821a1f6b278ebfe7410e0b23d831b450a48c3b66e267\": request timeout"
time="2026-09-13T02:34:51Z" level=warning msg="Request Failed" error="Get \"http://nginx/api/admissions/c2f9f76db3da3f2473c8631e1c02831358e568f19d30b4512473d1a3b52e055f\": request timeout"
time="2026-09-13T02:34:52Z" level=warning msg="Request Failed" error="Get \"http://nginx/api/admissions/d3c39483eb35d055c65e2ee9f8f846c5172bf3c6c34504292de636dab11ac08c\": request timeout"
time="2026-09-13T02:34:52Z" level=warning msg="Request Failed" error="Get \"http://nginx/api/admissions/42f99ae402d883721bf57f1934ceffbeee8d2137e40ceef9f94af3bce21b6901\": request timeout"
time="2026-09-13T02:34:52Z" level=warning msg="Request Failed" error="Get \"http://nginx/api/admissions/86e02875ab75650d117d1c06857d65d12a10abdfb069fcd1821fc41b25b09db8\": request timeout"
time="2026-09-13T02:34:52Z" level=warning msg="Request Failed" error="Get \"http://nginx/api/admissions/fc47b677f87b32fd956364a4ed2d058892c161d3ee3185778898e07542b404ba\": request timeout"
time="2026-09-13T02:34:52Z" level=warning msg="Request Failed" error="Get \"http://nginx/api/admissions/a93fd875605544390e24aec81100fe03310973172562752097cf832a5694b100\": request timeout"
time="2026-09-13T02:34:52Z" level=warning msg="Request Failed" error="Get \"http://nginx/api/admissions/d9364cfeba400b3c18f3def5333221ec6baa6b0f803683c570ecb0741e0d623c\": request timeout"
time="2026-09-13T02:34:52Z" level=warning msg="Request Failed" error="Get \"http://nginx/api/admissions/a1490c367e665ac72aecf35be3ea8f9bf78828b721c157335cd32afc9dc5b478\": request timeout"
time="2026-09-13T02:34:52Z" level=warning msg="Request Failed" error="Get \"http://nginx/api/admissions/0b5cbcabf2afe4d33a908d6a86a20c1f760dddf7b4e8feb2faf940d20c983a50\": request timeout"
time="2026-09-13T02:34:52Z" level=warning msg="Request Failed" error="Get \"http://nginx/api/admissions/b1c93252e26ad4ae73fbf7fc4f3e1f98e2b4aeb3af5e482801d93c5bc2af9d65\": request timeout"
time="2026-09-13T02:34:52Z" level=warning msg="Request Failed" error="Get \"http://nginx/api/admissions/81195c707c05422ff41ca999688dbd124b02a1024884b18273918be929638008\": request timeout"
time="2026-09-13T02:34:52Z" level=warning msg="Request Failed" error="Get \"http://nginx/api/admissions/3cdace1dc3450b6c4714794ff8aea93153b6d9308604e4d01591b18c3038fa06\": request timeout"
time="2026-09-13T02:34:52Z" level=warning msg="Request Failed" error="Get \"http://nginx/api/admissions/02e26d848b7dab2b3064527aa8c83036dc9cf37c0ee005da45388eb3b14d89ff\": request timeout"
time="2026-09-13T02:34:52Z" level=warning msg="Request Failed" error="Get \"http://nginx/api/admissions/5a9672f2b0cc58a4b1e2dadf1c2ee923e63ef87d98b514d0f9999617fc2d217d\": request timeout"
time="2026-09-13T02:34:52Z" level=warning msg="Request Failed" error="Get \"http://nginx/api/admissions/11d5ccbb9991e8142022e6c88e7cd0513c3f277490025153738f5297b7509462\": request timeout"
time="2026-09-13T02:34:52Z" level=warning msg="Request Failed" error="Get \"http://nginx/api/admissions/60c09c3bda3dc959a0f67d3fb0a3a268f98f47f288bf793ecfa08b26dcb6821a\": request timeout"
time="2026-09-13T02:34:52Z" level=warning msg="Request Failed" error="Get \"http://nginx/api/admissions/9df5d8da93e68da13eea89021e00401b426db7cc58c4befeb32baaeb3eb641c2\": request timeout"
time="2026-09-13T02:34:52Z" level=warning msg="Request Failed" error="Get \"http://nginx/api/admissions/e4d1abb26ae2979039caaf9563144039f37bcd62a0d31d00844d3d217ed1b8fb\": request timeout"

running (3m29.9s), 01268/02018 VUs, 2849 complete and 0 interrupted iterations
browsers ??[ 100% ] 02018/02018 VUs  1m0s  100.00 iters/s
time="2026-09-13T02:34:52Z" level=warning msg="Request Failed" error="Get \"http://nginx/api/admissions/d15b0940147e55a94eebb0acc4a1adda8321fd6f28ca40826fe685c449db7db6\": request timeout"
time="2026-09-13T02:34:52Z" level=warning msg="Request Failed" error="Get \"http://nginx/api/admissions/922a36acd2fed221bce893f8a9baa7e8470dc310832fa96b8a8450cda903a028\": request timeout"
time="2026-09-13T02:34:52Z" level=warning msg="Request Failed" error="Get \"http://nginx/api/admissions/95c7f2c4e475b23e77873013c10c91914eb8b5468934405be6f12dc14b5bdcf9\": request timeout"
time="2026-09-13T02:34:52Z" level=warning msg="Request Failed" error="Get \"http://nginx/api/admissions/f7380591541f5729e47906dfac3211a4d8df9bffde31a9344fe964b410449749\": request timeout"
time="2026-09-13T02:34:52Z" level=warning msg="Request Failed" error="Get \"http://nginx/api/admissions/61fac3c39545d4f1a3940fb6f9c1d253560e99d0454312a0d731b28d61613ac3\": request timeout"
time="2026-09-13T02:34:52Z" level=warning msg="Request Failed" error="Get \"http://nginx/api/admissions/c01561752946ad48447724bef81eabd8c74cf0c1cf4da9497812e5573ab7fe77\": request timeout"
time="2026-09-13T02:34:52Z" level=warning msg="Request Failed" error="Get \"http://nginx/api/admissions/9b9fcd399503321e5c038ee6a9b517bfcb3a822369b4bb0dae929f5c5565d7b2\": request timeout"
time="2026-09-13T02:34:52Z" level=warning msg="Request Failed" error="Get \"http://nginx/api/admissions/ac2c77f21e5fc97ba0172a69626fb400046d01c2cf5ee2b84b4ebe0c5c434dc7\": request timeout"
time="2026-09-13T02:34:52Z" level=warning msg="Request Failed" error="Get \"http://nginx/api/admissions/5a438766c96dcb96d531fb6be14524700feabeec37982cf23be2afcc8292bfac\": request timeout"
time="2026-09-13T02:34:52Z" level=warning msg="Request Failed" error="Get \"http://nginx/api/admissions/d1813588be7d8175dfa69a03f34c8e1daf086b285a0595deb0979c752ddeb714\": request timeout"
time="2026-09-13T02:34:52Z" level=warning msg="Request Failed" error="Get \"http://nginx/api/admissions/078406d458096db2de9cbd693211b095cdd53e3fd467758310bebb41c77773db\": request timeout"
time="2026-09-13T02:34:52Z" level=warning msg="Request Failed" error="Get \"http://nginx/api/admissions/4b6e351226aba9475200f7e09aec3ce9d030777df0210342e9d18370163d4b2e\": request timeout"
time="2026-09-13T02:34:52Z" level=warning msg="Request Failed" error="Get \"http://nginx/api/admissions/2fa70db962441ab846879cbd27f30e11df92ef1b29705f248e0e3507b6ccb3d0\": request timeout"
time="2026-09-13T02:34:52Z" level=warning msg="Request Failed" error="Get \"http://nginx/api/admissions/5d1fc77d169709734899d7c2c70c34023f92ea6b8c2c0889b4121e81421118a0\": request timeout"
time="2026-09-13T02:34:52Z" level=warning msg="Request Failed" error="Get \"http://nginx/api/admissions/e40665b2fc890cf5a25e446b9be44276a8435f3aef73f3f70ebdc424226f0445\": request timeout"
time="2026-09-13T02:34:52Z" level=warning msg="Request Failed" error="Get \"http://nginx/api/admissions/ab659362674e73d57e33bfeea6b1c222d17dc057e9349eddd60fc2e57a5c75b0\": request timeout"
time="2026-09-13T02:34:52Z" level=warning msg="Request Failed" error="Get \"http://nginx/api/admissions/89c16a0cfc10ff202970ad62078f1458b4580ce85ba8baf2efbce596670695ef\": request timeout"
time="2026-09-13T02:34:52Z" level=warning msg="Request Failed" error="Get \"http://nginx/api/admissions/375393d60399da8ed54373ff102eef7b742c97fae14f69c7151f95f783cb874a\": request timeout"
time="2026-09-13T02:34:52Z" level=warning msg="Request Failed" error="Get \"http://nginx/api/admissions/10ab9cb67eef9dea6464d113e9de3170bce641369e47bfa70d31bf2c7f525a42\": request timeout"
time="2026-09-13T02:34:52Z" level=warning msg="Request Failed" error="Get \"http://nginx/api/admissions/f05ee6f2495cd2841a57f748d3b178f639028475f366fe52934eee55d1ced998\": request timeout"
time="2026-09-13T02:34:52Z" level=warning msg="Request Failed" error="Get \"http://nginx/api/admissions/25b5d7778dbed56b4098f8560445a783038e1bf9c7f787fb3a50cc80b1778877\": request timeout"
time="2026-09-13T02:34:52Z" level=warning msg="Request Failed" error="Get \"http://nginx/api/admissions/0c12d73eb75578229c57c2c65caf0359f378f38a1fa7a1f1c8584b413a4d687f\": request timeout"
time="2026-09-13T02:34:52Z" level=warning msg="Request Failed" error="Get \"http://nginx/api/admissions/fd1122d0e709ad6a6af941cbb194203bbba11e005a7347df6fb13da75bc79b8c\": request timeout"
time="2026-09-13T02:34:52Z" level=warning msg="Request Failed" error="Get \"http://nginx/api/admissions/a62e88234aeb3ce08f17f5ee7fe93eff17f46dfdbfa27b6ef2ed78d00ae70cc6\": request timeout"
time="2026-09-13T02:34:52Z" level=warning msg="Request Failed" error="Get \"http://nginx/api/admissions/80a28231b897916d0586d8950906e2933f13c27361d1f89b8767daac169f2a63\": request timeout"
time="2026-09-13T02:34:52Z" level=warning msg="Request Failed" error="Get \"http://nginx/api/admissions/12c942abbe98c28b3557b8c1fc5bad7d94d118bbcd2b4106c0df77da8997c096\": request timeout"
time="2026-09-13T02:34:52Z" level=warning msg="Request Failed" error="Get \"http://nginx/api/admissions/0bd24f7703607158ec3915c15ff61a9c92c53abf536d8b8ff211f6157c5b36a7\": request timeout"
time="2026-09-13T02:34:52Z" level=warning msg="Request Failed" error="Get \"http://nginx/api/admissions/14454969185e6d22e1a4dbec630d7c7c9c73e8bcdafae6cbbb0d4a8a04d4c4d5\": request timeout"
time="2026-09-13T02:34:53Z" level=warning msg="Request Failed" error="Get \"http://nginx/api/admissions/0a9b25bc891a83894201cffce0313717842cdbd730a2841c5db62786f20ee02b\": request timeout"
time="2026-09-13T02:34:53Z" level=warning msg="Request Failed" error="Get \"http://nginx/api/admissions/9f2596a87ed90f1d5981c6007dc62146ec1c304b8d8b5c01358a5e7e6ca74c79\": request timeout"
time="2026-09-13T02:34:53Z" level=warning msg="Request Failed" error="Get \"http://nginx/api/admissions/c38107835415baed6672c1097ded0704d04d3997d36d6bd171fab34a4e2b70ed\": request timeout"
time="2026-09-13T02:34:53Z" level=warning msg="Request Failed" error="Get \"http://nginx/api/admissions/c826ec36c03bce6b888a5ea639569a0cd5743948d67d02032f223624cb19c9c4\": request timeout"
time="2026-09-13T02:34:53Z" level=warning msg="Request Failed" error="Get \"http://nginx/api/admissions/2f4279666150afdcbefb44e80d5b744380f23e319b4def7b9a2802b32d8ad296\": request timeout"
time="2026-09-13T02:34:53Z" level=warning msg="Request Failed" error="Get \"http://nginx/api/admissions/166682a2cbdd110dc4e2f5a437ea51c7131efe0dda8034660941ddb127a2c640\": request timeout"
time="2026-09-13T02:34:53Z" level=warning msg="Request Failed" error="Get \"http://nginx/api/admissions/de1ca4ba6ec92fd420c41079a49f57af6af1dc3800656e3471906a815481ee53\": request timeout"
time="2026-09-13T02:34:53Z" level=warning msg="Request Failed" error="Get \"http://nginx/api/admissions/49d2d44bdcac7b42235c92d6c3707bb50d3c810ac731b33139317e81c34947b4\": request timeout"
time="2026-09-13T02:34:53Z" level=warning msg="Request Failed" error="Get \"http://nginx/api/admissions/348eeeb277d2aa164a4f840761a2b9a4a7e94867eea2ffc3cfd177615d5dcd96\": request timeout"
time="2026-09-13T02:34:53Z" level=warning msg="Request Failed" error="Get \"http://nginx/api/admissions/7e2dbdb2672d3a85327a24966a644ee12c572da3d9d754c9e613c244acedfd5e\": request timeout"
time="2026-09-13T02:34:53Z" level=warning msg="Request Failed" error="Get \"http://nginx/api/admissions/027b7588786a80aedb2b2b63180dd366937ab30eb707f9e33b5425058d286d9f\": request timeout"
time="2026-09-13T02:34:53Z" level=warning msg="Request Failed" error="Get \"http://nginx/api/admissions/ca2367ee9f824142199ca8259908bdd99d98fe56afbd619a20a64cb475f24261\": request timeout"
time="2026-09-13T02:34:53Z" level=warning msg="Request Failed" error="Get \"http://nginx/api/admissions/5933b0a2316738a7e08c6757ba270d1ac985e163401ecfb9642845e1eb8e8161\": request timeout"
time="2026-09-13T02:34:53Z" level=warning msg="Request Failed" error="Get \"http://nginx/api/admissions/64d31c84e77297e5f4f8dfe41d999a044d02a177ab2bfa5fb1d1c4b54f6de7b6\": request timeout"
time="2026-09-13T02:34:53Z" level=warning msg="Request Failed" error="Get \"http://nginx/api/admissions/8b14143d6daa793248c4bc2ebe74902b2d5b4d5154871138ff94e106416920a2\": request timeout"

running (3m30.9s), 01268/02018 VUs, 2849 complete and 0 interrupted iterations
browsers ??[ 100% ] 02018/02018 VUs  1m0s  100.00 iters/s
time="2026-09-13T02:34:53Z" level=warning msg="Request Failed" error="Get \"http://nginx/api/admissions/b9815a387fdfd1f43bcff89ad65c06f3f26be773192b15d8a0fe3de970e0bab1\": request timeout"
time="2026-09-13T02:34:53Z" level=warning msg="Request Failed" error="Get \"http://nginx/api/admissions/80bfdb7bf131313831d2fabfde46b737c02d1861b138928728f4568ed0bee3bb\": request timeout"
time="2026-09-13T02:34:53Z" level=warning msg="Request Failed" error="Get \"http://nginx/api/admissions/8427b4da290fc928229a999b2d3540dcfb1b7e26b2ac54eb1e38d6c76ec62e7f\": request timeout"
time="2026-09-13T02:34:53Z" level=warning msg="Request Failed" error="Get \"http://nginx/api/admissions/6abf05a5660fabeb237a7ec82c50d77bc3f18691e792a78f88628b4219a59ade\": request timeout"
time="2026-09-13T02:34:53Z" level=warning msg="Request Failed" error="Get \"http://nginx/api/admissions/a6a4cce29a21fa45de00b5b0ed2fc24cd8c03bf743d14af2959f58ab0ac6548d\": request timeout"
time="2026-09-13T02:34:53Z" level=warning msg="Request Failed" error="Get \"http://nginx/api/admissions/efa14bed4f64fb8660e961c9764973cbceed6b5ce7a007f0eaa77a056f13a3d9\": request timeout"
time="2026-09-13T02:34:53Z" level=warning msg="Request Failed" error="Get \"http://nginx/api/admissions/7c545aa418dc249b8674b35a56c881af107ccd377878c70a2994b282cc606562\": request timeout"
time="2026-09-13T02:34:53Z" level=warning msg="Request Failed" error="Get \"http://nginx/api/admissions/b0f0aa3503cdb5c92b3a4099cac49728d44b7ca69448f85bb28891a6be51adf4\": request timeout"
time="2026-09-13T02:34:53Z" level=warning msg="Request Failed" error="Get \"http://nginx/api/admissions/848b41b9710c3274920b095af69eb880dae2d27aa6a37eac3cdd2f819202338d\": request timeout"
time="2026-09-13T02:34:53Z" level=warning msg="Request Failed" error="Get \"http://nginx/api/admissions/1b26da661f98ca9c3c9819ad335c316d485f42cbc8037cab923ffb73be6b0845\": request timeout"
time="2026-09-13T02:34:53Z" level=warning msg="Request Failed" error="Get \"http://nginx/api/admissions/fab056f577d3784f6ab8315341ca443725c6b75e5239db767df24bf55d831bc1\": request timeout"
time="2026-09-13T02:34:53Z" level=warning msg="Request Failed" error="Get \"http://nginx/api/admissions/7973698ea7da19653e48e4679ca6da199de933325b143972477b64bf490e207f\": request timeout"
time="2026-09-13T02:34:53Z" level=warning msg="Request Failed" error="Get \"http://nginx/api/admissions/7a335525476397a436b6e72e0da1134aed6e332ed5fca568e169fafd2db6c8f8\": request timeout"
time="2026-09-13T02:34:53Z" level=warning msg="Request Failed" error="Get \"http://nginx/api/admissions/0bf472beb6004f39aa7c99e76e25fbc0dadde1f02705e2dbb0835cd6f6bbd2be\": request timeout"
time="2026-09-13T02:34:53Z" level=warning msg="Request Failed" error="Get \"http://nginx/api/admissions/24bb91776f7d037d79130b5d8c917195a3e764483e90c77d89dbd2d55033c0fd\": request timeout"
time="2026-09-13T02:34:53Z" level=warning msg="Request Failed" error="Get \"http://nginx/api/admissions/c0c55ec941e7c1bcf2d96d041c553d292633043dbcd1cd63e56dd3766bec1877\": request timeout"
time="2026-09-13T02:34:53Z" level=warning msg="Request Failed" error="Get \"http://nginx/api/admissions/8821ac07f8172b733c67cd45c4c0fcbb6d18339f9b189693ae605a9faca45500\": request timeout"
time="2026-09-13T02:34:53Z" level=warning msg="Request Failed" error="Get \"http://nginx/api/admissions/9b000af64d4a194a5d89dc9edb0839802cad889076a2b6d1f0701a29b0371166\": request timeout"
time="2026-09-13T02:34:53Z" level=warning msg="Request Failed" error="Get \"http://nginx/api/admissions/8cc0baa9019d365c8257464ffff9f6720df0e102f34a0921d01ec60410363a85\": request timeout"
time="2026-09-13T02:34:53Z" level=warning msg="Request Failed" error="Get \"http://nginx/api/admissions/94f6d63959dc837decc75ba1aef5c071f64bbaeb978454f70cfcb379b6b8164b\": request timeout"
time="2026-09-13T02:34:53Z" level=warning msg="Request Failed" error="Get \"http://nginx/api/admissions/820060462e416a3b3faeb1fa848516b8f240e989ce5d36eb44452384a93682b4\": request timeout"
time="2026-09-13T02:34:53Z" level=warning msg="Request Failed" error="Get \"http://nginx/api/admissions/fb109c998cf5c2f0bf4e01288de63978cb05d9fea1ea616407f0d8c3f402a639\": request timeout"
time="2026-09-13T02:34:54Z" level=warning msg="Request Failed" error="Get \"http://nginx/api/admissions/91bf709facb82e4f1fba03838430e17a6f259c67b97e3a66b46ae06e426b5ecf\": request timeout"
time="2026-09-13T02:34:54Z" level=warning msg="Request Failed" error="Get \"http://nginx/api/admissions/80a4a849aa74048ae8f8db8a56a5c946e2b46ac195dc514832aff0384ab22027\": request timeout"
time="2026-09-13T02:34:54Z" level=warning msg="Request Failed" error="Get \"http://nginx/api/admissions/533ffe299576280e478e2657a532fd97ad70d744b2f58fc67da5ad681f2f2b2b\": request timeout"
time="2026-09-13T02:34:54Z" level=warning msg="Request Failed" error="Get \"http://nginx/api/admissions/d67572a43baa454b7025f10409db22eb5c2630ce2144aeca7c1da77762866a0e\": request timeout"
time="2026-09-13T02:34:54Z" level=warning msg="Request Failed" error="Get \"http://nginx/api/admissions/d4959d8a4bd87b9c9d28edee7a0d280580932f2dec3450e3dfaf369a9dafa4bd\": request timeout"
time="2026-09-13T02:34:54Z" level=warning msg="Request Failed" error="Get \"http://nginx/api/admissions/f83a593870355f9038eead186f1f3d5a96b0808bcde14f6c46cf01cf00889f58\": request timeout"
time="2026-09-13T02:34:54Z" level=warning msg="Request Failed" error="Get \"http://nginx/api/admissions/c6c4eb86ce3e009c8868d57310cf9ceb4d0f44bc82bc933a607e015d4ec8b540\": request timeout"
time="2026-09-13T02:34:54Z" level=warning msg="Request Failed" error="Get \"http://nginx/api/admissions/704417807393768a86ed09e8b32bf3a70fe1ab4f91aba802b66bbf6e8c8bf19a\": request timeout"
time="2026-09-13T02:34:54Z" level=warning msg="Request Failed" error="Get \"http://nginx/api/admissions/56626bbcf08fad0c78a6a41bac58ed9d947b6f2b0e01d9d5dcb1ca097cfbf3cb\": request timeout"
time="2026-09-13T02:34:54Z" level=warning msg="Request Failed" error="Get \"http://nginx/api/admissions/d541e38f87d7c814c8f8e7947a4fb9c91134bd97289bd3029e171c594271ded9\": request timeout"
time="2026-09-13T02:34:54Z" level=warning msg="Request Failed" error="Get \"http://nginx/api/admissions/78234b3308b3f6f2f5dba4f0fbfeec5a7c24c49c39102f4c1c49eace8a2314ac\": request timeout"
time="2026-09-13T02:34:54Z" level=warning msg="Request Failed" error="Get \"http://nginx/api/admissions/31b8e93206755ec033f3b725f2bbe574da83511fd68e82fcc1eca065c44e0e16\": request timeout"
time="2026-09-13T02:34:54Z" level=warning msg="Request Failed" error="Get \"http://nginx/api/admissions/2605f791b55b88e83edde8bd7670e77a22f837cfb36c29804bf5ea7c3fa7bf91\": request timeout"
time="2026-09-13T02:34:54Z" level=warning msg="Request Failed" error="Get \"http://nginx/api/admissions/f7c6c81b9c8c191d3addbc9294945265e640ee694f7bd60ed9e5dd19371541dd\": request timeout"
time="2026-09-13T02:34:54Z" level=warning msg="Request Failed" error="Get \"http://nginx/api/admissions/075daea41a3693391f912dbdaad503ad9a6d1aac703e30149ef6f812567367b8\": request timeout"
time="2026-09-13T02:34:54Z" level=warning msg="Request Failed" error="Get \"http://nginx/api/admissions/9c2b38bfb6b0ca33bc3e30cf404f05a4e59c404fd04123bec8397421a0e387d0\": request timeout"
time="2026-09-13T02:34:54Z" level=warning msg="Request Failed" error="Get \"http://nginx/api/admissions/d13907c02b7505b0d3320702a247776175b30e8f7d792f3b58daa54a1b67b99d\": request timeout"

running (3m31.9s), 01265/02018 VUs, 2852 complete and 0 interrupted iterations
browsers ??[ 100% ] 02018/02018 VUs  1m0s  100.00 iters/s
time="2026-09-13T02:34:54Z" level=warning msg="Request Failed" error="Get \"http://nginx/api/admissions/fd28d48e02e685d66f77c8454fa7e3a26b9d5624fbb681ae96e604b1210e2f5f\": request timeout"
time="2026-09-13T02:34:54Z" level=warning msg="Request Failed" error="Get \"http://nginx/api/admissions/1ed06fb96536deb1538870fb0844f29df70e55ddc6cda4fd7774c395021fe949\": request timeout"
time="2026-09-13T02:34:54Z" level=warning msg="Request Failed" error="Get \"http://nginx/api/admissions/11d0724a68f06114e871fab641df66cb672d8b33f825a1cee21ea7dab096444f\": request timeout"
time="2026-09-13T02:34:54Z" level=warning msg="Request Failed" error="Get \"http://nginx/api/admissions/664bd7c69d1ca11edafb50a6bd138c2aa7e3925949eceecfaacb1e320969eb9d\": request timeout"
time="2026-09-13T02:34:54Z" level=warning msg="Request Failed" error="Get \"http://nginx/api/admissions/8ddc97ecaae63714c3ead5565b747931c2cb28de39c071b95c4fc679d6f45280\": request timeout"
time="2026-09-13T02:34:54Z" level=warning msg="Request Failed" error="Get \"http://nginx/api/admissions/63aa833ba952bf941c8bde6c9b14365006deed173cab2e7a3b5f7da9379ad7c7\": request timeout"
time="2026-09-13T02:34:54Z" level=warning msg="Request Failed" error="Get \"http://nginx/api/admissions/5dabb50e00dd8dbda5df0710072878d6af6d19f01a3d363db94d424b8f9aa78b\": request timeout"
time="2026-09-13T02:34:54Z" level=warning msg="Request Failed" error="Get \"http://nginx/api/admissions/c77a514491de1b208484242dff4b4177d3c5ca63d284900104224495fbc6bad0\": request timeout"
time="2026-09-13T02:34:54Z" level=warning msg="Request Failed" error="Get \"http://nginx/api/admissions/10ce21812fc132a07ca1ddd236f95b39a28fa77cd97b2ca3e60e625a5c2d4ef8\": request timeout"
time="2026-09-13T02:34:54Z" level=warning msg="Request Failed" error="Get \"http://nginx/api/admissions/682fac9bc58dacb46b69863babc64b625fa8e7d81317c1efc750ecf3e8ea1393\": request timeout"
time="2026-09-13T02:34:54Z" level=warning msg="Request Failed" error="Get \"http://nginx/api/admissions/3bba040e850ec12f06317b5eb26aa405091b21eb4a88ffea5576f069c7f80f14\": request timeout"
time="2026-09-13T02:34:54Z" level=warning msg="Request Failed" error="Get \"http://nginx/api/admissions/1fb30651f49b0150daf04daabb8d2d77773584770f8b922726f14e0b1c3a0a24\": request timeout"
time="2026-09-13T02:34:54Z" level=warning msg="Request Failed" error="Get \"http://nginx/api/admissions/0e5c758c18a5713d15a97bbf4f1606a4ba2bb5c1a059912e88a65c13b91d556e\": request timeout"
time="2026-09-13T02:34:54Z" level=warning msg="Request Failed" error="Get \"http://nginx/api/admissions/02d52aee2b23ac9adc699f995b899fd29a663587ce472945e77a18dbf5cb2c90\": request timeout"
time="2026-09-13T02:34:54Z" level=warning msg="Request Failed" error="Get \"http://nginx/api/admissions/38a07457c265765a9857b399f57116aabf081d36c8ba4d3ba8d85b64d3222c96\": request timeout"
time="2026-09-13T02:34:54Z" level=warning msg="Request Failed" error="Get \"http://nginx/api/admissions/6d96beb2e6e069728e2dce37704836b4c9bff6f3379d7aeee35d637cd7da0023\": request timeout"
time="2026-09-13T02:34:54Z" level=warning msg="Request Failed" error="Get \"http://nginx/api/admissions/ebbfbfe245a012a635ea30ac5ab9a1a65b8f4573aac2861ccd2776a611451acd\": request timeout"
time="2026-09-13T02:34:54Z" level=warning msg="Request Failed" error="Get \"http://nginx/api/admissions/c9277d9ce736d2e9fcd53352174d2dd6c6758ed38368a62328b0997d9d0c90c8\": request timeout"
time="2026-09-13T02:34:54Z" level=warning msg="Request Failed" error="Get \"http://nginx/api/admissions/416d494cee940e461495b03d86442187de1841bdc46d2928c9b18bd84ba90248\": request timeout"
time="2026-09-13T02:34:54Z" level=warning msg="Request Failed" error="Get \"http://nginx/api/admissions/8ae7ad156b4135dc2388d3848db9e18050ab78129c9af1fdb8bf2a18861d3294\": request timeout"
time="2026-09-13T02:34:54Z" level=warning msg="Request Failed" error="Get \"http://nginx/api/admissions/0b193af559277dd0a9b4b8e7227620ad4410ea06e16b1c712dcbdbe69fcb8ba3\": request timeout"
time="2026-09-13T02:34:54Z" level=warning msg="Request Failed" error="Get \"http://nginx/api/admissions/779870a3f97e1208635fdacf40113a1fe1e2f504ee569791093de686b72a2d09\": request timeout"
time="2026-09-13T02:34:54Z" level=warning msg="Request Failed" error="Get \"http://nginx/api/admissions/7e8258af65e9892b686050ceae6584561f1e4d18689f831fbfaaef22a2bc34db\": request timeout"
time="2026-09-13T02:34:54Z" level=warning msg="Request Failed" error="Get \"http://nginx/api/admissions/d01748383232e6bfd886c2ed57b3f00c4992aa329f522fb4c71ad03ba5e0681a\": request timeout"
time="2026-09-13T02:34:54Z" level=warning msg="Request Failed" error="Get \"http://nginx/api/admissions/3ee15bbc4f31a58ab2990a05e721147804e0887040130f1408682328921f9c35\": request timeout"
time="2026-09-13T02:34:54Z" level=warning msg="Request Failed" error="Get \"http://nginx/api/admissions/2840edfe5aab33816fc4015ad027c78ad7e1f450a29734fae351bf92008c40e8\": request timeout"
time="2026-09-13T02:34:54Z" level=warning msg="Request Failed" error="Get \"http://nginx/api/admissions/73b4b0343472710940217e6dc06cc33d1113cf19bddfee2d2f65970235f78c81\": request timeout"
time="2026-09-13T02:34:54Z" level=warning msg="Request Failed" error="Get \"http://nginx/api/admissions/6b6c0cbf5e0c30faa9eba8a384cdde2000698e6723db920c3a06a36c856ea708\": request timeout"
time="2026-09-13T02:34:54Z" level=warning msg="Request Failed" error="Get \"http://nginx/api/admissions/da2d406facf287e22675b6b99422eb2b9d458564893a075d389aef4647222702\": request timeout"
time="2026-09-13T02:34:54Z" level=warning msg="Request Failed" error="Get \"http://nginx/api/admissions/0a66f476b363c548315deb98ac15ba9db9127cec74f44424b926ea2d6162c1eb\": request timeout"
time="2026-09-13T02:34:54Z" level=warning msg="Request Failed" error="Get \"http://nginx/api/admissions/3d87289622fa80013445fde29b5cbe7579b340e7b6152955d69e8c7b9afa9a96\": request timeout"
time="2026-09-13T02:34:54Z" level=warning msg="Request Failed" error="Get \"http://nginx/api/admissions/ee61d177b5e9a6e56045d2679a9d9f65e4ea3be303b0fd1ab87846aea720c8ff\": request timeout"
time="2026-09-13T02:34:54Z" level=warning msg="Request Failed" error="Get \"http://nginx/api/admissions/9d1f1f60b83551d6cc8e9840c60668c1822afac9def921318f34364b77a3bb1b\": request timeout"
time="2026-09-13T02:34:54Z" level=warning msg="Request Failed" error="Get \"http://nginx/api/admissions/1b8f07b65749beb61ac25f87e3264ca591ef06cb76be6cfc2b888897b4c8aaa1\": request timeout"
time="2026-09-13T02:34:54Z" level=warning msg="Request Failed" error="Get \"http://nginx/api/admissions/f4e12caf6bab882f0021960e09eb988786e8c3b32b35247b1789b395a2c8bfe9\": request timeout"
time="2026-09-13T02:34:55Z" level=warning msg="Request Failed" error="Get \"http://nginx/api/admissions/77b358c9f36d73952432c163b25fd03d83cc07172f82c727ae6b1978ddae382b\": request timeout"
time="2026-09-13T02:34:55Z" level=warning msg="Request Failed" error="Get \"http://nginx/api/admissions/f71eea886e6d443e6a23aecaba7b42f46665a455b73bcba6519a7ea4cbe0f1db\": request timeout"
time="2026-09-13T02:34:55Z" level=warning msg="Request Failed" error="Get \"http://nginx/api/admissions/f4b01e8d44e318cd82272dd8a1a3d41f97ed9347237a7b740dc6c924012d9591\": request timeout"
time="2026-09-13T02:34:55Z" level=warning msg="Request Failed" error="Get \"http://nginx/api/admissions/43ca89b6619ffb9d9b4961429e33fa96648a9533e780000907c53aaccf0fc728\": request timeout"
time="2026-09-13T02:34:55Z" level=warning msg="Request Failed" error="Get \"http://nginx/api/admissions/644352f239d80e19c57e7e7544372150389cf6d2bd3b6f086d1ceebceeb176c4\": request timeout"
time="2026-09-13T02:34:55Z" level=warning msg="Request Failed" error="Get \"http://nginx/api/admissions/95e138d2d9da6cf70d998ae46c370cc66105283ebd2774bd8dad6de447fa686c\": request timeout"
time="2026-09-13T02:34:55Z" level=warning msg="Request Failed" error="Get \"http://nginx/api/admissions/7671deec2bd23a60ae8cc03bb9e0a14b36a95da3e14a334664d801a5292e23dd\": request timeout"
time="2026-09-13T02:34:55Z" level=warning msg="Request Failed" error="Get \"http://nginx/api/admissions/4670021c1919edb26184e1dd38828997ceed27e922932f9455acb1a82be29048\": request timeout"
time="2026-09-13T02:34:55Z" level=warning msg="Request Failed" error="Get \"http://nginx/api/admissions/9c7e0e8544163a2bf4b8f1e97c583e37b06e8c92280822444b606a37ee447347\": request timeout"

running (3m32.9s), 01257/02018 VUs, 2860 complete and 0 interrupted iterations
browsers ??[ 100% ] 02018/02018 VUs  1m0s  100.00 iters/s
time="2026-09-13T02:34:55Z" level=warning msg="Request Failed" error="Get \"http://nginx/api/admissions/525c8c62e236485b9be3d65f8406117a842a0a4179fe8ba8be08196ba9c26cdd\": request timeout"
time="2026-09-13T02:34:55Z" level=warning msg="Request Failed" error="Get \"http://nginx/api/admissions/1cdccab3d8f8643df7c553bff1270353030dbab1d0238f24386d44c3adc3ed14\": request timeout"
time="2026-09-13T02:34:55Z" level=warning msg="Request Failed" error="Get \"http://nginx/api/admissions/f5adab5aad236c5a07cc241f5a5640c8299b8dde5a9c3d961032693b97221dc9\": request timeout"
time="2026-09-13T02:34:55Z" level=warning msg="Request Failed" error="Get \"http://nginx/api/admissions/54ce60a5ed73fb82eb69aad325b844c0d279d42cd24ca366edfb93be3803fadb\": request timeout"
time="2026-09-13T02:34:55Z" level=warning msg="Request Failed" error="Get \"http://nginx/api/admissions/d3a67d50b3bbbaacef05879b7bc709accbb997b2f476a16f495f05daa71f6fc5\": request timeout"
time="2026-09-13T02:34:55Z" level=warning msg="Request Failed" error="Get \"http://nginx/api/admissions/5918be2d7410c26d5449064bc02f71e450f8b792b6a193a6c48607cde9d7f4ab\": request timeout"
time="2026-09-13T02:34:55Z" level=warning msg="Request Failed" error="Get \"http://nginx/api/admissions/e0ec0d86effea89192f8e21c55d45aea40cc71ea4746841f25fc437dd9162538\": request timeout"

running (3m33.9s), 01252/02018 VUs, 2865 complete and 0 interrupted iterations
browsers ??[ 100% ] 02018/02018 VUs  1m0s  100.00 iters/s
time="2026-09-13T02:34:56Z" level=warning msg="Request Failed" error="Get \"http://nginx/api/admissions/aa30cce6fad491521724ad881c4e0cfced8aeec820487b0801b702def15e0741\": request timeout"
time="2026-09-13T02:34:56Z" level=warning msg="Request Failed" error="Get \"http://nginx/api/admissions/8dbbbc5e1318bde4121baf2f2d8313d4232eae935f648f0c04d5086b6468bd93\": request timeout"
time="2026-09-13T02:34:56Z" level=warning msg="Request Failed" error="Get \"http://nginx/api/admissions/cea3726a5ac800cff5251847bf5d9347ee7bb5cc8056e3f2f03ac8cfdfc7e8c8\": request timeout"
time="2026-09-13T02:34:56Z" level=warning msg="Request Failed" error="Get \"http://nginx/api/admissions/b95cf64e353fd6a08c418866f29903e702234e43b0537678094ad59092393b63\": request timeout"
time="2026-09-13T02:34:56Z" level=warning msg="Request Failed" error="Get \"http://nginx/api/admissions/5e43674594abebcfa35e2d07087a7027eb80b86823db21316edacf32677e203a\": request timeout"
time="2026-09-13T02:34:57Z" level=warning msg="Request Failed" error="Get \"http://nginx/api/admissions/e5c4df39c57b18efc1aa320f7089253a1192c5945f5a6013f64bdd40e5a259cd\": request timeout"
time="2026-09-13T02:34:57Z" level=warning msg="Request Failed" error="Get \"http://nginx/api/admissions/e82ccb81efd517b604d34dbe89413ecfd0708dd8a6776c0e69f30183064cd266\": request timeout"
time="2026-09-13T02:34:57Z" level=warning msg="Request Failed" error="Get \"http://nginx/api/admissions/62b6df06d20d1a44e08dab6a1ccc48c77caf32f340a6132ed12e406a872e5651\": request timeout"
time="2026-09-13T02:34:57Z" level=warning msg="Request Failed" error="Get \"http://nginx/api/admissions/d1a57ea533f8f92019ccd69e01dba6762cccc4a800175fb41b76c3b6957fb554\": request timeout"

running (3m34.9s), 01246/02018 VUs, 2871 complete and 0 interrupted iterations
browsers ??[ 100% ] 02018/02018 VUs  1m0s  100.00 iters/s
time="2026-09-13T02:34:57Z" level=warning msg="Request Failed" error="Get \"http://nginx/api/admissions/37f4200d9d673055c7782d91db50b4e642d579f6705e48cc5218cabb73bea959\": request timeout"
time="2026-09-13T02:34:57Z" level=warning msg="Request Failed" error="Get \"http://nginx/api/admissions/01c268cd2fbb7190fabfd705e5e1867f1c06dac3228b97cfb27502f9f546410a\": request timeout"
time="2026-09-13T02:34:57Z" level=warning msg="Request Failed" error="Get \"http://nginx/api/admissions/f29cd0e421f975461053ac6b6bfac66255097f2c467c75b81bbdd1444bf74a43\": request timeout"
time="2026-09-13T02:34:57Z" level=warning msg="Request Failed" error="Get \"http://nginx/api/admissions/af1f8b6560d626c7fc68c9557c6e28391417711238c6aa2156529c4cab6b6cd1\": request timeout"
time="2026-09-13T02:34:57Z" level=warning msg="Request Failed" error="Get \"http://nginx/api/admissions/6e3e36ac9ae6f3788717968e33aa76ba6dfd6a1cbff1dbd7da828e6c5cb56fea\": request timeout"
time="2026-09-13T02:34:57Z" level=warning msg="Request Failed" error="Get \"http://nginx/api/admissions/f3924a974f4db04b55777faeb9adab88a18fd28666d780c1785026f35d648e69\": request timeout"
time="2026-09-13T02:34:57Z" level=warning msg="Request Failed" error="Get \"http://nginx/api/admissions/85b82f7a4aac0da0fc0a4b13fe09b580e4f1e33fed55ba5477d77c2394e63325\": request timeout"
time="2026-09-13T02:34:57Z" level=warning msg="Request Failed" error="Get \"http://nginx/api/admissions/5721528771b4e78bcc40cc1c2009bdd6ba919b5dbfa03ae184f66902c6f43454\": request timeout"
time="2026-09-13T02:34:57Z" level=warning msg="Request Failed" error="Get \"http://nginx/api/admissions/9455768f52512c93c27d84dade7f13e97e325943354984386506db4f59eee287\": request timeout"
time="2026-09-13T02:34:57Z" level=warning msg="Request Failed" error="Get \"http://nginx/api/admissions/87f4bbdc4ada4985233b2bdb96cae72f0fb680eb69ce1afca0e8ce75f1a31e8d\": request timeout"
time="2026-09-13T02:34:57Z" level=warning msg="Request Failed" error="Get \"http://nginx/api/admissions/88b9c2c41a5858edf0fb063ac08d19bd0123bdbda29451866fe158a3bea463f7\": request timeout"
time="2026-09-13T02:34:57Z" level=warning msg="Request Failed" error="Get \"http://nginx/api/admissions/c32ea921773b36144f898e02ce14aea3ce20f69d1c725ee348661bde0fa2dbef\": request timeout"
time="2026-09-13T02:34:57Z" level=warning msg="Request Failed" error="Get \"http://nginx/api/admissions/981815d29ac39f96d610b80c2b0057aaf1320eb81566480d1f6c8f8a5079ba42\": request timeout"
time="2026-09-13T02:34:58Z" level=warning msg="Request Failed" error="Get \"http://nginx/api/admissions/3ca0aeaa3a0f6edc6e79cc8182b41500cdb6f3ce9323446128ad3dce35712c39\": request timeout"
time="2026-09-13T02:34:58Z" level=warning msg="Request Failed" error="Get \"http://nginx/api/admissions/d88b34295c203b2948d0ba5504415d7a762e1dc7a85129232804899253176456\": request timeout"
time="2026-09-13T02:34:58Z" level=warning msg="Request Failed" error="Get \"http://nginx/api/admissions/62edfe1c4acbd35b16153f96500c3dee1c3834135c62fcfe02fa31782d0fbf8b\": request timeout"

running (3m35.9s), 01237/02018 VUs, 2880 complete and 0 interrupted iterations
browsers ??[ 100% ] 02018/02018 VUs  1m0s  100.00 iters/s

running (3m36.9s), 01222/02018 VUs, 2895 complete and 0 interrupted iterations
browsers ??[ 100% ] 02018/02018 VUs  1m0s  100.00 iters/s

running (3m37.9s), 01186/02018 VUs, 2931 complete and 0 interrupted iterations
browsers ??[ 100% ] 02018/02018 VUs  1m0s  100.00 iters/s

running (3m38.9s), 01089/02018 VUs, 3028 complete and 0 interrupted iterations
browsers ??[ 100% ] 02018/02018 VUs  1m0s  100.00 iters/s

running (3m39.9s), 01034/02018 VUs, 3083 complete and 0 interrupted iterations
browsers ??[ 100% ] 02018/02018 VUs  1m0s  100.00 iters/s

running (3m40.9s), 01022/02018 VUs, 3095 complete and 0 interrupted iterations
browsers ??[ 100% ] 02018/02018 VUs  1m0s  100.00 iters/s

running (3m41.9s), 01003/02018 VUs, 3114 complete and 0 interrupted iterations
browsers ??[ 100% ] 02018/02018 VUs  1m0s  100.00 iters/s
time="2026-09-13T02:35:04Z" level=warning msg="Request Failed" error="Get \"http://nginx/api/admissions/36cc406685b4a50e15ffe28b4cf8b9e8fe3b375a006693d10940668bb7337a79\": request timeout"
time="2026-09-13T02:35:04Z" level=warning msg="Request Failed" error="Get \"http://nginx/api/admissions/e4422486a2c9fee02fe64a240ae3043b9f443151f7cbb8b72559b27e30c7b629\": request timeout"
time="2026-09-13T02:35:04Z" level=warning msg="Request Failed" error="Get \"http://nginx/api/admissions/7e8e4ea4c4e22a264952cbdacee99ac17d81af25fa1001962ea179037d2e7524\": request timeout"
time="2026-09-13T02:35:04Z" level=warning msg="Request Failed" error="Get \"http://nginx/api/admissions/c9dc06fb9888ea5d46207269116170fdcd5f68e191b6007be5dc4cf3db270111\": request timeout"
time="2026-09-13T02:35:04Z" level=warning msg="Request Failed" error="Get \"http://nginx/api/admissions/600509cfc112d6ec9fc29fdf1b549457154baba9e50b1b4e381262fe24e5cafe\": request timeout"
time="2026-09-13T02:35:04Z" level=warning msg="Request Failed" error="Get \"http://nginx/api/admissions/2bcc6bc8541222654c33f4fa7b405d5e42f21df6e37dfce0444d3949a0bedfed\": request timeout"
time="2026-09-13T02:35:04Z" level=warning msg="Request Failed" error="Get \"http://nginx/api/admissions/18582494e21c750834a2d1cf186635fd02fe7d4a9ca5930011b04e28a37b909f\": request timeout"
time="2026-09-13T02:35:05Z" level=warning msg="Request Failed" error="Get \"http://nginx/api/admissions/81171eac0267fdb1251d8d8fed9102db870f97b18b525e1b6dcb08b27e8ae7ff\": request timeout"
time="2026-09-13T02:35:05Z" level=warning msg="Request Failed" error="Get \"http://nginx/api/admissions/61a855d959868b6384b1a89014a0cea77ba95abc86cdbd516b70fce3f7b2d013\": request timeout"
time="2026-09-13T02:35:05Z" level=warning msg="Request Failed" error="Get \"http://nginx/api/admissions/5351330b33d553144caa4bad7bc34cd7cb41dab8a672e1897238de2fae1cfc30\": request timeout"
time="2026-09-13T02:35:05Z" level=warning msg="Request Failed" error="Get \"http://nginx/api/admissions/233e81d24bd0134fa22241aaaaa45529bf3a0f7c87040fcab39bb71076b49323\": request timeout"
time="2026-09-13T02:35:05Z" level=warning msg="Request Failed" error="Get \"http://nginx/api/admissions/caca5ca9457c3f792023ff26f1af0b4e1a4f04cb8b1e2defea0e8517d9fb1502\": request timeout"
time="2026-09-13T02:35:05Z" level=warning msg="Request Failed" error="Get \"http://nginx/api/admissions/b0f2334a94a52cc781e4dece187aaa84a5ef9d97b39add7c5976cd179d72a8af\": request timeout"

running (3m42.9s), 00978/02018 VUs, 3139 complete and 0 interrupted iterations
browsers ??[ 100% ] 02018/02018 VUs  1m0s  100.00 iters/s
time="2026-09-13T02:35:05Z" level=warning msg="Request Failed" error="Get \"http://nginx/api/admissions/7a12867613025a85cbb31b906f10a47dca17b9fe48e5dbcfa147d0cc2d45cbd0\": request timeout"
time="2026-09-13T02:35:05Z" level=warning msg="Request Failed" error="Get \"http://nginx/api/admissions/81bec139e563b2025ea0e11ace85d48513415fcbdac76a28f03571ed7d3bd5d0\": request timeout"
time="2026-09-13T02:35:05Z" level=warning msg="Request Failed" error="Get \"http://nginx/api/admissions/ef78140e09f574bec921fdab33afac3241132e0fa4ef95f221326b8ffd617e99\": request timeout"
time="2026-09-13T02:35:05Z" level=warning msg="Request Failed" error="Get \"http://nginx/api/admissions/1e26fd3de6ab9a61805cfa47834490735ff32a34506217ecabf8ca19f6cd439a\": request timeout"
time="2026-09-13T02:35:05Z" level=warning msg="Request Failed" error="Get \"http://nginx/api/admissions/8f4f1e4cf1c4e505063f7e3df5155cd3c48f55340e8dcd9014e212e246285bec\": request timeout"
time="2026-09-13T02:35:05Z" level=warning msg="Request Failed" error="Get \"http://nginx/api/admissions/c0051981550f69f0bd4734e9465efaad600803c43cc41f9dad0d568bf60ec0b8\": request timeout"
time="2026-09-13T02:35:05Z" level=warning msg="Request Failed" error="Get \"http://nginx/api/admissions/214089dfc3e29aa753264a96512659ac997757860fa6b53076aea55dfba564e8\": request timeout"
time="2026-09-13T02:35:05Z" level=warning msg="Request Failed" error="Get \"http://nginx/api/admissions/528dd059dd4776e5ae74dc1cf88565de6856929c774f360f947d8aa633ac91c9\": request timeout"
time="2026-09-13T02:35:05Z" level=warning msg="Request Failed" error="Get \"http://nginx/api/admissions/e751d5933b6f4ab0519ea3f42eba329b0c1c51816cd4ec23cfbe95fa13870331\": request timeout"
time="2026-09-13T02:35:05Z" level=warning msg="Request Failed" error="Get \"http://nginx/api/admissions/cacb6f2189deb0bb9600d3d7aa36fd60cdfa6dce3d877db155079b5322881a07\": request timeout"
time="2026-09-13T02:35:05Z" level=warning msg="Request Failed" error="Get \"http://nginx/api/admissions/871c6cfaa31a5d95d9ec6f9201bdf80f1880928a66a133451172a2fa49cf46cc\": request timeout"
time="2026-09-13T02:35:05Z" level=warning msg="Request Failed" error="Get \"http://nginx/api/admissions/83545068f2228b8a5fc3556fed461f86991d9a52a57a7a3d6582aa0dc74b2be0\": request timeout"
time="2026-09-13T02:35:05Z" level=warning msg="Request Failed" error="Get \"http://nginx/api/admissions/c9dc1a89300858a78f357e06893aec5bdf60c3980e9888b9fb508b2bcc6fcbda\": request timeout"
time="2026-09-13T02:35:05Z" level=warning msg="Request Failed" error="Get \"http://nginx/api/admissions/e7e690ffad0d616db6d7ee48a0c77ebc91c8ef883edea13db56662131e3813e2\": request timeout"
time="2026-09-13T02:35:05Z" level=warning msg="Request Failed" error="Get \"http://nginx/api/admissions/d19b7901568e74c6623f311762fb16333264f5e469118cdb935452b2d30e6915\": request timeout"
time="2026-09-13T02:35:05Z" level=warning msg="Request Failed" error="Get \"http://nginx/api/admissions/75cfe45a521b57d9d2d811c17313b47cb476adbb473197faf74a9aede437cf63\": request timeout"
time="2026-09-13T02:35:05Z" level=warning msg="Request Failed" error="Get \"http://nginx/api/admissions/efb72e6b54e499faf948a5aaea7506f8a73c7db21126841f75443a7d9b2ea23f\": request timeout"
time="2026-09-13T02:35:05Z" level=warning msg="Request Failed" error="Get \"http://nginx/api/admissions/a99241b6fb09c98cc426921da8e6654834b9c2ff024ed017d49de7e69e9370b7\": request timeout"
time="2026-09-13T02:35:05Z" level=warning msg="Request Failed" error="Get \"http://nginx/api/admissions/6fd30b6a35bb2d2439d846b0567dc39375cefd83c6eb4215092f26b166e1c686\": request timeout"
time="2026-09-13T02:35:05Z" level=warning msg="Request Failed" error="Get \"http://nginx/api/admissions/66934ddb0d87b9fdfb8bb575a69fa34d53e923bb29d1c5249f8216dcaaf107d6\": request timeout"
time="2026-09-13T02:35:05Z" level=warning msg="Request Failed" error="Get \"http://nginx/api/admissions/e2d9e01b933c1614ed64c69a17139a5b37517d414b8eaea5c8a360ec82ba6e20\": request timeout"
time="2026-09-13T02:35:05Z" level=warning msg="Request Failed" error="Get \"http://nginx/api/admissions/ae1088dacc0e25624d0f1c70280025e068cd7b894926d328c2f187e70e167168\": request timeout"
time="2026-09-13T02:35:05Z" level=warning msg="Request Failed" error="Get \"http://nginx/api/admissions/0e34a6387503566956db21d8fcfc783bf89126ad6d135547926d2451eb655b34\": request timeout"
time="2026-09-13T02:35:05Z" level=warning msg="Request Failed" error="Get \"http://nginx/api/admissions/5a662321579672d02ad73f958094b255bf4ca2fd02297e378ed93388f102ce60\": request timeout"
time="2026-09-13T02:35:05Z" level=warning msg="Request Failed" error="Get \"http://nginx/api/admissions/99de155b07dada92f67f019b712323942256e5999ad3513c703ba81afe4dfe66\": request timeout"
time="2026-09-13T02:35:06Z" level=warning msg="Request Failed" error="Get \"http://nginx/api/admissions/76526663cbd156c43d979c93a137a9301a3efd077e0ced67dce92bc54a0a8716\": request timeout"
time="2026-09-13T02:35:06Z" level=warning msg="Request Failed" error="Get \"http://nginx/api/admissions/ba1b7ce9d414eb2ae1db81fe6a0bb8f00c4581b98fdeb09c034415d178bd7824\": request timeout"
time="2026-09-13T02:35:06Z" level=warning msg="Request Failed" error="Get \"http://nginx/api/admissions/218453443a393cd8e9446f04654301a0c2eafbcafaac58739a943de44334ca06\": request timeout"
time="2026-09-13T02:35:06Z" level=warning msg="Request Failed" error="Get \"http://nginx/api/admissions/4498fe67d8edf9a85c80b045c66dd75dcfd5cb87efc8f1e626febcc2c2f48e08\": request timeout"
time="2026-09-13T02:35:06Z" level=warning msg="Request Failed" error="Get \"http://nginx/api/admissions/5a2ec25c73ce51476283f7a8af26e5167bc2bba117a5e2a18766eea3fd5900be\": request timeout"
time="2026-09-13T02:35:06Z" level=warning msg="Request Failed" error="Get \"http://nginx/api/admissions/cca9e268c684a4f3abc9e5cae95653b2994636be1cc74e0726ff8d08d24d91b6\": request timeout"
time="2026-09-13T02:35:06Z" level=warning msg="Request Failed" error="Get \"http://nginx/api/admissions/e17a2abcc5af9e1bf3fb3cd6ebc4728abdead74b213dd81c92ed6c75c32b7774\": request timeout"
time="2026-09-13T02:35:06Z" level=warning msg="Request Failed" error="Get \"http://nginx/api/admissions/5160b86a9c01386384811a2158d4cbae0407f70dfd69e2a941c2d08aa904aad1\": request timeout"
time="2026-09-13T02:35:06Z" level=warning msg="Request Failed" error="Get \"http://nginx/api/admissions/800b22f750afad53f90ef60964b504cd74da708252159b5efe98ca425f0abad5\": request timeout"
time="2026-09-13T02:35:06Z" level=warning msg="Request Failed" error="Get \"http://nginx/api/admissions/413506738a0ef22b5ca49d435b525b2143cfc5100060ec60fcb08baeb162fe60\": request timeout"
time="2026-09-13T02:35:06Z" level=warning msg="Request Failed" error="Get \"http://nginx/api/admissions/574d97d2a5b83df6f6d949a3788b2a5f13cb1d4dea90d3aa26c0acde18b0402c\": request timeout"
time="2026-09-13T02:35:06Z" level=warning msg="Request Failed" error="Get \"http://nginx/api/admissions/16e582ead268d7b6d4984eaa9be6c3dab0715a510a990377b18e0849b8894ebf\": request timeout"
time="2026-09-13T02:35:06Z" level=warning msg="Request Failed" error="Get \"http://nginx/api/admissions/0c61203d900ac2b9d7e4505345b2f1201c123726f3264c2688d06faabaf63710\": request timeout"
time="2026-09-13T02:35:06Z" level=warning msg="Request Failed" error="Get \"http://nginx/api/admissions/83aa33ea998e34475569d6b510a549662d31172322f1a33faf938c3e721db849\": request timeout"
time="2026-09-13T02:35:06Z" level=warning msg="Request Failed" error="Get \"http://nginx/api/admissions/76f120c71bc4ae401a9fcf0f94e07b303e59d12f947ff49334495bce4e1a79d6\": request timeout"
time="2026-09-13T02:35:06Z" level=warning msg="Request Failed" error="Get \"http://nginx/api/admissions/3bdf56469dd76762a1f4f838081e54e2643103623eb5f29432153d2e48d8389d\": request timeout"
time="2026-09-13T02:35:06Z" level=warning msg="Request Failed" error="Get \"http://nginx/api/admissions/cd0983eb626ccdb6b2bb2a4a27b7e0b5cf645dc35b371231654393fe13bc837d\": request timeout"
time="2026-09-13T02:35:06Z" level=warning msg="Request Failed" error="Get \"http://nginx/api/admissions/215df9b9e57c099c59f0a54c9eb9de64e7d8a7f97625e1a3e50bbebb4aac56a3\": request timeout"
time="2026-09-13T02:35:06Z" level=warning msg="Request Failed" error="Get \"http://nginx/api/admissions/e251392dcc837b656d0b635b6db51f4335784331cea7ad321cc7e8cf7692026e\": request timeout"

time="2026-09-13T02:35:06Z" level=warning msg="Request Failed" error="Get \"http://nginx/api/admissions/00b6019e76ee5a6bd7bd5c3303062735788a784ad1b70a41fb3b9a48e39132c7\": request timeout"
running (3m43.9s), 00933/02018 VUs, 3184 complete and 0 interrupted iterations
browsers ??[ 100% ] 02018/02018 VUs  1m0s  100.00 iters/s
time="2026-09-13T02:35:06Z" level=warning msg="Request Failed" error="Get \"http://nginx/api/admissions/162cb6dc4ff9a60048830b5634c6d865c0584663e5b696f37f9ae753d6af4b5b\": request timeout"
time="2026-09-13T02:35:06Z" level=warning msg="Request Failed" error="Get \"http://nginx/api/admissions/c2c26847276b7be2b9a9565e0d8fa1674d6804f392a5af81a96f48acfeb0ede4\": request timeout"
time="2026-09-13T02:35:06Z" level=warning msg="Request Failed" error="Get \"http://nginx/api/admissions/34adf6f94e0f2eadb7731e70500fdd11e379fd6d32c6ac1e09922b941997cc01\": request timeout"
time="2026-09-13T02:35:06Z" level=warning msg="Request Failed" error="Get \"http://nginx/api/admissions/86d0e143eb8970386cfef48086018ab4a110d7dda213e4b1ba2b86d0cba3c594\": request timeout"
time="2026-09-13T02:35:06Z" level=warning msg="Request Failed" error="Get \"http://nginx/api/admissions/1b3f9770412eced894f19b327648dc451f9ca39c565e8d09860065beceb98928\": request timeout"
time="2026-09-13T02:35:06Z" level=warning msg="Request Failed" error="Get \"http://nginx/api/admissions/dc9fb3269a4f98cece54be6df150b969be795e7d7f5face0d7c1d59cf29e20ea\": request timeout"
time="2026-09-13T02:35:06Z" level=warning msg="Request Failed" error="Get \"http://nginx/api/admissions/36eb7982e09bed25c101fee614294913f7573284f0ad851ca631c081ae2e83ff\": request timeout"
time="2026-09-13T02:35:06Z" level=warning msg="Request Failed" error="Get \"http://nginx/api/admissions/2e08dddd116ce52c67499f36d0075adc2532c99f004c86a9868daeda01091206\": request timeout"
time="2026-09-13T02:35:06Z" level=warning msg="Request Failed" error="Get \"http://nginx/api/admissions/e5b1d3d2b502e5dc54c2c9cb3de99aa4591d5bf0ba6c47014b2e3b55476b4531\": request timeout"
time="2026-09-13T02:35:06Z" level=warning msg="Request Failed" error="Get \"http://nginx/api/admissions/3eb2d899878c9a07793a6194dd4cebbc3f8d44003a144a0e5995d72440ef1852\": request timeout"
time="2026-09-13T02:35:06Z" level=warning msg="Request Failed" error="Get \"http://nginx/api/admissions/7563322ecfeb82da7d2fa06ffc763d8d23fb4fc084de708c9f56d08e7fc39edd\": request timeout"
time="2026-09-13T02:35:06Z" level=warning msg="Request Failed" error="Get \"http://nginx/api/admissions/20791ec4f580b51da415886768ef74034c4de4bc66cca473ceb8f41d45cdb6dd\": request timeout"
time="2026-09-13T02:35:06Z" level=warning msg="Request Failed" error="Get \"http://nginx/api/admissions/91aa2f31dacb2109f881f7b03a774180c378171b83f08fa7c243ad8735bd7af0\": request timeout"
time="2026-09-13T02:35:06Z" level=warning msg="Request Failed" error="Get \"http://nginx/api/admissions/c41bf6e20661608713015e0385b069db177f5503df256edf5df95e611b675a5b\": request timeout"
time="2026-09-13T02:35:06Z" level=warning msg="Request Failed" error="Get \"http://nginx/api/admissions/4f01519a9cc1344cf364ff8a4d98eeaafce45e6de9e62329abc2f02664d9a057\": request timeout"
time="2026-09-13T02:35:06Z" level=warning msg="Request Failed" error="Get \"http://nginx/api/admissions/c249ea9638a6660b5bb16f24b5131af611a001fc85c80f0f65dca760957b966d\": request timeout"
time="2026-09-13T02:35:06Z" level=warning msg="Request Failed" error="Get \"http://nginx/api/admissions/c3565d0a3cbc85d4e83e5b81f40e78db6312322f5c057a19cc696286b69f4e6f\": request timeout"
time="2026-09-13T02:35:06Z" level=warning msg="Request Failed" error="Get \"http://nginx/api/admissions/f89d4640fbbc5c52987620ff4cc2d130b0013c855a9b7ee340ea231aa2951216\": request timeout"
time="2026-09-13T02:35:06Z" level=warning msg="Request Failed" error="Get \"http://nginx/api/admissions/f4eea0f207ff89655e2ed5dfbc775f3ba6173ee84328771461673da019ffdda5\": request timeout"
time="2026-09-13T02:35:06Z" level=warning msg="Request Failed" error="Get \"http://nginx/api/admissions/4e790dea1d5056a668db0e2ffebed3844c865b308dc9b457ff47dd6bc63bac06\": request timeout"
time="2026-09-13T02:35:06Z" level=warning msg="Request Failed" error="Get \"http://nginx/api/admissions/ea7304c1fbcff2ab678de32355abe92b7ea0d9c2825ad75345959879261d5f0b\": request timeout"
time="2026-09-13T02:35:06Z" level=warning msg="Request Failed" error="Get \"http://nginx/api/admissions/ef8a9967952f4da8d47d3f928b362816fd07e957156443851f2ccc966d71ef39\": request timeout"
time="2026-09-13T02:35:06Z" level=warning msg="Request Failed" error="Get \"http://nginx/api/admissions/d8f109f67139a31b993e2dac125136f25772531cdf3db374e47a11e07d594bff\": request timeout"
time="2026-09-13T02:35:06Z" level=warning msg="Request Failed" error="Get \"http://nginx/api/admissions/dd5eb830f30160601db781b2d9952cac3bf35a318cfb9648048d7ed0030ced35\": request timeout"
time="2026-09-13T02:35:06Z" level=warning msg="Request Failed" error="Get \"http://nginx/api/admissions/e0da74f38d9213a722b99ca8d7728bb4f401929b2b75949f4757b0b62f4a171a\": request timeout"
time="2026-09-13T02:35:06Z" level=warning msg="Request Failed" error="Get \"http://nginx/api/admissions/8bb28b66008b477533635b5bcad47c3b79193aa29cb9f4245d189a0b8a0fb19b\": request timeout"
time="2026-09-13T02:35:06Z" level=warning msg="Request Failed" error="Get \"http://nginx/api/admissions/f2df2330893338b6ceb047e47984a0eb6a117eaa4b3f095d8eb92c7e79602998\": request timeout"
time="2026-09-13T02:35:06Z" level=warning msg="Request Failed" error="Get \"http://nginx/api/admissions/ac80ac868b2ceb647773aecfe5d9a338f1a4dff51a127e0570ac65b759f7abb1\": request timeout"
time="2026-09-13T02:35:06Z" level=warning msg="Request Failed" error="Get \"http://nginx/api/admissions/c25169d2a4271017d399239fe3d19ea5614af74160b828909e1d5bf194bebed2\": request timeout"
time="2026-09-13T02:35:06Z" level=warning msg="Request Failed" error="Get \"http://nginx/api/admissions/e20b7d971f1610a310e0a415b4bac1e7b7e8db407e81768822c37054969795aa\": request timeout"
time="2026-09-13T02:35:06Z" level=warning msg="Request Failed" error="Get \"http://nginx/api/admissions/a3bd9912dc6e09b6472c7fab1e8503be62126c4a4740799d490ed2378c6fbe83\": request timeout"
time="2026-09-13T02:35:06Z" level=warning msg="Request Failed" error="Get \"http://nginx/api/admissions/70f154d58808855da5aa44d0f5f33c43df58bcaa39f272dc13a112fb2153cab9\": request timeout"
time="2026-09-13T02:35:06Z" level=warning msg="Request Failed" error="Get \"http://nginx/api/admissions/d8c2b265b3b9211680cadea1d78c98c400c0441a4f75bb5c2e6a4e8467512930\": request timeout"
time="2026-09-13T02:35:06Z" level=warning msg="Request Failed" error="Get \"http://nginx/api/admissions/841f32639aa1f9419742ecfdca54b796736de8fc82f3a9d0a68ecc10f0072d2b\": request timeout"
time="2026-09-13T02:35:06Z" level=warning msg="Request Failed" error="Get \"http://nginx/api/admissions/2ff60bfee7a83ec205b23c347546c4f76d52497edda9f13a69badab3af542863\": request timeout"
time="2026-09-13T02:35:06Z" level=warning msg="Request Failed" error="Get \"http://nginx/api/admissions/bcee671bf99d9888395dfd5639e3e152fc525daa366097186ce08ad7ac99d4ef\": request timeout"
time="2026-09-13T02:35:06Z" level=warning msg="Request Failed" error="Get \"http://nginx/api/admissions/b34d36a5913118f76a3aa40cc83305fdbf716a25176d94228e5ed056d6b9f5fe\": request timeout"
time="2026-09-13T02:35:06Z" level=warning msg="Request Failed" error="Get \"http://nginx/api/admissions/7bffe1fac09a8ef9d686f7e18a04df09a94ded489ea7142955cf108eed7ad2ae\": request timeout"
time="2026-09-13T02:35:06Z" level=warning msg="Request Failed" error="Get \"http://nginx/api/admissions/4c7b6abd6d6fc67f62640000e458cc81fd1684310f998593e89c0863c6c6c65b\": request timeout"
time="2026-09-13T02:35:06Z" level=warning msg="Request Failed" error="Get \"http://nginx/api/admissions/6199b4bead1c21860f0514f7adb34362ed42c74eaa107b80d2fbd62f341ae2b6\": request timeout"
time="2026-09-13T02:35:06Z" level=warning msg="Request Failed" error="Get \"http://nginx/api/admissions/6e75f3141325af39825e6f323fae365c225adea8320ed967d771f491aaad5778\": request timeout"
time="2026-09-13T02:35:06Z" level=warning msg="Request Failed" error="Get \"http://nginx/api/admissions/12c649440ee507f26518c600b42d8a9788fc6000f03fc48a09ad701091143019\": request timeout"
time="2026-09-13T02:35:06Z" level=warning msg="Request Failed" error="Get \"http://nginx/api/admissions/7402bf0fb0e8b41393cf0341757224adbac22d247d7ecd4844179d1b23ebc87f\": request timeout"
time="2026-09-13T02:35:06Z" level=warning msg="Request Failed" error="Get \"http://nginx/api/admissions/8dbbc656cecd7fe7276edea7eb7546b3b8ffdf789e436f4d5e93daeb129aa364\": request timeout"
time="2026-09-13T02:35:06Z" level=warning msg="Request Failed" error="Get \"http://nginx/api/admissions/637ee363c5629ced1185c8daf082701a61c6823880e36ad9ad3d399837fe88e9\": request timeout"
time="2026-09-13T02:35:06Z" level=warning msg="Request Failed" error="Get \"http://nginx/api/admissions/d80b16f69bb9f8b6b5c9ce41afe9701787c301376b6d3634ea97fad58a9be7fd\": request timeout"
time="2026-09-13T02:35:06Z" level=warning msg="Request Failed" error="Get \"http://nginx/api/admissions/1adb88573513a358f5ed5474bf87325025bf9aaa6304e6800f5fa8200ce60e23\": request timeout"
time="2026-09-13T02:35:06Z" level=warning msg="Request Failed" error="Get \"http://nginx/api/admissions/619c2c687d583d2f63d7d7eb33cdf69bc41b88fe6766d301ff3484f2dccab90a\": request timeout"
time="2026-09-13T02:35:06Z" level=warning msg="Request Failed" error="Get \"http://nginx/api/admissions/1db7ea59e5f0b9579195782615911f3ad3459640a44798a3c29be3882f5a5385\": request timeout"
time="2026-09-13T02:35:06Z" level=warning msg="Request Failed" error="Get \"http://nginx/api/admissions/a26c1e5fbad50af58019386d8b5c48fe4bf8968bf12d427aa0b6b56d2f75f33c\": request timeout"
time="2026-09-13T02:35:07Z" level=warning msg="Request Failed" error="Get \"http://nginx/api/admissions/aa521c454184df789bee5e28e3e9067cb3f71884dbffd62d4801cc761f50a5a2\": request timeout"
time="2026-09-13T02:35:07Z" level=warning msg="Request Failed" error="Get \"http://nginx/api/admissions/9f9c48cbf951e4fc027b69d5e7a1d6fe0ffdd90347ea2236c015adbaa2e2aeef\": request timeout"
time="2026-09-13T02:35:07Z" level=warning msg="Request Failed" error="Get \"http://nginx/api/admissions/40f65161885183171ff09917f4890bbe5ff2975a75eb9b2f1f36f39a308d3459\": request timeout"
time="2026-09-13T02:35:07Z" level=warning msg="Request Failed" error="Get \"http://nginx/api/admissions/2df7214c6707484d2cdf594e627b3b991a171ef34395cd686313659a7b185be1\": request timeout"
time="2026-09-13T02:35:07Z" level=warning msg="Request Failed" error="Get \"http://nginx/api/admissions/4c85e2e77ba78cff9806b82fe5931092e6c98254e9c1f3ef57566f9cbd7f40c7\": request timeout"
time="2026-09-13T02:35:07Z" level=warning msg="Request Failed" error="Get \"http://nginx/api/admissions/1fb1a5da42ceabd9f860c8fbcc2f0b3cf1433f3da8039892b96f160c6e8e026d\": request timeout"
time="2026-09-13T02:35:07Z" level=warning msg="Request Failed" error="Get \"http://nginx/api/admissions/73a02e5b00567c9ad1950c84ca586227a8f4c2ead97a990efa385bd44717c71c\": request timeout"
time="2026-09-13T02:35:07Z" level=warning msg="Request Failed" error="Get \"http://nginx/api/admissions/009350e047c2bc553b57c44c203528a2b5ed526c29faf82df23c0eab90701fd9\": request timeout"
time="2026-09-13T02:35:07Z" level=warning msg="Request Failed" error="Get \"http://nginx/api/admissions/5ce373fb4305f2cdb6ee4506c0dd43b65dbf5af5d7180d29e74210d6e9c8badd\": request timeout"
time="2026-09-13T02:35:07Z" level=warning msg="Request Failed" error="Get \"http://nginx/api/admissions/4a59c6275020a672cc1fd89c903aa66fb017c51d7719f35e91d0837fc31b274e\": request timeout"
time="2026-09-13T02:35:07Z" level=warning msg="Request Failed" error="Get \"http://nginx/api/admissions/dae242ba0617634587f77f4723c172eab2897167358608a98e25b75c10c98698\": request timeout"
time="2026-09-13T02:35:07Z" level=warning msg="Request Failed" error="Get \"http://nginx/api/admissions/c97dbd1b62d8aba0e7b831d007b89f0b073533fde8aed5090bcdea2e81449557\": request timeout"
time="2026-09-13T02:35:07Z" level=warning msg="Request Failed" error="Get \"http://nginx/api/admissions/7265b1b34199a46fd75ca9c2fda395999c692b8daa427d3973b997e6c64907d4\": request timeout"
time="2026-09-13T02:35:07Z" level=warning msg="Request Failed" error="Get \"http://nginx/api/admissions/dbfb11202deed12c2ff4cb06f948495484706523db22ac58899c8873bcb4641e\": request timeout"
time="2026-09-13T02:35:07Z" level=warning msg="Request Failed" error="Get \"http://nginx/api/admissions/ba30b2658d67ff698ef55bbf98f448c77598b945814e24f99e59fe250708351e\": request timeout"
time="2026-09-13T02:35:07Z" level=warning msg="Request Failed" error="Get \"http://nginx/api/admissions/14cb33dd191dc5e9ddcd74399589308c269f11a118c7a26691f98769a47d7503\": request timeout"
time="2026-09-13T02:35:07Z" level=warning msg="Request Failed" error="Get \"http://nginx/api/admissions/dee1d4cae66c8460076cd76ad92c1091ac11c875089ee2ad603476982c1c53c0\": request timeout"
time="2026-09-13T02:35:07Z" level=warning msg="Request Failed" error="Get \"http://nginx/api/admissions/041e41397e2cd0c60b310aee621a28e4ae4a8f7f1763ec9511dfed04bb280ff0\": request timeout"
time="2026-09-13T02:35:07Z" level=warning msg="Request Failed" error="Get \"http://nginx/api/admissions/922e9664cd2f0cbcf670d1a3e6288efacf72c71e5761bab5726ff524bc147efb\": request timeout"
time="2026-09-13T02:35:07Z" level=warning msg="Request Failed" error="Get \"http://nginx/api/admissions/807f6c06aaf00000517ed9eae5d617e34aab940a368341716af1314ca6cd95f1\": request timeout"
time="2026-09-13T02:35:07Z" level=warning msg="Request Failed" error="Get \"http://nginx/api/admissions/154a2c976418bf73d1f96fbecfd614d2ca6a0ce2e46f9b0c67695cf79be381b9\": request timeout"
time="2026-09-13T02:35:07Z" level=warning msg="Request Failed" error="Get \"http://nginx/api/admissions/2a5c1b8f3ef907c2f97aa7dfe515e7277a58e9d05ee624c55faf0e8fbcf03aca\": request timeout"
time="2026-09-13T02:35:07Z" level=warning msg="Request Failed" error="Get \"http://nginx/api/admissions/360473bde313ebc2a2175f5c9a4241d612d7f263cb0f67d38a061d815a16742a\": request timeout"
time="2026-09-13T02:35:07Z" level=warning msg="Request Failed" error="Get \"http://nginx/api/admissions/07be8324496722a61e1d881714efae742172150e4a1c2018f06d5bfafa12c54b\": request timeout"
time="2026-09-13T02:35:07Z" level=warning msg="Request Failed" error="Get \"http://nginx/api/admissions/29770992c6781e4815da4aec2e8d82af52d4425e9f9d504dc84566bba220dccd\": request timeout"

running (3m44.9s), 00875/02018 VUs, 3242 complete and 0 interrupted iterations
browsers ??[ 100% ] 02018/02018 VUs  1m0s  100.00 iters/s
time="2026-09-13T02:35:07Z" level=warning msg="Request Failed" error="Get \"http://nginx/api/admissions/875b9fe37ec9e745ddaab6ee9212b61a2419f2239cb5ee4c0d0f77abbe2f9a11\": request timeout"
time="2026-09-13T02:35:07Z" level=warning msg="Request Failed" error="Get \"http://nginx/api/admissions/26d57036144e62c38f9117263779bebfebed521de449dfc27ac689a1ba22323d\": request timeout"
time="2026-09-13T02:35:07Z" level=warning msg="Request Failed" error="Get \"http://nginx/api/admissions/4316ff384554b933e021a3c1a9f0fca3bf09b72a05072f7e85dae629d9694a76\": request timeout"
time="2026-09-13T02:35:07Z" level=warning msg="Request Failed" error="Get \"http://nginx/api/admissions/e7081561cd79d2f83e657f28867535901e09578f6b9b2b42a2185d43312def3e\": request timeout"
time="2026-09-13T02:35:07Z" level=warning msg="Request Failed" error="Get \"http://nginx/api/admissions/7ecb0a480a668732f48167b4f034524c410245ecf91b9c59be05d6f346991b7b\": request timeout"
time="2026-09-13T02:35:07Z" level=warning msg="Request Failed" error="Get \"http://nginx/api/admissions/9d07143f0fb8b0b422d9a2e1f17efbf253e720710fe38acce13d28b53e02d505\": request timeout"
time="2026-09-13T02:35:07Z" level=warning msg="Request Failed" error="Get \"http://nginx/api/admissions/56d1971b15534a1974a6f48532bbc1f998cd7032754482c537cdac4d37721353\": request timeout"
time="2026-09-13T02:35:07Z" level=warning msg="Request Failed" error="Get \"http://nginx/api/admissions/c1fd65298accf7f993ef7720c80dd587778873b14eed9774d28fb908b8aefd20\": request timeout"
time="2026-09-13T02:35:07Z" level=warning msg="Request Failed" error="Get \"http://nginx/api/admissions/990a5c272884b8f77e2f23388bfc1cae372f7c2e9ce0c61abddefe1eeff6368e\": request timeout"
time="2026-09-13T02:35:07Z" level=warning msg="Request Failed" error="Get \"http://nginx/api/admissions/af659a32d5485eb17f917c36167e6376ba9565dae230a84d0089e65c5c44e290\": request timeout"
time="2026-09-13T02:35:07Z" level=warning msg="Request Failed" error="Get \"http://nginx/api/admissions/df15c85552b3128dd147f81710f0d41753bdac631913d920bd5946c2a9d41a78\": request timeout"
time="2026-09-13T02:35:07Z" level=warning msg="Request Failed" error="Get \"http://nginx/api/admissions/1edace211fa86c5e2f9583c237e58c43985a6f9843fec6d87b0fc9895b0c24ea\": request timeout"
time="2026-09-13T02:35:07Z" level=warning msg="Request Failed" error="Get \"http://nginx/api/admissions/96298e8257ba6a88a068e90e774bfb51a5d29ee1d245256ad0d3ad62d932e693\": request timeout"
time="2026-09-13T02:35:07Z" level=warning msg="Request Failed" error="Get \"http://nginx/api/admissions/2901a27048103174e9c55ff49d1c3696c872388628d4b41958f21dca8edeaaaa\": request timeout"
time="2026-09-13T02:35:07Z" level=warning msg="Request Failed" error="Get \"http://nginx/api/admissions/8689944b4f88981a850654deb0cabcba34093be141b999e6f8285e983bbe6db6\": request timeout"
time="2026-09-13T02:35:07Z" level=warning msg="Request Failed" error="Get \"http://nginx/api/admissions/c1d3252a2efb7e195e9239ecdce48cc69c83306439118743a3b3273b3f2c5f78\": request timeout"
time="2026-09-13T02:35:07Z" level=warning msg="Request Failed" error="Get \"http://nginx/api/admissions/c15a192050145a9f8bf87dc492bd7c87ce55effdd6d02d7c3fa54a7fc4db076a\": request timeout"
time="2026-09-13T02:35:07Z" level=warning msg="Request Failed" error="Get \"http://nginx/api/admissions/8e982e05b9cb823db0a1644d0629bbf5f2f8fdc8f4b304407086d70a28312503\": request timeout"
time="2026-09-13T02:35:07Z" level=warning msg="Request Failed" error="Get \"http://nginx/api/admissions/55b14f40d1b4e7104a1377d742fa095a0bb99da02dc4f03bcb5a5f79232b90b9\": request timeout"
time="2026-09-13T02:35:07Z" level=warning msg="Request Failed" error="Get \"http://nginx/api/admissions/fc5b139fedef9d51b64875d9f7f8408b4ac74b650b6c274f53c868656bf61a55\": request timeout"
time="2026-09-13T02:35:07Z" level=warning msg="Request Failed" error="Get \"http://nginx/api/admissions/f0e337a60e1aa51960f7baf2c7c0a5ee5064edc7db156a9b6fa914c9e6157933\": request timeout"
time="2026-09-13T02:35:07Z" level=warning msg="Request Failed" error="Get \"http://nginx/api/admissions/a53143c285a0f3b73469b11728f897f704c39a2aabfab465ae791567ecf4155d\": request timeout"
time="2026-09-13T02:35:07Z" level=warning msg="Request Failed" error="Get \"http://nginx/api/admissions/4c4774c8c0cfc76a7866eb5329e5b7b4e5bdd65836192c648c7d4b73dac546d6\": request timeout"
time="2026-09-13T02:35:07Z" level=warning msg="Request Failed" error="Get \"http://nginx/api/admissions/c2598342d6ce3578b40eb2d8d65f6c135d7587c29038945f22769995cf749489\": request timeout"
time="2026-09-13T02:35:07Z" level=warning msg="Request Failed" error="Get \"http://nginx/api/admissions/698a2e43eb43f4a246260fa644eea5d871d1d1f0d9120aca4875eb1d87c68975\": request timeout"
time="2026-09-13T02:35:07Z" level=warning msg="Request Failed" error="Get \"http://nginx/api/admissions/8474455660c01e668baee80861c9d171e564d3a7d83167eec980d43574cb1310\": request timeout"
time="2026-09-13T02:35:07Z" level=warning msg="Request Failed" error="Get \"http://nginx/api/admissions/11d78f260ea2299d211b38ce2328cae28374045d9319c8d49f18de072206c8b7\": request timeout"
time="2026-09-13T02:35:07Z" level=warning msg="Request Failed" error="Get \"http://nginx/api/admissions/6b8fef48eb9a92194a3f464bc2f9986165115e9e7eb1d8fa0d33d49d509b081f\": request timeout"
time="2026-09-13T02:35:07Z" level=warning msg="Request Failed" error="Get \"http://nginx/api/admissions/41ab44013519ccbfb3502425a14198fe71467e2b1c75c0c5ab654f0142d993d1\": request timeout"
time="2026-09-13T02:35:07Z" level=warning msg="Request Failed" error="Get \"http://nginx/api/admissions/e4ae74f04f9790115c6ca7a9c53029904fa1d2c9a28656c4c247ebcac77a685a\": request timeout"
time="2026-09-13T02:35:07Z" level=warning msg="Request Failed" error="Get \"http://nginx/api/admissions/c790137c8cb72e7563aaead6e0615a52bb77b70d799fb3c287163652cdc808ce\": request timeout"
time="2026-09-13T02:35:07Z" level=warning msg="Request Failed" error="Get \"http://nginx/api/admissions/c348bf87b8334cb40e710fb93aa2d977283a92c472fb6c2c61a54e9481bd1df8\": request timeout"
time="2026-09-13T02:35:07Z" level=warning msg="Request Failed" error="Get \"http://nginx/api/admissions/c7f1ea71239a984edf33b48ee865d9354430a918fc36b5b2a1e3802da4a82b59\": request timeout"
time="2026-09-13T02:35:07Z" level=warning msg="Request Failed" error="Get \"http://nginx/api/admissions/1df10aee0c60512b03c58dee71321c50eef3e1e202375944127ee24c41b4bd33\": request timeout"
time="2026-09-13T02:35:07Z" level=warning msg="Request Failed" error="Get \"http://nginx/api/admissions/968df357e428824370c0c08041efbce76233ef40cb97253df729516a8bc7d947\": request timeout"
time="2026-09-13T02:35:07Z" level=warning msg="Request Failed" error="Get \"http://nginx/api/admissions/b61dfe9762dd66185ca77c1e0fb474c52e7f4d548544c11334d391be6bfe5011\": request timeout"
time="2026-09-13T02:35:07Z" level=warning msg="Request Failed" error="Get \"http://nginx/api/admissions/a1d709a7a2efd2890dd29985dc53f21411a6563036ae2c4d778d742bf9de7d2d\": request timeout"
time="2026-09-13T02:35:07Z" level=warning msg="Request Failed" error="Get \"http://nginx/api/admissions/38671617eafdb7b4429753bb16a35d11c982d8e0d65b936a1093837eb3e74d7b\": request timeout"
time="2026-09-13T02:35:07Z" level=warning msg="Request Failed" error="Get \"http://nginx/api/admissions/8c3f601c98c40e06cceafa0922c68134d4b34c3527a9f934fda12f9a2b5957f6\": request timeout"
time="2026-09-13T02:35:07Z" level=warning msg="Request Failed" error="Get \"http://nginx/api/admissions/99fa78a74099e9d597b0910c28a30dbce12af42dc85f18519615d2ed1d317e4c\": request timeout"
time="2026-09-13T02:35:07Z" level=warning msg="Request Failed" error="Get \"http://nginx/api/admissions/e931ee046de0396da6656b4b4d4eed05b5d1b4022dcf0d683a02dcedb7493436\": request timeout"
time="2026-09-13T02:35:07Z" level=warning msg="Request Failed" error="Get \"http://nginx/api/admissions/1617774fea4082253673f0ccdb75590ce9f160303409d2fbcf219fe5f8a8b76d\": request timeout"
time="2026-09-13T02:35:07Z" level=warning msg="Request Failed" error="Get \"http://nginx/api/admissions/33d3e4c3de3896b9693b8e13dbbb04b2430f86f0e2fba533f6ca7dea279e87a3\": request timeout"
time="2026-09-13T02:35:07Z" level=warning msg="Request Failed" error="Get \"http://nginx/api/admissions/13839806e042819a8605aeccd4c4b5c48c780904126880f001faf82fad33e437\": request timeout"
time="2026-09-13T02:35:07Z" level=warning msg="Request Failed" error="Get \"http://nginx/api/admissions/3109b5d8645a367903f6cb1b5edd93b77dc4febf12a5ae8e7635fe5d6934a656\": request timeout"
time="2026-09-13T02:35:07Z" level=warning msg="Request Failed" error="Get \"http://nginx/api/admissions/b7986cb1a108ead96f63f1bfe39efed4fecd41c766913f40c5d47c1a5fdab807\": request timeout"
time="2026-09-13T02:35:07Z" level=warning msg="Request Failed" error="Get \"http://nginx/api/admissions/73a2e46ccb5cf0daba94c6bc1590c9b6630c01ef2dd9b1768e8c3c183c3cc447\": request timeout"
time="2026-09-13T02:35:07Z" level=warning msg="Request Failed" error="Get \"http://nginx/api/admissions/55a1ff649b5c88bbb115de3534612217493f9e56de2f904582e28da178b0e8f6\": request timeout"
time="2026-09-13T02:35:07Z" level=warning msg="Request Failed" error="Get \"http://nginx/api/admissions/c4d2cf22871a1b21e7ceddd05bf8358bf535003b927fc64b8bcf4df821d801a2\": request timeout"
time="2026-09-13T02:35:07Z" level=warning msg="Request Failed" error="Get \"http://nginx/api/admissions/8ff894fc59053626568dd67fcc3ea499048970725eadf2ed09a22e49f514c059\": request timeout"
time="2026-09-13T02:35:07Z" level=warning msg="Request Failed" error="Get \"http://nginx/api/admissions/0252d58c80981ad7ccae5b4e9b1e08e7ad5fd8cb759cea02b7a6033afd8541b7\": request timeout"
time="2026-09-13T02:35:07Z" level=warning msg="Request Failed" error="Get \"http://nginx/api/admissions/e46bc7cc5c4391d36788254f85d6cfec461663d275a968e876f13a38afd1950c\": request timeout"
time="2026-09-13T02:35:07Z" level=warning msg="Request Failed" error="Get \"http://nginx/api/admissions/caec5f6c0c11bff3a8b8f1a3f8c971708bf92bdf730a3467453d3128aebf3c47\": request timeout"
time="2026-09-13T02:35:08Z" level=warning msg="Request Failed" error="Get \"http://nginx/api/admissions/3ed0c1dc1c037f081ea1889ef68e472230fbe3162db72e1bf1e836b2ad7d4d26\": request timeout"
time="2026-09-13T02:35:08Z" level=warning msg="Request Failed" error="Get \"http://nginx/api/admissions/155733c1e84ed8ba8e991299f513d3c9981516a68db3af6668da98132008efb0\": request timeout"
time="2026-09-13T02:35:08Z" level=warning msg="Request Failed" error="Get \"http://nginx/api/admissions/eba5bac4b118ba7117d03a9679d6a39589ad6999531a15e0b14c4fab72aa6c3b\": request timeout"
time="2026-09-13T02:35:08Z" level=warning msg="Request Failed" error="Get \"http://nginx/api/admissions/3c6a1ad0c52d1f2231b4c14a27aa2e00761aa6eb7f05de9cb45a02a6ceed3962\": request timeout"
time="2026-09-13T02:35:08Z" level=warning msg="Request Failed" error="Get \"http://nginx/api/admissions/de05cbad16dd3869bda9d44dabb0d0b7e674091437ea53641628745e7b7e72bc\": request timeout"
time="2026-09-13T02:35:08Z" level=warning msg="Request Failed" error="Get \"http://nginx/api/admissions/57c7eb04d7b7586d18d87fb914bd2479dc4e253de11352a2f7e26fc2881553f9\": request timeout"
time="2026-09-13T02:35:08Z" level=warning msg="Request Failed" error="Get \"http://nginx/api/admissions/7531906fa1023e43c11ec9c27716178f8bc509fdddc87bf12d6c2501e8aed11e\": request timeout"
time="2026-09-13T02:35:08Z" level=warning msg="Request Failed" error="Get \"http://nginx/api/admissions/72f9cf1e0ac287568947270a96d2dd05ef135bb2edad19b300ba616a17710dd7\": request timeout"
time="2026-09-13T02:35:08Z" level=warning msg="Request Failed" error="Get \"http://nginx/api/admissions/32a8f9832753bc51a0c2bf7dd060429c831f3101e50236c42d22325880ca4ca1\": request timeout"
time="2026-09-13T02:35:08Z" level=warning msg="Request Failed" error="Get \"http://nginx/api/admissions/42bfd0719f8efd7982b2da3b725ea2089602be5efc9443fc08e2df4f95bb3ca5\": request timeout"
time="2026-09-13T02:35:08Z" level=warning msg="Request Failed" error="Get \"http://nginx/api/admissions/b4d0d810e2e070bae48dae1d9d6f2d4e5ec48b3539023c40809c001b1d12f5f3\": request timeout"
time="2026-09-13T02:35:08Z" level=warning msg="Request Failed" error="Get \"http://nginx/api/admissions/fb2f5b515d584313c189d45e23a98af9c604b7a9e48e2ecdc49572bb47fd7aa0\": request timeout"
time="2026-09-13T02:35:08Z" level=warning msg="Request Failed" error="Get \"http://nginx/api/admissions/b01ab1b5ded38c7c89e40140095a851194302ce1caf75779489691d8c888fb7a\": request timeout"
time="2026-09-13T02:35:08Z" level=warning msg="Request Failed" error="Get \"http://nginx/api/admissions/8acbce19f66130d779a56c698996a7e0a012416b3f9727eab74f3727c2c0a91d\": request timeout"
time="2026-09-13T02:35:08Z" level=warning msg="Request Failed" error="Get \"http://nginx/api/admissions/68b942d3492e55d49801b63c1a876b26763caaca70cf6dcdb99c511d5433c0f5\": request timeout"
time="2026-09-13T02:35:08Z" level=warning msg="Request Failed" error="Get \"http://nginx/api/admissions/c05b861bed76a6f6a0475a71e2c961fbf9ae468e36283ea37b29b2d7d2bd878c\": request timeout"
time="2026-09-13T02:35:08Z" level=warning msg="Request Failed" error="Get \"http://nginx/api/admissions/c93eabf9fd9027f0461dbac91cdb5448fe6afa7953161bd44616ce873128dd5d\": request timeout"
time="2026-09-13T02:35:08Z" level=warning msg="Request Failed" error="Get \"http://nginx/api/admissions/bf7438701b1825ad561795700d5e3fb51224278a89cd59fae312e284cadf0e64\": request timeout"

running (3m45.9s), 00812/02018 VUs, 3305 complete and 0 interrupted iterations
browsers ??[ 100% ] 02018/02018 VUs  1m0s  100.00 iters/s
time="2026-09-13T02:35:08Z" level=warning msg="Request Failed" error="Get \"http://nginx/api/admissions/b956cc46a9310aa9c3ead251aa71acf8fbbdca9504e4d95b33ad6b2ab1324195\": request timeout"
time="2026-09-13T02:35:08Z" level=warning msg="Request Failed" error="Get \"http://nginx/api/admissions/5a47e26a478fdff618fbf3083b6fb35660c5d060a00f8dd1b96f862964993af3\": request timeout"
time="2026-09-13T02:35:08Z" level=warning msg="Request Failed" error="Get \"http://nginx/api/admissions/c4ffd9c140d12dc88e98ce473902471808ca8199794686a4c592b13d286d5e6a\": request timeout"
time="2026-09-13T02:35:08Z" level=warning msg="Request Failed" error="Get \"http://nginx/api/admissions/6d0c2c2dde2d7c5406c4d41fe5800dce722c8f05f9cb54298d923165eaa0f9dd\": request timeout"
time="2026-09-13T02:35:08Z" level=warning msg="Request Failed" error="Get \"http://nginx/api/admissions/c367cc7a4d017bb6b0d07362c1abad9138336052606bc8366d8d9b54598b1dae\": request timeout"
time="2026-09-13T02:35:08Z" level=warning msg="Request Failed" error="Get \"http://nginx/api/admissions/025ed124fb584d021f3a370d11a53e4b00e6b8467c6361dd59ce404c600f2464\": request timeout"
time="2026-09-13T02:35:08Z" level=warning msg="Request Failed" error="Get \"http://nginx/api/admissions/1bfff9c3cc454fb02902bb26e013442e31a04dfcf47c4e2410d564a26b53948a\": request timeout"
time="2026-09-13T02:35:08Z" level=warning msg="Request Failed" error="Get \"http://nginx/api/admissions/74f7bdff2e30e14982b484c59c446fb418a0d1696831a1c8aed0712411c9410e\": request timeout"
time="2026-09-13T02:35:08Z" level=warning msg="Request Failed" error="Get \"http://nginx/api/admissions/42a42cb77525fd7fe4b7a48abb48586a41802d6a56af4ceebdb7ce19c84481d6\": request timeout"
time="2026-09-13T02:35:08Z" level=warning msg="Request Failed" error="Get \"http://nginx/api/admissions/382d18018292607c8e96642e46688c6ce6bf6da63b7db75e07c23bac0244ca40\": request timeout"
time="2026-09-13T02:35:08Z" level=warning msg="Request Failed" error="Get \"http://nginx/api/admissions/a0d44df4ae26e3527446f7b8b1a8701a6c5b84274bd26efac501068784f56300\": request timeout"
time="2026-09-13T02:35:08Z" level=warning msg="Request Failed" error="Get \"http://nginx/api/admissions/0a2c0fb991613430f852bec1550660e3e2cb742e4eaa838e70b47021e8fa75a9\": request timeout"
time="2026-09-13T02:35:08Z" level=warning msg="Request Failed" error="Get \"http://nginx/api/admissions/a718d320d7d546fc07f9dc9c4d6fdcf1bcc136942dac2a2a582fdf592907986e\": request timeout"
time="2026-09-13T02:35:08Z" level=warning msg="Request Failed" error="Get \"http://nginx/api/admissions/89a946e36990a70de3bf9f78130631a15e29a6c9bdadd42a65ae38ecce337065\": request timeout"
time="2026-09-13T02:35:08Z" level=warning msg="Request Failed" error="Get \"http://nginx/api/admissions/e4fb3601e5d27586148949c8a94bd0639c988df15a180dc25977c05dc1429a8a\": request timeout"
time="2026-09-13T02:35:08Z" level=warning msg="Request Failed" error="Get \"http://nginx/api/admissions/7bf66b4045974322cb03112606aca35e46f0531a549dc2e267164298141ec29f\": request timeout"
time="2026-09-13T02:35:08Z" level=warning msg="Request Failed" error="Get \"http://nginx/api/admissions/dd1a9f640f56b867e75c64581e521e13744006b60079717f10b0ac7269ec879f\": request timeout"
time="2026-09-13T02:35:08Z" level=warning msg="Request Failed" error="Get \"http://nginx/api/admissions/8a542b0c071d48a0e435419a2356339a1c3fa12f1de8f63b7e73c05c28beb104\": request timeout"
time="2026-09-13T02:35:08Z" level=warning msg="Request Failed" error="Get \"http://nginx/api/admissions/eea8eaf5da83843070ab21186cabccbb974a0fcf4f3a352bd350a337a5ce3e52\": request timeout"
time="2026-09-13T02:35:08Z" level=warning msg="Request Failed" error="Get \"http://nginx/api/admissions/742c9ec8db96760dc3781ea05c9849733cfb86b243963e73badf886e4ed569ab\": request timeout"
time="2026-09-13T02:35:08Z" level=warning msg="Request Failed" error="Get \"http://nginx/api/admissions/dbeba573eb2eea47d61a81cbbeb5b7dfda5024c886179449cc873e6adb6d591d\": request timeout"
time="2026-09-13T02:35:08Z" level=warning msg="Request Failed" error="Get \"http://nginx/api/admissions/7ed4ca5944c850aa8eb27ab5b683b081530b9bb9e0933bdac1fa7da1d86dda90\": request timeout"
time="2026-09-13T02:35:08Z" level=warning msg="Request Failed" error="Get \"http://nginx/api/admissions/6410d30ec89edd0fb39a43966ea9e2fef71ad17131a94400622411323d1f031a\": request timeout"
time="2026-09-13T02:35:08Z" level=warning msg="Request Failed" error="Get \"http://nginx/api/admissions/5baa3e4374229557385bba6b944c1546a0cf8a8ef238a1192e51430ae9bc3ca8\": request timeout"
time="2026-09-13T02:35:08Z" level=warning msg="Request Failed" error="Get \"http://nginx/api/admissions/6d94bdc5f6d1c90262c6dc70fe7fbd0fefcdd7c97310d29468721adebfb642da\": request timeout"
time="2026-09-13T02:35:08Z" level=warning msg="Request Failed" error="Get \"http://nginx/api/admissions/e7a08f5590ccc507ecdda496f3122b2b3b748f3bd1af9e5feddc645396fd9412\": request timeout"
time="2026-09-13T02:35:08Z" level=warning msg="Request Failed" error="Get \"http://nginx/api/admissions/74aa8828e8acd69c2410c18318f6ef5b4941e2449562e79d20fc0035832cb089\": request timeout"
time="2026-09-13T02:35:08Z" level=warning msg="Request Failed" error="Get \"http://nginx/api/admissions/1b6e15c5597a125e387ee7f9fc95b52daf9de320f79729e853073ba0ed6c5038\": request timeout"
time="2026-09-13T02:35:08Z" level=warning msg="Request Failed" error="Get \"http://nginx/api/admissions/9d6f9317d7886290e23c37a491487b392f1ee4c29b4ccf5da5444a570dd70dd7\": request timeout"
time="2026-09-13T02:35:08Z" level=warning msg="Request Failed" error="Get \"http://nginx/api/admissions/d984e503a7556392644afd92bbc51df6ca12236350e9af032cc8db34304f0796\": request timeout"
time="2026-09-13T02:35:08Z" level=warning msg="Request Failed" error="Get \"http://nginx/api/admissions/de31432a15fba144709191f9b76aac6777c45f8a6da118fe28d95fc9216159c3\": request timeout"
time="2026-09-13T02:35:08Z" level=warning msg="Request Failed" error="Get \"http://nginx/api/admissions/310f0117271c5ef87d9764ca8d9e5ff6e41c1e24812f15c42d02af78753d6a18\": request timeout"
time="2026-09-13T02:35:08Z" level=warning msg="Request Failed" error="Get \"http://nginx/api/admissions/bc242081e6bb59d793a0f2aa840279c698b753375c1e054546f8ccb91594bea1\": request timeout"
time="2026-09-13T02:35:09Z" level=warning msg="Request Failed" error="Get \"http://nginx/api/admissions/b554dc24efe4cb362d2c860b2e51a62d154a269ede2930f6646ed42bbc47f716\": request timeout"
time="2026-09-13T02:35:09Z" level=warning msg="Request Failed" error="Get \"http://nginx/api/admissions/8f9e88eaaa6c883d8372411b00e3bb40b50615ec56e14697c6905375d2120961\": request timeout"
time="2026-09-13T02:35:09Z" level=warning msg="Request Failed" error="Get \"http://nginx/api/admissions/beb864e53e5bc3d32572d1013a63ff046defb9d25925b6f4166dcec84d713f36\": request timeout"
time="2026-09-13T02:35:09Z" level=warning msg="Request Failed" error="Get \"http://nginx/api/admissions/cc5055316c1773541f88cb3e4a3853ecf8972a1156d303f3b08ec54939d85595\": request timeout"
time="2026-09-13T02:35:09Z" level=warning msg="Request Failed" error="Get \"http://nginx/api/admissions/d3c39483eb35d055c65e2ee9f8f846c5172bf3c6c34504292de636dab11ac08c\": request timeout"
time="2026-09-13T02:35:09Z" level=warning msg="Request Failed" error="Get \"http://nginx/api/admissions/0b5cbcabf2afe4d33a908d6a86a20c1f760dddf7b4e8feb2faf940d20c983a50\": request timeout"

running (3m46.9s), 00735/02018 VUs, 3382 complete and 0 interrupted iterations
browsers ??[ 100% ] 02018/02018 VUs  1m0s  100.00 iters/s
time="2026-09-13T02:35:09Z" level=warning msg="Request Failed" error="Get \"http://nginx/api/admissions/02e26d848b7dab2b3064527aa8c83036dc9cf37c0ee005da45388eb3b14d89ff\": request timeout"
time="2026-09-13T02:35:09Z" level=warning msg="Request Failed" error="Get \"http://nginx/api/admissions/a1490c367e665ac72aecf35be3ea8f9bf78828b721c157335cd32afc9dc5b478\": request timeout"
time="2026-09-13T02:35:09Z" level=warning msg="Request Failed" error="Get \"http://nginx/api/admissions/5a9672f2b0cc58a4b1e2dadf1c2ee923e63ef87d98b514d0f9999617fc2d217d\": request timeout"
time="2026-09-13T02:35:09Z" level=warning msg="Request Failed" error="Get \"http://nginx/api/admissions/b1c93252e26ad4ae73fbf7fc4f3e1f98e2b4aeb3af5e482801d93c5bc2af9d65\": request timeout"
time="2026-09-13T02:35:09Z" level=warning msg="Request Failed" error="Get \"http://nginx/api/admissions/d15b0940147e55a94eebb0acc4a1adda8321fd6f28ca40826fe685c449db7db6\": request timeout"
time="2026-09-13T02:35:09Z" level=warning msg="Request Failed" error="Get \"http://nginx/api/admissions/922a36acd2fed221bce893f8a9baa7e8470dc310832fa96b8a8450cda903a028\": request timeout"
time="2026-09-13T02:35:09Z" level=warning msg="Request Failed" error="Get \"http://nginx/api/admissions/60c09c3bda3dc959a0f67d3fb0a3a268f98f47f288bf793ecfa08b26dcb6821a\": request timeout"
time="2026-09-13T02:35:09Z" level=warning msg="Request Failed" error="Get \"http://nginx/api/admissions/f7380591541f5729e47906dfac3211a4d8df9bffde31a9344fe964b410449749\": request timeout"
time="2026-09-13T02:35:09Z" level=warning msg="Request Failed" error="Get \"http://nginx/api/admissions/61fac3c39545d4f1a3940fb6f9c1d253560e99d0454312a0d731b28d61613ac3\": request timeout"
time="2026-09-13T02:35:09Z" level=warning msg="Request Failed" error="Get \"http://nginx/api/admissions/9b9fcd399503321e5c038ee6a9b517bfcb3a822369b4bb0dae929f5c5565d7b2\": request timeout"
time="2026-09-13T02:35:09Z" level=warning msg="Request Failed" error="Get \"http://nginx/api/admissions/078406d458096db2de9cbd693211b095cdd53e3fd467758310bebb41c77773db\": request timeout"
time="2026-09-13T02:35:09Z" level=warning msg="Request Failed" error="Get \"http://nginx/api/admissions/4b6e351226aba9475200f7e09aec3ce9d030777df0210342e9d18370163d4b2e\": request timeout"
time="2026-09-13T02:35:09Z" level=warning msg="Request Failed" error="Get \"http://nginx/api/admissions/d1813588be7d8175dfa69a03f34c8e1daf086b285a0595deb0979c752ddeb714\": request timeout"
time="2026-09-13T02:35:09Z" level=warning msg="Request Failed" error="Get \"http://nginx/api/admissions/2fa70db962441ab846879cbd27f30e11df92ef1b29705f248e0e3507b6ccb3d0\": request timeout"
time="2026-09-13T02:35:10Z" level=warning msg="Request Failed" error="Get \"http://nginx/api/admissions/2f4279666150afdcbefb44e80d5b744380f23e319b4def7b9a2802b32d8ad296\": request timeout"
time="2026-09-13T02:35:10Z" level=warning msg="Request Failed" error="Get \"http://nginx/api/admissions/0bd24f7703607158ec3915c15ff61a9c92c53abf536d8b8ff211f6157c5b36a7\": request timeout"
time="2026-09-13T02:35:10Z" level=warning msg="Request Failed" error="Get \"http://nginx/api/admissions/14454969185e6d22e1a4dbec630d7c7c9c73e8bcdafae6cbbb0d4a8a04d4c4d5\": request timeout"

running (3m47.9s), 00645/02018 VUs, 3472 complete and 0 interrupted iterations
browsers ??[ 100% ] 02018/02018 VUs  1m0s  100.00 iters/s

running (3m48.9s), 00577/02018 VUs, 3540 complete and 0 interrupted iterations
browsers ??[ 100% ] 02018/02018 VUs  1m0s  100.00 iters/s

running (3m49.9s), 00525/02018 VUs, 3592 complete and 0 interrupted iterations
browsers ??[ 100% ] 02018/02018 VUs  1m0s  100.00 iters/s

running (3m50.9s), 00470/02018 VUs, 3647 complete and 0 interrupted iterations
browsers ??[ 100% ] 02018/02018 VUs  1m0s  100.00 iters/s

running (3m51.9s), 00441/02018 VUs, 3676 complete and 0 interrupted iterations
browsers ??[ 100% ] 02018/02018 VUs  1m0s  100.00 iters/s

running (3m52.9s), 00422/02018 VUs, 3695 complete and 0 interrupted iterations
browsers ??[ 100% ] 02018/02018 VUs  1m0s  100.00 iters/s

running (3m53.9s), 00399/02018 VUs, 3718 complete and 0 interrupted iterations
browsers ??[ 100% ] 02018/02018 VUs  1m0s  100.00 iters/s

running (3m54.9s), 00348/02018 VUs, 3769 complete and 0 interrupted iterations
browsers ??[ 100% ] 02018/02018 VUs  1m0s  100.00 iters/s

running (3m55.9s), 00287/02018 VUs, 3830 complete and 0 interrupted iterations
browsers ??[ 100% ] 02018/02018 VUs  1m0s  100.00 iters/s

running (3m56.9s), 00191/02018 VUs, 3926 complete and 0 interrupted iterations
browsers ??[ 100% ] 02018/02018 VUs  1m0s  100.00 iters/s

running (3m57.9s), 00101/02018 VUs, 4016 complete and 0 interrupted iterations
browsers ??[ 100% ] 02018/02018 VUs  1m0s  100.00 iters/s

running (3m58.9s), 00054/02018 VUs, 4063 complete and 0 interrupted iterations
browsers ??[ 100% ] 02018/02018 VUs  1m0s  100.00 iters/s

running (3m59.9s), 00018/02018 VUs, 4099 complete and 0 interrupted iterations
browsers ??[ 100% ] 02018/02018 VUs  1m0s  100.00 iters/s

running (4m00.9s), 00001/02018 VUs, 4116 complete and 0 interrupted iterations
browsers ??[ 100% ] 02018/02018 VUs  1m0s  100.00 iters/s

running (4m01.0s), 00000/02018 VUs, 4117 complete and 0 interrupted iterations
browsers ??[ 100% ] 00000/02018 VUs  1m0s  100.00 iters/s
time="2026-09-13T02:35:23Z" level=error msg="thresholds on metrics 'dropped_iterations, target_latency{endpoint:waiting_join}, target_latency{endpoint:waiting_poll}, target_unexpected, target_unexpected{endpoint:waiting_join}, target_unexpected{endpoint:waiting_poll}' have been crossed"
